Ticker,Predicted PE (Cluster),PE Difference (Cluster),Valuation Signal (Cluster),Cluster R²,Cluster Adj R²,Cluster F p-value,Cluster Residual SE,Source Cluster,Sector,PE Ratio (Current),EPS Growth (ROE x Retention),Beta,Payout Ratio,Predicted PE (Index),PE Difference (Index),Valuation Signal (Index),Index R²,Index Adj R²,Index F p-value,Index Residual SE,Combined Signal
ABT,22.17,3.34,Fairly Valued,0.1968,0.1659,0.0006,6.5871,cluster_0,Health Care,25.509803921568626,0.0404185117556001,0.62,0.67230004,23.99,1.52,Fairly Valued,0.1692,0.1626,0.0,13.5375,Fairly Valued
AFL,19.81,-6.3,Fairly Valued,0.1968,0.1659,0.0006,6.5871,cluster_0,Financials,13.513142857142856,0.1204542627062,0.61,0.26860002,22.36,-8.85,Fairly Valued,0.1692,0.1626,0.0,13.5375,Fairly Valued
APD,22.78,6.97,Overvalued,0.1968,0.1659,0.0006,6.5871,cluster_0,Materials,29.75237091675448,0.0300672019999999,0.747,0.7566,25.96,3.79,Fairly Valued,0.1692,0.1626,0.0,13.5375,Conflicting
LNT,22.09,0.83,Fairly Valued,0.1968,0.1659,0.0006,6.5871,cluster_0,Utilities,22.91509433962264,0.0399313662898001,0.552,0.64699996,23.02,-0.1,Fairly Valued,0.1692,0.1626,0.0,13.5375,Fairly Valued
AEE,21.28,-1.63,Fairly Valued,0.1968,0.1659,0.0006,6.5871,cluster_0,Utilities,19.652877697841728,0.0566205380719999,0.49,0.518,21.75,-2.1,Fairly Valued,0.1692,0.1626,0.0,13.5375,Fairly Valued
AEP,21.44,-2.31,Fairly Valued,0.1968,0.1659,0.0006,6.5871,cluster_0,Utilities,19.13185185185185,0.0558522337755,0.518,0.55619997,22.24,-3.11,Fairly Valued,0.1692,0.1626,0.0,13.5375,Fairly Valued
AIG,21.65,-8.36,Undervalued,0.1968,0.1659,0.0006,6.5871,cluster_0,Financials,13.290492957746478,0.052755813,0.541,0.3169,21.95,-8.66,Fairly Valued,0.1692,0.1626,0.0,13.5375,Conflicting
AWK,22.18,-0.11,Fairly Valued,0.1968,0.1659,0.0006,6.5871,cluster_0,Utilities,22.069148936170215,0.042206427,0.613,0.5869,23.67,-1.6,Fairly Valued,0.1692,0.1626,0.0,13.5375,Fairly Valued
AMGN,12.24,12.09,Overvalued,0.1968,0.1659,0.0006,6.5871,cluster_0,Health Care,24.327070285316633,0.332120404,0.416,0.6722,19.53,4.8,Fairly Valued,0.1692,0.1626,0.0,13.5375,Conflicting
APA,17.47,-8.95,Undervalued,0.1968,0.1659,0.0006,6.5871,cluster_0,Energy,8.524475524475525,0.201058173,0.327,0.2331,18.04,-9.52,Fairly Valued,0.1692,0.1626,0.0,13.5375,Conflicting
ADM,29.12,7.0,Overvalued,0.1968,0.1659,0.0006,6.5871,cluster_0,Consumer Staples,36.125,0.0040415677455999,0.603,0.9152,24.44,11.68,Fairly Valued,0.1692,0.1626,0.0,13.5375,Conflicting
ATO,21.64,-0.67,Fairly Valued,0.1968,0.1659,0.0006,6.5871,cluster_0,Utilities,20.965517241379313,0.05178239808,0.601,0.46060002,23.12,-2.15,Fairly Valued,0.1692,0.1626,0.0,13.5375,Fairly Valued
ADP,15.71,5.93,Fairly Valued,0.1968,0.1659,0.0006,6.5871,cluster_0,Industrials,21.63712686567164,0.28162764,0.845,0.6045,25.53,-3.89,Fairly Valued,0.1692,0.1626,0.0,13.5375,Fairly Valued
AVY,19.02,-1.54,Fairly Valued,0.1968,0.1659,0.0006,6.5871,cluster_0,Materials,17.475225225225223,0.177921462,0.833,0.4234,25.45,-7.97,Fairly Valued,0.1692,0.1626,0.0,13.5375,Fairly Valued
BDX,22.78,3.6,Fairly Valued,0.1968,0.1659,0.0006,6.5871,cluster_0,Health Care,26.3804537521815,0.01804776,0.278,0.7295,19.59,6.79,Fairly Valued,0.1692,0.1626,0.0,13.5375,Fairly Valued
BR,17.47,-1.28,Fairly Valued,0.1968,0.1659,0.0006,6.5871,cluster_0,Industrials,16.186096256684493,0.25092202,0.888,0.407,25.75,-9.56,Fairly Valued,0.1692,0.1626,0.0,13.5375,Fairly Valued
BF-B,20.61,-3.51,Fairly Valued,0.1968,0.1659,0.0006,6.5871,cluster_0,Consumer Staples,17.098039215686274,0.07174092,0.354,0.598,20.06,-2.96,Fairly Valued,0.1692,0.1626,0.0,13.5375,Fairly Valued
BG,23.97,9.4,Overvalued,0.1968,0.1659,0.0006,6.5871,cluster_0,Consumer Staples,33.366754617414244,0.012983656,0.617,0.7368,24.2,9.17,Fairly Valued,0.1692,0.1626,0.0,13.5375,Conflicting
CNP,21.4,4.79,Fairly Valued,0.1968,0.1659,0.0006,6.5871,cluster_0,Utilities,26.19018404907975,0.04340694,0.461,0.546,21.47,4.72,Fairly Valued,0.1692,0.1626,0.0,13.5375,Fairly Valued
CI,18.62,-16.07,Undervalued,0.1968,0.1659,0.0006,6.5871,cluster_0,Health Care,2.545774338228828,0.15396979674662,0.302,0.053600002,17.62,-15.07,Undervalued,0.1692,0.1626,0.0,13.5375,Strong Undervalued
CINF,19.14,-9.69,Undervalued,0.1968,0.1659,0.0006,6.5871,cluster_0,Financials,9.4505431675243,0.1493179499999999,0.584,0.203,21.7,-12.25,Fairly Valued,0.1692,0.1626,0.0,13.5375,Conflicting
CFG,23.96,-8.8,Undervalued,0.1968,0.1659,0.0006,6.5871,cluster_0,Financials,15.161137440758294,0.0451106325478,1.021,0.41709998,28.76,-13.6,Undervalued,0.1692,0.1626,0.0,13.5375,Strong Undervalued
CME,24.91,-2.93,Fairly Valued,0.1968,0.1659,0.0006,6.5871,cluster_0,Financials,21.981212638770277,0.0070680423675999,0.244,0.95559996,19.85,2.13,Fairly Valued,0.1692,0.1626,0.0,13.5375,Fairly Valued
CMS,21.67,-1.77,Fairly Valued,0.1968,0.1659,0.0006,6.5871,cluster_0,Utilities,19.900552486187845,0.0406686096473999,0.352,0.6079,20.21,-0.31,Fairly Valued,0.1692,0.1626,0.0,13.5375,Fairly Valued
KO,18.05,6.94,Overvalued,0.1968,0.1659,0.0006,6.5871,cluster_0,Consumer Staples,24.9937106918239,0.1527562040556006,0.354,0.64779997,19.67,5.32,Fairly Valued,0.1692,0.1626,0.0,13.5375,Conflicting
CTSH,20.96,-9.42,Undervalued,0.1968,0.1659,0.0006,6.5871,cluster_0,Information Technology,11.54229934924078,0.108103892,0.81,0.2733,25.15,-13.61,Undervalued,0.1692,0.1626,0.0,13.5375,Strong Undervalued
COP,20.49,-0.64,Fairly Valued,0.1968,0.1659,0.0006,6.5871,cluster_0,Energy,19.854237288135593,0.0508682738032,0.106,0.5492,16.64,3.21,Fairly Valued,0.1692,0.1626,0.0,13.5375,Fairly Valued
ED,21.78,-3.86,Fairly Valued,0.1968,0.1659,0.0006,6.5871,cluster_0,Utilities,17.919055649241148,0.0367005959999999,0.272,0.5797,19.09,-1.17,Fairly Valued,0.1692,0.1626,0.0,13.5375,Fairly Valued
STZ,19.02,-4.36,Fairly Valued,0.1968,0.1659,0.0006,6.5871,cluster_0,Consumer Staples,14.662851196670136,0.130253292246,0.384,0.4246,19.67,-5.01,Fairly Valued,0.1692,0.1626,0.0,13.5375,Fairly Valued
DRI,17.75,3.13,Fairly Valued,0.1968,0.1659,0.0006,6.5871,cluster_0,Consumer Discretionary,20.876712328767123,0.1949720521319999,0.587,0.6217,22.56,-1.68,Fairly Valued,0.1692,0.1626,0.0,13.5375,Fairly Valued
DVN,19.57,-7.24,Undervalued,0.1968,0.1659,0.0006,6.5871,cluster_0,Energy,12.334261838440112,0.1111940353259999,0.419,0.2674,19.84,-7.51,Fairly Valued,0.1692,0.1626,0.0,13.5375,Conflicting
DG,18.77,-4.1,Fairly Valued,0.1968,0.1659,0.0006,6.5871,cluster_0,Consumer Staples,14.667609618104668,0.125978416218,0.256,0.33380002,17.71,-3.04,Fairly Valued,0.1692,0.1626,0.0,13.5375,Fairly Valued
DTE,22.52,1.46,Fairly Valued,0.1968,0.1659,0.0006,6.5871,cluster_0,Utilities,23.97532894736842,0.0269121859999999,0.393,0.7418,21.18,2.8,Fairly Valued,0.1692,0.1626,0.0,13.5375,Fairly Valued
DUK,22.25,-3.14,Fairly Valued,0.1968,0.1659,0.0006,6.5871,cluster_0,Utilities,19.11076923076923,0.0335912912034,0.379,0.65230006,20.75,-1.64,Fairly Valued,0.1692,0.1626,0.0,13.5375,Fairly Valued
ETR,21.67,6.58,Fairly Valued,0.1968,0.1659,0.0006,6.5871,cluster_0,Utilities,28.24994897959184,0.0394884229999999,0.497,0.6327,22.2,6.05,Fairly Valued,0.1692,0.1626,0.0,13.5375,Fairly Valued
EOG,19.28,-5.73,Fairly Valued,0.1968,0.1659,0.0006,6.5871,cluster_0,Energy,13.547689282202557,0.110571015,0.256,0.3923,17.97,-4.42,Fairly Valued,0.1692,0.1626,0.0,13.5375,Fairly Valued
ERIE,18.76,2.05,Fairly Valued,0.1968,0.1659,0.0006,6.5871,cluster_0,Financials,20.807692307692307,0.12462285,0.307,0.5179,18.87,1.94,Fairly Valued,0.1692,0.1626,0.0,13.5375,Fairly Valued
EG,19.38,-12.57,Undervalued,0.1968,0.1659,0.0006,6.5871,cluster_0,Financials,6.808021172638437,0.1157039592356,0.305,0.16290002,18.08,-11.27,Fairly Valued,0.1692,0.1626,0.0,13.5375,Conflicting
EVRG,23.27,-1.12,Fairly Valued,0.1968,0.1659,0.0006,6.5871,cluster_0,Utilities,22.14627659574468,0.0244108455869002,0.534,0.72470003,23.08,-0.93,Fairly Valued,0.1692,0.1626,0.0,13.5375,Fairly Valued
EXC,22.1,-5.34,Fairly Valued,0.1968,0.1659,0.0006,6.5871,cluster_0,Utilities,16.75824175824176,0.039700424,0.41,0.5934,20.99,-4.23,Fairly Valued,0.1692,0.1626,0.0,13.5375,Fairly Valued
EXE,19.06,-12.21,Undervalued,0.1968,0.1659,0.0006,6.5871,cluster_0,Energy,6.850446428571428,0.1339735756259999,0.322,0.2374,18.38,-11.53,Fairly Valued,0.1692,0.1626,0.0,13.5375,Conflicting
XOM,21.16,4.08,Fairly Valued,0.1968,0.1659,0.0006,6.5871,cluster_0,Energy,25.239057239057235,0.031583727,0.149,0.6801,17.63,7.61,Fairly Valued,0.1692,0.1626,0.0,13.5375,Fairly Valued
FAST,20.78,20.63,Overvalued,0.1968,0.1659,0.0006,6.5871,cluster_0,Industrials,41.4070796460177,0.06886847,0.729,0.7965,25.46,15.95,Overvalued,0.1692,0.1626,0.0,13.5375,Strong Overvalued
FITB,23.82,-6.31,Fairly Valued,0.1968,0.1659,0.0006,6.5871,cluster_0,Financials,17.51178451178451,0.037565866,0.947,0.5286,28.1,-10.59,Fairly Valued,0.1692,0.1626,0.0,13.5375,Fairly Valued
GD,19.12,2.67,Fairly Valued,0.1968,0.1659,0.0006,6.5871,cluster_0,Industrials,21.788679245283017,0.110845664167,0.341,0.3833,19.03,2.76,Fairly Valued,0.1692,0.1626,0.0,13.5375,Fairly Valued
GILD,15.8,1.77,Fairly Valued,0.1968,0.1659,0.0006,6.5871,cluster_0,Health Care,17.57278911564626,0.2454175913279999,0.331,0.43400002,18.31,-0.74,Fairly Valued,0.1692,0.1626,0.0,13.5375,Fairly Valued
HON,21.31,12.82,Overvalued,0.1968,0.1659,0.0006,6.5871,cluster_0,Industrials,34.12599681020734,0.0627952247208,0.843,0.74120003,27.0,7.13,Fairly Valued,0.1692,0.1626,0.0,13.5375,Conflicting
HII,19.75,-0.7,Fairly Valued,0.1968,0.1659,0.0006,6.5871,cluster_0,Industrials,19.05331599479844,0.078701496,0.232,0.3548,17.67,1.38,Fairly Valued,0.1692,0.1626,0.0,13.5375,Fairly Valued
IBM,19.1,6.08,Fairly Valued,0.1968,0.1659,0.0006,6.5871,cluster_0,Information Technology,25.184792219274975,0.1449839016911999,0.665,0.59470004,23.8,1.38,Fairly Valued,0.1692,0.1626,0.0,13.5375,Fairly Valued
JNJ,18.88,8.06,Overvalued,0.1968,0.1659,0.0006,6.5871,cluster_0,Health Care,26.94097222222222,0.1050035999999999,0.256,0.6025,18.46,8.48,Fairly Valued,0.1692,0.1626,0.0,13.5375,Conflicting
KDP,23.23,-0.62,Fairly Valued,0.1968,0.1659,0.0006,6.5871,cluster_0,Consumer Staples,22.614814814814817,0.02010372,0.424,0.6815,21.49,1.12,Fairly Valued,0.1692,0.1626,0.0,13.5375,Fairly Valued
KMI,23.68,-2.42,Fairly Valued,0.1968,0.1659,0.0006,6.5871,cluster_0,Energy,21.26174496644295,0.0227623623581999,0.539,0.78519994,23.34,-2.08,Fairly Valued,0.1692,0.1626,0.0,13.5375,Fairly Valued
KR,22.33,18.95,Overvalued,0.1968,0.1659,0.0006,6.5871,cluster_0,Consumer Staples,41.27922077922078,0.018712095,0.416,0.8701,21.62,19.66,Overvalued,0.1692,0.1626,0.0,13.5375,Strong Overvalued
LMT,14.4,10.98,Overvalued,0.1968,0.1659,0.0006,6.5871,cluster_0,Industrials,25.375968992248065,0.23416971382,0.106,0.65379995,15.78,9.6,Fairly Valued,0.1692,0.1626,0.0,13.5375,Conflicting
MTB,21.25,-8.77,Undervalued,0.1968,0.1659,0.0006,6.5871,cluster_0,Financials,12.482603815937148,0.0691040714448001,0.587,0.32849997,22.51,-10.03,Fairly Valued,0.1692,0.1626,0.0,13.5375,Conflicting
MRSH,18.82,1.83,Fairly Valued,0.1968,0.1659,0.0006,6.5871,cluster_0,Financials,20.6541822721598,0.154563026,0.611,0.4394,22.61,-1.96,Fairly Valued,0.1692,0.1626,0.0,13.5375,Fairly Valued
MDT,23.63,-1.73,Fairly Valued,0.1968,0.1659,0.0006,6.5871,cluster_0,Health Care,21.89544235924933,0.023690594,0.597,0.7614,24.05,-2.15,Fairly Valued,0.1692,0.1626,0.0,13.5375,Fairly Valued
MRK,23.29,10.74,Overvalued,0.1968,0.1659,0.0006,6.5871,cluster_0,Health Care,34.02535211267606,0.0122757119999999,0.218,0.9352,19.18,14.85,Overvalued,0.1692,0.1626,0.0,13.5375,Strong Overvalued
MET,21.73,-5.39,Fairly Valued,0.1968,0.1659,0.0006,6.5871,cluster_0,Financials,16.342359767891683,0.0729955259999999,0.783,0.4391,25.42,-9.08,Fairly Valued,0.1692,0.1626,0.0,13.5375,Fairly Valued
MDLZ,57.22,-26.51,Undervalued,0.1968,0.1659,0.0006,6.5871,cluster_0,Consumer Staples,30.712871287128714,0.0025199342206003,0.4,0.97519994,21.9,8.81,Fairly Valued,0.1692,0.1626,0.0,13.5375,Conflicting
NEE,22.34,-0.55,Fairly Valued,0.1968,0.1659,0.0006,6.5871,cluster_0,Utilities,21.786802030456855,0.0423841249999999,0.671,0.5895,24.47,-2.68,Fairly Valued,0.1692,0.1626,0.0,13.5375,Fairly Valued
NI,22.0,1.19,Fairly Valued,0.1968,0.1659,0.0006,6.5871,cluster_0,Utilities,23.189054726368163,0.039436738164,0.547,0.5672,22.73,0.46,Fairly Valued,0.1692,0.1626,0.0,13.5375,Fairly Valued
PKG,21.69,5.42,Fairly Valued,0.1968,0.1659,0.0006,6.5871,cluster_0,Materials,27.107055961070557,0.0640285249999999,0.835,0.6075,26.59,0.52,Fairly Valued,0.1692,0.1626,0.0,13.5375,Fairly Valued
PSX,21.23,-3.14,Fairly Valued,0.1968,0.1659,0.0006,6.5871,cluster_0,Energy,18.090909090909093,0.0754698389094,0.674,0.48119998,24.04,-5.95,Fairly Valued,0.1692,0.1626,0.0,13.5375,Fairly Valued
PNW,22.59,-3.36,Fairly Valued,0.1968,0.1659,0.0006,6.5871,cluster_0,Utilities,19.227611940298505,0.031210135,0.438,0.6735,21.62,-2.39,Fairly Valued,0.1692,0.1626,0.0,13.5375,Fairly Valued
PNC,22.46,-9.2,Undervalued,0.1968,0.1659,0.0006,6.5871,cluster_0,Financials,13.261904761904765,0.073919128,0.918,0.3893,27.11,-13.85,Undervalued,0.1692,0.1626,0.0,13.5375,Strong Undervalued
PPL,23.15,-1.22,Fairly Valued,0.1968,0.1659,0.0006,6.5871,cluster_0,Utilities,21.92638036809816,0.026910576,0.596,0.6764,23.78,-1.85,Fairly Valued,0.1692,0.1626,0.0,13.5375,Fairly Valued
PFG,22.27,-7.17,Undervalued,0.1968,0.1659,0.0006,6.5871,cluster_0,Financials,15.0961262553802,0.073743468491,0.896,0.4491,26.98,-11.88,Fairly Valued,0.1692,0.1626,0.0,13.5375,Conflicting
PG,19.17,2.25,Fairly Valued,0.1968,0.1659,0.0006,6.5871,cluster_0,Consumer Staples,21.423976608187132,0.11884784,0.385,0.618,20.23,1.19,Fairly Valued,0.1692,0.1626,0.0,13.5375,Fairly Valued
PEG,21.51,-3.93,Fairly Valued,0.1968,0.1659,0.0006,6.5871,cluster_0,Utilities,17.58407079646018,0.0582801759999999,0.533,0.5664,22.47,-4.89,Fairly Valued,0.1692,0.1626,0.0,13.5375,Fairly Valued
SLB,21.25,2.92,Fairly Valued,0.1968,0.1659,0.0006,6.5871,cluster_0,Energy,24.17180616740088,0.069401644,0.708,0.5066,24.58,-0.41,Fairly Valued,0.1692,0.1626,0.0,13.5375,Fairly Valued
SRE,27.2,3.9,Fairly Valued,0.1968,0.1659,0.0006,6.5871,cluster_0,Utilities,31.095238095238095,0.0067243979999999,0.576,0.8818,24.06,7.04,Fairly Valued,0.1692,0.1626,0.0,13.5375,Fairly Valued
SNA,20.76,-1.15,Fairly Valued,0.1968,0.1659,0.0006,6.5871,cluster_0,Industrials,19.606091894682496,0.095942742,0.736,0.4729,24.73,-5.12,Fairly Valued,0.1692,0.1626,0.0,13.5375,Fairly Valued
SO,22.45,1.23,Fairly Valued,0.1968,0.1659,0.0006,6.5871,cluster_0,Utilities,23.682864450127877,0.0267081342693001,0.339,0.75699997,20.48,3.2,Fairly Valued,0.1692,0.1626,0.0,13.5375,Fairly Valued
SYY,13.75,7.44,Overvalued,0.1968,0.1659,0.0006,6.5871,cluster_0,Consumer Staples,21.191666666666663,0.327579976,0.66,0.6,22.75,-1.56,Fairly Valued,0.1692,0.1626,0.0,13.5375,Conflicting
TMUS,19.22,-0.27,Fairly Valued,0.1968,0.1659,0.0006,6.5871,cluster_0,Communication Services,18.946808510638295,0.107465044038,0.301,0.4038,18.59,0.36,Fairly Valued,0.1692,0.1626,0.0,13.5375,Fairly Valued
TSCO,16.42,-1.75,Fairly Valued,0.1968,0.1659,0.0006,6.5871,cluster_0,Consumer Discretionary,14.669950738916258,0.2465861668992,0.459,0.45810002,20.12,-5.45,Fairly Valued,0.1692,0.1626,0.0,13.5375,Fairly Valued
UNH,21.97,8.16,Overvalued,0.1968,0.1659,0.0006,6.5871,cluster_0,Health Care,30.125942684766216,0.0407043666628,0.65,0.6657,24.34,5.79,Fairly Valued,0.1692,0.1626,0.0,13.5375,Conflicting
VLO,19.92,-1.23,Fairly Valued,0.1968,0.1659,0.0006,6.5871,cluster_0,Energy,18.68663257852447,0.10535495,0.553,0.3353,21.83,-3.14,Fairly Valued,0.1692,0.1626,0.0,13.5375,Fairly Valued
WEC,22.5,0.14,Fairly Valued,0.1968,0.1659,0.0006,6.5871,cluster_0,Utilities,22.635270541082164,0.031825275,0.47,0.7275,22.17,0.47,Fairly Valued,0.1692,0.1626,0.0,13.5375,Fairly Valued
WMB,23.24,8.32,Overvalued,0.1968,0.1659,0.0006,6.5871,cluster_0,Energy,31.561403508771928,0.021975408,0.601,0.8882,24.32,7.24,Fairly Valued,0.1692,0.1626,0.0,13.5375,Conflicting
XEL,22.15,0.63,Fairly Valued,0.1968,0.1659,0.0006,6.5871,cluster_0,Utilities,22.778097982708935,0.03227035,0.408,0.6635,21.15,1.63,Fairly Valued,0.1692,0.1626,0.0,13.5375,Fairly Valued
AKAM,27.72,22.73,Overvalued,0.1739,0.1289,0.0141,12.3302,cluster_1,Information Technology,50.445945945945944,0.091680005,0.598,0.0,21.17,29.28,Overvalued,0.1692,0.1626,0.0,13.5375,Strong Overvalued
ALLE,25.66,-7.85,Fairly Valued,0.1739,0.1289,0.0141,12.3302,cluster_1,Industrials,17.805745554035568,0.244653296316,0.875,0.2842,25.26,-7.45,Fairly Valued,0.1692,0.1626,0.0,13.5375,Fairly Valued
ALL,2.61,2.28,Fairly Valued,0.1739,0.1289,0.0141,12.3302,cluster_1,Financials,4.889601769911504,0.41137543971326,0.192,0.090299994,14.77,-9.88,Fairly Valued,0.1692,0.1626,0.0,13.5375,Fairly Valued
ACGL,17.64,-10.63,Fairly Valued,0.1739,0.1289,0.0141,12.3302,cluster_1,Financials,7.014615384615384,0.21305999,0.306,0.0,17.14,-10.13,Fairly Valued,0.1692,0.1626,0.0,13.5375,Fairly Valued
AJG,25.84,9.13,Fairly Valued,0.1739,0.1289,0.0141,12.3302,cluster_1,Financials,34.97411003236246,0.0400239825986,0.533,0.42880002,22.1,12.87,Fairly Valued,0.1692,0.1626,0.0,13.5375,Fairly Valued
AIZ,24.39,-11.24,Fairly Valued,0.1739,0.1289,0.0141,12.3302,cluster_1,Financials,13.145566376217324,0.1491364479999999,0.569,0.1722,21.4,-8.25,Fairly Valued,0.1692,0.1626,0.0,13.5375,Fairly Valued
BRK-B,29.54,-15.0,Undervalued,0.1739,0.1289,0.0141,12.3302,cluster_1,Financials,14.536331149493748,0.10499,0.617,0.0,21.86,-7.32,Fairly Valued,0.1692,0.1626,0.0,13.5375,Conflicting
BIIB,22.57,-1.57,Fairly Valued,0.1739,0.1289,0.0141,12.3302,cluster_1,Health Care,21.004301075268817,0.077010006,0.177,0.0,15.87,5.13,Fairly Valued,0.1692,0.1626,0.0,13.5375,Fairly Valued
BSX,25.54,-5.23,Fairly Valued,0.1739,0.1289,0.0141,12.3302,cluster_1,Health Care,20.31380753138075,0.14661,0.559,0.0,20.75,-0.44,Fairly Valued,0.1692,0.1626,0.0,13.5375,Fairly Valued
BRO,28.17,-9.0,Fairly Valued,0.1739,0.1289,0.0141,12.3302,cluster_1,Financials,19.172638436482085,0.094787848,0.624,0.2052,22.5,-3.33,Fairly Valued,0.1692,0.1626,0.0,13.5375,Fairly Valued
CASY,25.22,18.47,Overvalued,0.1739,0.1289,0.0141,12.3302,cluster_1,Consumer Staples,43.68749999999999,0.156127742,0.624,0.1269,21.75,21.94,Overvalued,0.1692,0.1626,0.0,13.5375,Strong Overvalued
CBOE,19.03,5.06,Fairly Valued,0.1739,0.1289,0.0141,12.3302,cluster_1,Financials,24.0948717948718,0.19149138,0.395,0.2383,18.89,5.2,Fairly Valued,0.1692,0.1626,0.0,13.5375,Fairly Valued
CF,17.13,-6.91,Fairly Valued,0.1739,0.1289,0.0141,12.3302,cluster_1,Materials,10.224324324324323,0.22380539727,0.382,0.18020001,18.5,-8.28,Fairly Valued,0.1692,0.1626,0.0,13.5375,Fairly Valued
SCHW,28.32,-10.66,Fairly Valued,0.1739,0.1289,0.0141,12.3302,cluster_1,Financials,17.66202783300199,0.1479505009083,0.773,0.22469999,24.27,-6.61,Fairly Valued,0.1692,0.1626,0.0,13.5375,Fairly Valued
CHTR,22.62,-19.04,Undervalued,0.1739,0.1289,0.0141,12.3302,cluster_1,Communication Services,3.5756427604871446,0.27504998,0.707,0.0,22.21,-18.63,Undervalued,0.1692,0.1626,0.0,13.5375,Strong Undervalued
CB,22.69,-11.14,Fairly Valued,0.1739,0.1289,0.0141,12.3302,cluster_1,Financials,11.549380530973451,0.133155924,0.421,0.1372,19.42,-7.87,Fairly Valued,0.1692,0.1626,0.0,13.5375,Fairly Valued
CHD,24.4,7.42,Fairly Valued,0.1739,0.1289,0.0141,12.3302,cluster_1,Consumer Staples,31.82236842105263,0.101965983,0.47,0.3923,20.81,11.01,Fairly Valued,0.1692,0.1626,0.0,13.5375,Fairly Valued
CTVA,27.12,14.52,Overvalued,0.1739,0.1289,0.0141,12.3302,cluster_1,Materials,41.63783783783784,0.0316541952324,0.572,0.3838,22.51,19.13,Overvalued,0.1692,0.1626,0.0,13.5375,Strong Overvalued
COST,24.73,24.06,Overvalued,0.1739,0.1289,0.0141,12.3302,cluster_1,Consumer Staples,48.78865461847389,0.212780448,0.868,0.2701,25.21,23.58,Overvalued,0.1692,0.1626,0.0,13.5375,Strong Overvalued
EA,27.49,30.34,Overvalued,0.1739,0.1289,0.0141,12.3302,cluster_1,Communication Services,57.83475783475784,0.1056941499999999,0.645,0.2165,22.52,35.31,Overvalued,0.1692,0.1626,0.0,13.5375,Strong Overvalued
ELV,28.85,-11.24,Fairly Valued,0.1739,0.1289,0.0141,12.3302,cluster_1,Health Care,17.607203389830506,0.0857743419999999,0.682,0.2903,23.57,-5.96,Fairly Valued,0.1692,0.1626,0.0,13.5375,Fairly Valued
EQT,25.64,-15.44,Undervalued,0.1739,0.1289,0.0141,12.3302,cluster_1,Energy,10.199240986717268,0.117615952,0.543,0.1224,21.13,-10.93,Fairly Valued,0.1692,0.1626,0.0,13.5375,Conflicting
FDS,24.14,-7.69,Fairly Valued,0.1739,0.1289,0.0141,12.3302,cluster_1,Financials,16.44916344916345,0.201334196,0.707,0.2831,23.23,-6.78,Fairly Valued,0.1692,0.1626,0.0,13.5375,Fairly Valued
FOXA,24.91,-7.31,Fairly Valued,0.1739,0.1289,0.0141,12.3302,cluster_1,Communication Services,17.60263157894737,0.1295952015199999,0.519,0.14739999,20.73,-3.13,Fairly Valued,0.1692,0.1626,0.0,13.5375,Fairly Valued
FOX,24.84,-9.08,Fairly Valued,0.1739,0.1289,0.0141,12.3302,cluster_1,Communication Services,15.757894736842106,0.1295952015199999,0.519,0.14739999,20.75,-4.99,Fairly Valued,0.1692,0.1626,0.0,13.5375,Fairly Valued
GEHC,29.59,-14.08,Undervalued,0.1739,0.1289,0.0141,12.3302,cluster_1,Health Care,15.508393285371705,0.18644596,0.862,0.042,24.79,-9.28,Fairly Valued,0.1692,0.1626,0.0,13.5375,Conflicting
GPN,27.94,-3.56,Fairly Valued,0.1739,0.1289,0.0141,12.3302,cluster_1,Financials,24.382352941176467,0.01856094,0.767,0.3676,25.28,-0.9,Fairly Valued,0.1692,0.1626,0.0,13.5375,Fairly Valued
GL,21.61,-10.59,Fairly Valued,0.1739,0.1289,0.0141,12.3302,cluster_1,Financials,11.015916955017302,0.188411005,0.499,0.0789,20.01,-8.99,Fairly Valued,0.1692,0.1626,0.0,13.5375,Fairly Valued
HAL,28.84,-7.19,Fairly Valued,0.1739,0.1289,0.0141,12.3302,cluster_1,Energy,21.646408839779006,0.091316354757,0.704,0.3757,24.05,-2.4,Fairly Valued,0.1692,0.1626,0.0,13.5375,Fairly Valued
HIG,20.38,-11.08,Fairly Valued,0.1739,0.1289,0.0141,12.3302,cluster_1,Financials,9.2990851513019,0.191519648424,0.475,0.1576,19.88,-10.58,Fairly Valued,0.1692,0.1626,0.0,13.5375,Fairly Valued
HSIC,34.49,-11.09,Fairly Valued,0.1739,0.1289,0.0141,12.3302,cluster_1,Health Care,23.3987915407855,0.08762,0.824,0.0,24.67,-1.27,Fairly Valued,0.1692,0.1626,0.0,13.5375,Fairly Valued
HUM,31.41,5.91,Fairly Valued,0.1739,0.1289,0.0141,12.3302,cluster_1,Health Care,37.321961620469075,0.039074163111,0.771,0.3778,25.19,12.13,Fairly Valued,0.1692,0.1626,0.0,13.5375,Fairly Valued
JKHY,23.17,-5.0,Fairly Valued,0.1739,0.1289,0.0141,12.3302,cluster_1,Financials,18.17178770949721,0.1672244676964002,0.575,0.32819998,21.76,-3.59,Fairly Valued,0.1692,0.1626,0.0,13.5375,Fairly Valued
J,29.6,6.55,Fairly Valued,0.1739,0.1289,0.0141,12.3302,cluster_1,Industrials,36.150442477876105,0.0572803817701998,0.683,0.38939998,23.93,12.22,Fairly Valued,0.1692,0.1626,0.0,13.5375,Fairly Valued
LDOS,17.97,-6.58,Fairly Valued,0.1739,0.1289,0.0141,12.3302,cluster_1,Industrials,11.394688644688646,0.259340499,0.515,0.1519,20.01,-8.62,Fairly Valued,0.1692,0.1626,0.0,13.5375,Fairly Valued
LIN,28.94,4.74,Fairly Valued,0.1739,0.1289,0.0141,12.3302,cluster_1,Materials,33.680371352785144,0.1085536949999999,0.732,0.4045,24.37,9.31,Fairly Valued,0.1692,0.1626,0.0,13.5375,Fairly Valued
L,28.59,-14.9,Undervalued,0.1739,0.1289,0.0141,12.3302,cluster_1,Financials,13.685750636132314,0.089238994,0.535,0.0318,20.93,-7.24,Fairly Valued,0.1692,0.1626,0.0,13.5375,Conflicting
MPC,20.55,-3.31,Fairly Valued,0.1739,0.1289,0.0141,12.3302,cluster_1,Energy,17.2375,0.2055231299999999,0.522,0.2515,20.62,-3.38,Fairly Valued,0.1692,0.1626,0.0,13.5375,Fairly Valued
MNST,16.7,26.56,Overvalued,0.1739,0.1289,0.0141,12.3302,cluster_1,Consumer Staples,43.26086956521739,0.26654,0.542,0.0,19.55,23.71,Overvalued,0.1692,0.1626,0.0,13.5375,Strong Overvalued
NEM,18.74,-5.81,Fairly Valued,0.1739,0.1289,0.0141,12.3302,cluster_1,Materials,12.9325551232166,0.22448008,0.455,0.131,19.33,-6.4,Fairly Valued,0.1692,0.1626,0.0,13.5375,Fairly Valued
NOC,6.42,10.65,Fairly Valued,0.1739,0.1289,0.0141,12.3302,cluster_1,Industrials,17.065830721003135,0.2025207217939999,-0.121,0.2897,11.95,5.12,Fairly Valued,0.1692,0.1626,0.0,13.5375,Fairly Valued
PCG,22.8,-9.54,Fairly Valued,0.1739,0.1289,0.0141,12.3302,cluster_1,Utilities,13.263565891472869,0.078004190163,0.272,0.1163,17.65,-4.39,Fairly Valued,0.1692,0.1626,0.0,13.5375,Fairly Valued
DGX,26.57,-4.44,Fairly Valued,0.1739,0.1289,0.0141,12.3302,cluster_1,Health Care,22.13149171270718,0.0930205126942002,0.587,0.36020002,22.41,-0.28,Fairly Valued,0.1692,0.1626,0.0,13.5375,Fairly Valued
RTX,20.99,13.03,Overvalued,0.1739,0.1289,0.0141,12.3302,cluster_1,Industrials,34.02067669172932,0.056663187,0.306,0.5103,19.12,14.9,Overvalued,0.1692,0.1626,0.0,13.5375,Strong Overvalued
REGN,20.07,-4.57,Fairly Valued,0.1739,0.1289,0.0141,12.3302,cluster_1,Health Care,15.50256160039034,0.132765048,0.238,0.0874,16.75,-1.25,Fairly Valued,0.1692,0.1626,0.0,13.5375,Fairly Valued
RSG,22.76,7.37,Fairly Valued,0.1739,0.1289,0.0141,12.3302,cluster_1,Industrials,30.13486370157819,0.118845394478,0.415,0.3522,19.86,10.27,Fairly Valued,0.1692,0.1626,0.0,13.5375,Fairly Valued
RMD,26.25,-7.35,Fairly Valued,0.1739,0.1289,0.0141,12.3302,cluster_1,Health Care,18.90453230472517,0.1957322405246,0.782,0.22469999,24.11,-5.21,Fairly Valued,0.1692,0.1626,0.0,13.5375,Fairly Valued
ROL,26.84,16.37,Overvalued,0.1739,0.1289,0.0141,12.3302,cluster_1,Industrials,43.211009174311926,0.1396796592239999,0.727,0.6388,24.67,18.54,Overvalued,0.1692,0.1626,0.0,13.5375,Strong Overvalued
ROP,31.76,-11.01,Fairly Valued,0.1739,0.1289,0.0141,12.3302,cluster_1,Information Technology,20.74828232354778,0.0710686329012,0.762,0.21139999,24.51,-3.76,Fairly Valued,0.1692,0.1626,0.0,13.5375,Fairly Valued
SYK,30.67,4.67,Fairly Valued,0.1739,0.1289,0.0141,12.3302,cluster_1,Health Care,35.3364161849711,0.09148879696,0.785,0.39810002,25.16,10.18,Fairly Valued,0.1692,0.1626,0.0,13.5375,Fairly Valued
TPL,17.82,35.65,Overvalued,0.1739,0.1289,0.0141,12.3302,cluster_1,Energy,53.46913580246914,0.254605612,0.611,0.3018,21.5,31.97,Overvalued,0.1692,0.1626,0.0,13.5375,Strong Overvalued
TRV,19.52,-10.47,Fairly Valued,0.1739,0.1289,0.0141,12.3302,cluster_1,Financials,9.049537451507014,0.219537864,0.495,0.1313,19.93,-10.88,Fairly Valued,0.1692,0.1626,0.0,13.5375,Fairly Valued
TYL,32.2,10.9,Fairly Valued,0.1739,0.1289,0.0141,12.3302,cluster_1,Information Technology,43.103591160220994,0.08930001,0.814,0.0,24.29,18.81,Overvalued,0.1692,0.1626,0.0,13.5375,Conflicting
VRTX,14.8,11.72,Fairly Valued,0.1739,0.1289,0.0141,12.3302,cluster_1,Health Care,26.518100890207712,0.24197,0.31,0.0,16.68,9.84,Fairly Valued,0.1692,0.1626,0.0,13.5375,Fairly Valued
WRB,18.43,-3.9,Fairly Valued,0.1739,0.1289,0.0141,12.3302,cluster_1,Financials,14.527542372881356,0.186254868,0.311,0.0763,17.43,-2.9,Fairly Valued,0.1692,0.1626,0.0,13.5375,Fairly Valued
WMT,24.27,17.59,Overvalued,0.1739,0.1289,0.0141,12.3302,cluster_1,Consumer Staples,41.859154929577464,0.1603812671736,0.599,0.33540002,22.04,19.82,Overvalued,0.1692,0.1626,0.0,13.5375,Strong Overvalued
WM,21.65,10.2,Fairly Valued,0.1739,0.1289,0.0141,12.3302,cluster_1,Industrials,31.84971098265896,0.1512067300128,0.457,0.49490002,20.63,11.22,Fairly Valued,0.1692,0.1626,0.0,13.5375,Fairly Valued
WTW,21.52,-6.04,Fairly Valued,0.1739,0.1289,0.0141,12.3302,cluster_1,Financials,15.484136310223269,0.161095576,0.45,0.2184,19.82,-4.34,Fairly Valued,0.1692,0.1626,0.0,13.5375,Fairly Valued
ZBH,26.52,-3.9,Fairly Valued,0.1739,0.1289,0.0141,12.3302,cluster_1,Health Care,22.624352331606215,0.0455663458960999,0.472,0.24870001,20.81,1.81,Fairly Valued,0.1692,0.1626,0.0,13.5375,Fairly Valued
AOS,29.85,-14.6,Model Insignificant,0.0345,0.0064,0.3032,16.8094,cluster_2,Industrials,15.253333333333334,0.1771492833465999,1.175,0.37330002,29.96,-14.71,Undervalued,0.1692,0.1626,0.0,13.5375,Undervalued (Cluster Model Insignificant)
A,30.52,-3.32,Model Insignificant,0.0345,0.0064,0.3032,16.8094,cluster_2,Health Care,27.196787148594375,0.17022137202,1.256,0.202,30.58,-3.38,Fairly Valued,0.1692,0.1626,0.0,13.5375,Fairly Valued (Cluster Model Insignificant)
AME,30.16,4.06,Model Insignificant,0.0345,0.0064,0.3032,16.8094,cluster_2,Industrials,34.22205438066465,0.1182154059179999,1.004,0.1918,27.4,6.82,Fairly Valued,0.1692,0.1626,0.0,13.5375,Fairly Valued (Cluster Model Insignificant)
ADI,35.11,24.8,Model Insignificant,0.0345,0.0064,0.3032,16.8094,cluster_2,Information Technology,59.9089552238806,0.038006577,1.183,0.6057,31.15,28.76,Overvalued,0.1692,0.1626,0.0,13.5375,Overvalued (Cluster Model Insignificant)
APTV,36.56,4.27,Model Insignificant,0.0345,0.0064,0.3032,16.8094,cluster_2,Consumer Discretionary,40.83333333333333,0.040799998,1.334,0.0,31.68,9.15,Fairly Valued,0.1692,0.1626,0.0,13.5375,Fairly Valued (Cluster Model Insignificant)
BKR,29.75,-9.75,Model Insignificant,0.0345,0.0064,0.3032,16.8094,cluster_2,Energy,19.99680511182109,0.1213362274368,0.938,0.29389998,26.83,-6.83,Fairly Valued,0.1692,0.1626,0.0,13.5375,Fairly Valued (Cluster Model Insignificant)
BALL,30.19,-14.76,Model Insignificant,0.0345,0.0064,0.3032,16.8094,cluster_2,Materials,15.428571428571429,0.1287150403319999,1.014,0.2332,27.67,-12.24,Fairly Valued,0.1692,0.1626,0.0,13.5375,Fairly Valued (Cluster Model Insignificant)
BAC,34.53,-21.17,Model Insignificant,0.0345,0.0064,0.3032,16.8094,cluster_2,Financials,13.35732009925558,0.07738188,1.196,0.273,30.57,-17.21,Undervalued,0.1692,0.1626,0.0,13.5375,Undervalued (Cluster Model Insignificant)
TECH,35.94,38.33,Model Insignificant,0.0345,0.0064,0.3032,16.8094,cluster_2,Health Care,74.27142857142857,0.0289908610858,1.358,0.4571,33.05,41.22,Overvalued,0.1692,0.1626,0.0,13.5375,Overvalued (Cluster Model Insignificant)
BLK,38.38,-13.31,Model Insignificant,0.0345,0.0064,0.3032,16.8094,cluster_2,Financials,25.065458207452167,0.0550209778496,1.434,0.5376,34.64,-9.57,Fairly Valued,0.1692,0.1626,0.0,13.5375,Fairly Valued (Cluster Model Insignificant)
BNY,31.92,-14.25,Model Insignificant,0.0345,0.0064,0.3032,16.8094,cluster_2,Financials,17.66625310173697,0.1002855679999999,1.065,0.2556,28.58,-10.91,Fairly Valued,0.1692,0.1626,0.0,13.5375,Fairly Valued (Cluster Model Insignificant)
AVGO,27.58,36.49,Model Insignificant,0.0345,0.0064,0.3032,16.8094,cluster_2,Information Technology,64.0747508305648,0.2189885897081996,1.433,0.41259998,33.02,31.05,Overvalued,0.1692,0.1626,0.0,13.5375,Overvalued (Cluster Model Insignificant)
BLDR,37.11,-9.0,Model Insignificant,0.0345,0.0064,0.3032,16.8094,cluster_2,Industrials,28.106870229007633,0.06958,1.45,0.0,33.27,-5.16,Fairly Valued,0.1692,0.1626,0.0,13.5375,Fairly Valued (Cluster Model Insignificant)
CHRW,26.77,10.57,Model Insignificant,0.0345,0.0064,0.3032,16.8094,cluster_2,Industrials,37.34077079107505,0.172064882,0.925,0.5061,26.88,10.46,Fairly Valued,0.1692,0.1626,0.0,13.5375,Fairly Valued (Cluster Model Insignificant)
CDNS,25.37,62.32,Model Insignificant,0.0345,0.0064,0.3032,16.8094,cluster_2,Information Technology,87.68997668997669,0.20656,1.149,0.0,27.93,59.76,Overvalued,0.1692,0.1626,0.0,13.5375,Overvalued (Cluster Model Insignificant)
COF,-58.3,113.89,Model Insignificant,0.0345,0.0064,0.3032,16.8094,cluster_2,Financials,55.590769230769226,0.0045234910223,1.037,0.86120003,29.88,25.71,Overvalued,0.1692,0.1626,0.0,13.5375,Overvalued (Cluster Model Insignificant)
CARR,37.15,7.62,Model Insignificant,0.0345,0.0064,0.3032,16.8094,cluster_2,Industrials,44.77333333333333,0.0386373,1.337,0.61,33.38,11.39,Fairly Valued,0.1692,0.1626,0.0,13.5375,Fairly Valued (Cluster Model Insignificant)
CBRE,30.67,-0.85,Model Insignificant,0.0345,0.0064,0.3032,16.8094,cluster_2,Real Estate,29.8246013667426,0.15597,1.221,0.0,29.62,0.2,Fairly Valued,0.1692,0.1626,0.0,13.5375,Fairly Valued (Cluster Model Insignificant)
CSCO,30.38,10.17,Model Insignificant,0.0345,0.0064,0.3032,16.8094,cluster_2,Information Technology,40.54666666666667,0.1135304999999999,1.004,0.55,28.37,12.18,Fairly Valued,0.1692,0.1626,0.0,13.5375,Fairly Valued (Cluster Model Insignificant)
C,34.92,-18.55,Model Insignificant,0.0345,0.0064,0.3032,16.8094,cluster_2,Financials,16.374536464771325,0.054177867,1.115,0.2917,29.64,-13.27,Fairly Valued,0.1692,0.1626,0.0,13.5375,Fairly Valued (Cluster Model Insignificant)
CEG,30.29,-8.17,Model Insignificant,0.0345,0.0064,0.3032,16.8094,cluster_2,Utilities,22.120659722222225,0.138808986381,1.091,0.1381,28.38,-6.26,Fairly Valued,0.1692,0.1626,0.0,13.5375,Fairly Valued (Cluster Model Insignificant)
COO,32.69,0.81,Model Insignificant,0.0345,0.0064,0.3032,16.8094,cluster_2,Health Care,33.50248756218906,0.02853,0.873,0.0,25.54,7.96,Fairly Valued,0.1692,0.1626,0.0,13.5375,Fairly Valued (Cluster Model Insignificant)
CPRT,27.86,-8.63,Model Insignificant,0.0345,0.0064,0.3032,16.8094,cluster_2,Industrials,19.22981366459627,0.17607,1.002,0.0,26.62,-7.39,Fairly Valued,0.1692,0.1626,0.0,13.5375,Fairly Valued (Cluster Model Insignificant)
GLW,32.69,52.68,Model Insignificant,0.0345,0.0064,0.3032,16.8094,cluster_2,Information Technology,85.375,0.0772551,1.155,0.5385,30.27,55.1,Overvalued,0.1692,0.1626,0.0,13.5375,Overvalued (Cluster Model Insignificant)
CRH,32.46,-12.97,Model Insignificant,0.0345,0.0064,0.3032,16.8094,cluster_2,Materials,19.49165120593692,0.114115204,1.187,0.2783,30.21,-10.72,Fairly Valued,0.1692,0.1626,0.0,13.5375,Fairly Valued (Cluster Model Insignificant)
CSX,30.64,-1.81,Model Insignificant,0.0345,0.0064,0.3032,16.8094,cluster_2,Industrials,28.82822085889571,0.159819632,1.222,0.3252,30.51,-1.68,Fairly Valued,0.1692,0.1626,0.0,13.5375,Fairly Valued (Cluster Model Insignificant)
CMI,32.06,1.72,Model Insignificant,0.0345,0.0064,0.3032,16.8094,cluster_2,Industrials,33.77697095435685,0.130600366062,1.24,0.4062,31.12,2.66,Fairly Valued,0.1692,0.1626,0.0,13.5375,Fairly Valued (Cluster Model Insignificant)
DHR,31.37,4.35,Model Insignificant,0.0345,0.0064,0.3032,16.8094,cluster_2,Health Care,35.71705426356589,0.0521371199999999,0.834,0.2636,25.66,10.06,Fairly Valued,0.1692,0.1626,0.0,13.5375,Fairly Valued (Cluster Model Insignificant)
DE,29.55,3.45,Model Insignificant,0.0345,0.0064,0.3032,16.8094,cluster_2,Industrials,33.00000000000001,0.116130827329,0.928,0.3671,26.88,6.12,Fairly Valued,0.1692,0.1626,0.0,13.5375,Fairly Valued (Cluster Model Insignificant)
DAL,29.73,-18.14,Model Insignificant,0.0345,0.0064,0.3032,16.8094,cluster_2,Industrials,11.594160583941608,0.2239104012495,1.313,0.103999995,30.87,-19.28,Undervalued,0.1692,0.1626,0.0,13.5375,Undervalued (Cluster Model Insignificant)
DOV,32.31,-5.5,Model Insignificant,0.0345,0.0064,0.3032,16.8094,cluster_2,Industrials,26.811485642946316,0.1110751954059999,1.173,0.2594,29.95,-3.14,Fairly Valued,0.1692,0.1626,0.0,13.5375,Fairly Valued (Cluster Model Insignificant)
DHI,34.96,-21.28,Model Insignificant,0.0345,0.0064,0.3032,16.8094,cluster_2,Consumer Discretionary,13.684210526315788,0.109957936,1.382,0.1596,32.63,-18.95,Undervalued,0.1692,0.1626,0.0,13.5375,Undervalued (Cluster Model Insignificant)
ETN,31.89,6.85,Model Insignificant,0.0345,0.0064,0.3032,16.8094,cluster_2,Industrials,38.74168297455969,0.1223809891289999,1.192,0.4129,30.51,8.23,Fairly Valued,0.1692,0.1626,0.0,13.5375,Fairly Valued (Cluster Model Insignificant)
ECL,28.22,6.74,Model Insignificant,0.0345,0.0064,0.3032,16.8094,cluster_2,Materials,34.955284552845534,0.140505155,0.913,0.3735,26.55,8.41,Fairly Valued,0.1692,0.1626,0.0,13.5375,Fairly Valued (Cluster Model Insignificant)
EW,28.78,17.68,Model Insignificant,0.0345,0.0064,0.3032,16.8094,cluster_2,Health Care,46.46486486486486,0.1046,0.866,0.0,24.89,21.57,Overvalued,0.1692,0.1626,0.0,13.5375,Overvalued (Cluster Model Insignificant)
EMR,35.47,-3.5,Model Insignificant,0.0345,0.0064,0.3032,16.8094,cluster_2,Industrials,31.97222222222222,0.0614920689312,1.246,0.50119996,31.86,0.11,Fairly Valued,0.1692,0.1626,0.0,13.5375,Fairly Valued (Cluster Model Insignificant)
EFX,34.67,-4.37,Model Insignificant,0.0345,0.0064,0.3032,16.8094,cluster_2,Industrials,30.304577464788732,0.091580007126,1.314,0.36270002,32.24,-1.94,Fairly Valued,0.1692,0.1626,0.0,13.5375,Fairly Valued (Cluster Model Insignificant)
FFIV,26.64,5.63,Model Insignificant,0.0345,0.0064,0.3032,16.8094,cluster_2,Information Technology,32.26825266611977,0.2034,1.046,0.0,26.96,5.31,Fairly Valued,0.1692,0.1626,0.0,13.5375,Fairly Valued (Cluster Model Insignificant)
FDX,33.92,-16.25,Model Insignificant,0.0345,0.0064,0.3032,16.8094,cluster_2,Industrials,17.67218366257341,0.1101467289999999,1.299,0.3059,31.85,-14.18,Undervalued,0.1692,0.1626,0.0,13.5375,Undervalued (Cluster Model Insignificant)
FTV,32.63,3.42,Model Insignificant,0.0345,0.0064,0.3032,16.8094,cluster_2,Industrials,36.04705882352941,0.057741836,0.989,0.1526,27.41,8.64,Fairly Valued,0.1692,0.1626,0.0,13.5375,Fairly Valued (Cluster Model Insignificant)
FCX,34.31,-0.78,Model Insignificant,0.0345,0.0064,0.3032,16.8094,cluster_2,Materials,33.52910052910053,0.106681568175,1.359,0.3175,32.63,0.9,Fairly Valued,0.1692,0.1626,0.0,13.5375,Fairly Valued (Cluster Model Insignificant)
GRMN,29.56,-3.19,Model Insignificant,0.0345,0.0064,0.3032,16.8094,cluster_2,Consumer Discretionary,26.373467112597545,0.119035818,0.918,0.4018,26.84,-0.47,Fairly Valued,0.1692,0.1626,0.0,13.5375,Fairly Valued (Cluster Model Insignificant)
GM,37.6,-7.63,Model Insignificant,0.0345,0.0064,0.3032,16.8094,cluster_2,Consumer Discretionary,29.96715328467153,0.0309195134598,1.3,0.2299,32.04,-2.07,Fairly Valued,0.1692,0.1626,0.0,13.5375,Fairly Valued (Cluster Model Insignificant)
GS,34.08,-15.11,Model Insignificant,0.0345,0.0064,0.3032,16.8094,cluster_2,Financials,18.974789915966387,0.104294612,1.291,0.2831,31.7,-12.73,Fairly Valued,0.1692,0.1626,0.0,13.5375,Fairly Valued (Cluster Model Insignificant)
HPE,38.44,7.54,Model Insignificant,0.0345,0.0064,0.3032,16.8094,cluster_2,Information Technology,45.981308411214954,0.030987705,1.448,0.5093,34.65,11.33,Fairly Valued,0.1692,0.1626,0.0,13.5375,Fairly Valued (Cluster Model Insignificant)
HUBB,26.83,1.33,Model Insignificant,0.0345,0.0064,0.3032,16.8094,cluster_2,Industrials,28.16420555227407,0.1745825606864004,0.911,0.32389998,26.22,1.94,Fairly Valued,0.1692,0.1626,0.0,13.5375,Fairly Valued (Cluster Model Insignificant)
IEX,32.22,-0.36,Model Insignificant,0.0345,0.0064,0.3032,16.8094,cluster_2,Industrials,31.85650887573965,0.0739256558244,0.991,0.42009997,28.12,3.74,Fairly Valued,0.1692,0.1626,0.0,13.5375,Fairly Valued (Cluster Model Insignificant)
IR,34.44,14.38,Model Insignificant,0.0345,0.0064,0.3032,16.8094,cluster_2,Industrials,48.817567567567565,0.0540581878376999,1.195,0.0541,29.8,19.02,Overvalued,0.1692,0.1626,0.0,13.5375,Overvalued (Cluster Model Insignificant)
IBKR,29.4,6.82,Model Insignificant,0.0345,0.0064,0.3032,16.8094,cluster_2,Financials,36.223175965665234,0.20325212,1.329,0.1373,31.17,5.05,Fairly Valued,0.1692,0.1626,0.0,13.5375,Fairly Valued (Cluster Model Insignificant)
ICE,30.63,-10.06,Model Insignificant,0.0345,0.0064,0.3032,16.8094,cluster_2,Financials,20.56686046511628,0.0990073882293999,0.922,0.28530002,26.71,-6.14,Fairly Valued,0.1692,0.1626,0.0,13.5375,Fairly Valued (Cluster Model Insignificant)
IFF,35.16,-12.56,Model Insignificant,0.0345,0.0064,0.3032,16.8094,cluster_2,Materials,22.60371517027864,0.0305333470091999,0.956,0.4954,28.14,-5.54,Fairly Valued,0.1692,0.1626,0.0,13.5375,Fairly Valued (Cluster Model Insignificant)
INTU,28.31,-10.19,Model Insignificant,0.0345,0.0064,0.3032,16.8094,cluster_2,Information Technology,18.117216117216117,0.1612738239999999,0.964,0.2831,26.93,-8.81,Fairly Valued,0.1692,0.1626,0.0,13.5375,Fairly Valued (Cluster Model Insignificant)
ISRG,31.32,19.96,Model Insignificant,0.0345,0.0064,0.3032,16.8094,cluster_2,Health Care,51.28311057108141,0.17232999,1.453,0.0,32.49,18.79,Overvalued,0.1692,0.1626,0.0,13.5375,Overvalued (Cluster Model Insignificant)
JBHT,32.89,11.36,Model Insignificant,0.0345,0.0064,0.3032,16.8094,cluster_2,Industrials,44.24689440993788,0.120934359252,1.305,0.2748,31.64,12.61,Fairly Valued,0.1692,0.1626,0.0,13.5375,Fairly Valued (Cluster Model Insignificant)
JCI,35.54,8.26,Model Insignificant,0.0345,0.0064,0.3032,16.8094,cluster_2,Industrials,43.795731707317074,0.0699213536898,1.337,0.48009998,32.89,10.91,Fairly Valued,0.1692,0.1626,0.0,13.5375,Fairly Valued (Cluster Model Insignificant)
JPM,30.59,-15.64,Model Insignificant,0.0345,0.0064,0.3032,16.8094,cluster_2,Financials,14.945933014354068,0.118152847176,1.0,0.2824,27.67,-12.72,Fairly Valued,0.1692,0.1626,0.0,13.5375,Fairly Valued (Cluster Model Insignificant)
KEYS,28.91,24.29,Model Insignificant,0.0345,0.0064,0.3032,16.8094,cluster_2,Information Technology,53.19838709677419,0.18174,1.221,0.0,29.29,23.91,Overvalued,0.1692,0.1626,0.0,13.5375,Overvalued (Cluster Model Insignificant)
LH,30.89,-7.43,Model Insignificant,0.0345,0.0064,0.3032,16.8094,cluster_2,Health Care,23.4646017699115,0.082289103,0.877,0.2551,26.11,-2.65,Fairly Valued,0.1692,0.1626,0.0,13.5375,Fairly Valued (Cluster Model Insignificant)
LEN,38.27,-25.25,Model Insignificant,0.0345,0.0064,0.3032,16.8094,cluster_2,Consumer Discretionary,13.020143884892086,0.0575172719999999,1.4,0.2878,33.54,-20.52,Undervalued,0.1692,0.1626,0.0,13.5375,Undervalued (Cluster Model Insignificant)
MLM,33.04,3.06,Model Insignificant,0.0345,0.0064,0.3032,16.8094,cluster_2,Materials,36.10219435736678,0.07522968,1.102,0.2056,29.0,7.1,Fairly Valued,0.1692,0.1626,0.0,13.5375,Fairly Valued (Cluster Model Insignificant)
MGM,31.82,33.26,Model Insignificant,0.0345,0.0064,0.3032,16.8094,cluster_2,Consumer Discretionary,65.08219178082192,0.13488,1.311,0.0,30.64,34.44,Overvalued,0.1692,0.1626,0.0,13.5375,Overvalued (Cluster Model Insignificant)
MS,33.27,-14.07,Model Insignificant,0.0345,0.0064,0.3032,16.8094,cluster_2,Financials,19.196557971014496,0.1056206632775999,1.221,0.35549998,30.93,-11.73,Fairly Valued,0.1692,0.1626,0.0,13.5375,Fairly Valued (Cluster Model Insignificant)
NDAQ,30.49,-4.2,Model Insignificant,0.0345,0.0064,0.3032,16.8094,cluster_2,Financials,26.289156626506024,0.10930140324,0.974,0.32529998,27.45,-1.16,Fairly Valued,0.1692,0.1626,0.0,13.5375,Fairly Valued (Cluster Model Insignificant)
NWSA,32.19,2.32,Model Insignificant,0.0345,0.0064,0.3032,16.8094,cluster_2,Communication Services,34.50632911392405,0.048721232,0.893,0.2532,26.45,8.06,Fairly Valued,0.1692,0.1626,0.0,13.5375,Fairly Valued (Cluster Model Insignificant)
NWS,31.94,7.54,Model Insignificant,0.0345,0.0064,0.3032,16.8094,cluster_2,Communication Services,39.48101265822785,0.048721232,0.893,0.2532,26.43,13.05,Fairly Valued,0.1692,0.1626,0.0,13.5375,Fairly Valued (Cluster Model Insignificant)
NDSN,30.33,-0.12,Model Insignificant,0.0345,0.0064,0.3032,16.8094,cluster_2,Industrials,30.206196581196583,0.1120613199999999,0.98,0.3462,27.56,2.65,Fairly Valued,0.1692,0.1626,0.0,13.5375,Fairly Valued (Cluster Model Insignificant)
NSC,34.15,-7.77,Model Insignificant,0.0345,0.0064,0.3032,16.8094,cluster_2,Industrials,26.38468013468013,0.0960193597155,1.272,0.45490003,31.93,-5.55,Fairly Valued,0.1692,0.1626,0.0,13.5375,Fairly Valued (Cluster Model Insignificant)
NTRS,34.26,-16.41,Model Insignificant,0.0345,0.0064,0.3032,16.8094,cluster_2,Financials,17.85026178010471,0.096924324,1.272,0.3298,31.62,-13.77,Undervalued,0.1692,0.1626,0.0,13.5375,Undervalued (Cluster Model Insignificant)
ODFL,28.81,21.94,Model Insignificant,0.0345,0.0064,0.3032,16.8094,cluster_2,Industrials,50.746861924686186,0.1782721709999999,1.18,0.2359,29.52,21.23,Overvalued,0.1692,0.1626,0.0,13.5375,Overvalued (Cluster Model Insignificant)
PCAR,31.37,-6.54,Model Insignificant,0.0345,0.0064,0.3032,16.8094,cluster_2,Industrials,24.825531914893617,0.094259628,0.992,0.2809,27.66,-2.83,Fairly Valued,0.1692,0.1626,0.0,13.5375,Fairly Valued (Cluster Model Insignificant)
PH,28.66,3.91,Model Insignificant,0.0345,0.0064,0.3032,16.8094,cluster_2,Industrials,32.57069029162052,0.1824148036253998,1.138,0.26569998,29.07,3.5,Fairly Valued,0.1692,0.1626,0.0,13.5375,Fairly Valued (Cluster Model Insignificant)
PYPL,29.91,-22.16,Model Insignificant,0.0345,0.0064,0.3032,16.8094,cluster_2,Financials,7.746716697936209,0.23801201895,1.336,0.0525,31.01,-23.26,Undervalued,0.1692,0.1626,0.0,13.5375,Undervalued (Cluster Model Insignificant)
PNR,30.33,-11.95,Model Insignificant,0.0345,0.0064,0.3032,16.8094,cluster_2,Industrials,18.379396984924625,0.13096557,1.046,0.2563,28.14,-9.76,Fairly Valued,0.1692,0.1626,0.0,13.5375,Fairly Valued (Cluster Model Insignificant)
POOL,28.66,-11.59,Model Insignificant,0.0345,0.0064,0.3032,16.8094,cluster_2,Consumer Discretionary,17.067157313707455,0.1850383639999999,1.089,0.4596,28.99,-11.92,Fairly Valued,0.1692,0.1626,0.0,13.5375,Fairly Valued (Cluster Model Insignificant)
PPG,30.95,-14.65,Model Insignificant,0.0345,0.0064,0.3032,16.8094,cluster_2,Materials,16.303724928366762,0.1239485519999999,1.062,0.4026,28.8,-12.5,Fairly Valued,0.1692,0.1626,0.0,13.5375,Fairly Valued (Cluster Model Insignificant)
PHM,31.38,-19.93,Model Insignificant,0.0345,0.0064,0.3032,16.8094,cluster_2,Consumer Discretionary,11.450676982591878,0.146766816,1.216,0.0928,29.98,-18.53,Undervalued,0.1692,0.1626,0.0,13.5375,Undervalued (Cluster Model Insignificant)
PWR,31.04,64.18,Model Insignificant,0.0345,0.0064,0.3032,16.8094,cluster_2,Industrials,95.22054794520548,0.12754441559398,1.215,0.057600003,29.37,65.85,Overvalued,0.1692,0.1626,0.0,13.5375,Overvalued (Cluster Model Insignificant)
QCOM,32.56,-9.37,Model Insignificant,0.0345,0.0064,0.3032,16.8094,cluster_2,Information Technology,23.19441460794844,0.2227042832166,1.596,0.38279998,35.47,-12.28,Fairly Valued,0.1692,0.1626,0.0,13.5375,Fairly Valued (Cluster Model Insignificant)
RJF,29.21,-14.91,Model Insignificant,0.0345,0.0064,0.3032,16.8094,cluster_2,Financials,14.301227573182247,0.1389344057289,0.951,0.19639999,26.66,-12.36,Fairly Valued,0.1692,0.1626,0.0,13.5375,Fairly Valued (Cluster Model Insignificant)
RVTY,34.73,12.56,Model Insignificant,0.0345,0.0064,0.3032,16.8094,cluster_2,Health Care,47.29326923076923,0.0279264579999999,1.107,0.1346,29.01,18.28,Overvalued,0.1692,0.1626,0.0,13.5375,Overvalued (Cluster Model Insignificant)
ROK,35.08,11.21,Model Insignificant,0.0345,0.0064,0.3032,16.8094,cluster_2,Industrials,46.291191709844554,0.1199585871549,1.561,0.55869997,35.79,10.5,Fairly Valued,0.1692,0.1626,0.0,13.5375,Fairly Valued (Cluster Model Insignificant)
SPGI,31.59,-4.71,Model Insignificant,0.0345,0.0064,0.3032,16.8094,cluster_2,Financials,26.88030398986701,0.1054560910410001,1.076,0.24350001,28.63,-1.75,Fairly Valued,0.1692,0.1626,0.0,13.5375,Fairly Valued (Cluster Model Insignificant)
CRM,31.04,-9.53,Model Insignificant,0.0345,0.0064,0.3032,16.8094,cluster_2,Information Technology,21.51332560834299,0.1360079536908,1.151,0.19559999,29.36,-7.85,Fairly Valued,0.1692,0.1626,0.0,13.5375,Fairly Valued (Cluster Model Insignificant)
NOW,26.29,40.64,Model Insignificant,0.0345,0.0064,0.3032,16.8094,cluster_2,Information Technology,66.93452380952381,0.1607,0.927,0.0,25.27,41.66,Overvalued,0.1692,0.1626,0.0,13.5375,Overvalued (Cluster Model Insignificant)
LUV,35.17,-7.48,Model Insignificant,0.0345,0.0064,0.3032,16.8094,cluster_2,Industrials,27.69333333333333,0.0523224,1.156,0.48,30.66,-2.97,Fairly Valued,0.1692,0.1626,0.0,13.5375,Fairly Valued (Cluster Model Insignificant)
STT,37.74,-21.32,Model Insignificant,0.0345,0.0064,0.3032,16.8094,cluster_2,Financials,16.421319796954315,0.07511087,1.451,0.333,34.24,-17.82,Undervalued,0.1692,0.1626,0.0,13.5375,Undervalued (Cluster Model Insignificant)
STLD,35.66,-6.85,Model Insignificant,0.0345,0.0064,0.3032,16.8094,cluster_2,Materials,28.80901287553648,0.119292528,1.522,0.2176,34.53,-5.72,Fairly Valued,0.1692,0.1626,0.0,13.5375,Fairly Valued (Cluster Model Insignificant)
STE,31.43,-4.7,Model Insignificant,0.0345,0.0064,0.3032,16.8094,cluster_2,Health Care,26.732323232323232,0.078416464,0.923,0.3102,26.89,-0.16,Fairly Valued,0.1692,0.1626,0.0,13.5375,Fairly Valued (Cluster Model Insignificant)
SYF,31.17,-23.84,Model Insignificant,0.0345,0.0064,0.3032,16.8094,cluster_2,Financials,7.333333333333334,0.19074924,1.321,0.1242,31.25,-23.92,Undervalued,0.1692,0.1626,0.0,13.5375,Undervalued (Cluster Model Insignificant)
TEL,30.12,-8.38,Model Insignificant,0.0345,0.0064,0.3032,16.8094,cluster_2,Information Technology,21.74335378323109,0.1612892729009999,1.163,0.2901,29.63,-7.89,Fairly Valued,0.1692,0.1626,0.0,13.5375,Fairly Valued (Cluster Model Insignificant)
TDY,30.71,-0.22,Model Insignificant,0.0345,0.0064,0.3032,16.8094,cluster_2,Information Technology,30.494683544303797,0.09049,0.939,0.0,26.14,4.35,Fairly Valued,0.1692,0.1626,0.0,13.5375,Fairly Valued (Cluster Model Insignificant)
TXN,38.51,10.3,Model Insignificant,0.0345,0.0064,0.3032,16.8094,cluster_2,Information Technology,48.81164383561644,0.0160441119999999,1.309,0.9504,33.76,15.05,Overvalued,0.1692,0.1626,0.0,13.5375,Overvalued (Cluster Model Insignificant)
TXT,29.41,-12.03,Model Insignificant,0.0345,0.0064,0.3032,16.8094,cluster_2,Industrials,17.381679389312975,0.120665138,0.907,0.0153,25.71,-8.33,Fairly Valued,0.1692,0.1626,0.0,13.5375,Fairly Valued (Cluster Model Insignificant)
TMO,28.83,-2.85,Model Insignificant,0.0345,0.0064,0.3032,16.8094,cluster_2,Health Care,25.978021978021975,0.1221397359999999,0.874,0.0968,25.4,0.58,Fairly Valued,0.1692,0.1626,0.0,13.5375,Fairly Valued (Cluster Model Insignificant)
TTD,28.28,-5.61,Model Insignificant,0.0345,0.0064,0.3032,16.8094,cluster_2,Communication Services,22.670454545454543,0.16735001,1.018,0.0,26.86,-4.19,Fairly Valued,0.1692,0.1626,0.0,13.5375,Fairly Valued (Cluster Model Insignificant)
TRMB,35.58,-7.21,Model Insignificant,0.0345,0.0064,0.3032,16.8094,cluster_2,Information Technology,28.3717277486911,0.08252,1.373,0.0,32.14,-3.77,Fairly Valued,0.1692,0.1626,0.0,13.5375,Fairly Valued (Cluster Model Insignificant)
UNP,25.62,-3.21,Model Insignificant,0.0345,0.0064,0.3032,16.8094,cluster_2,Industrials,22.413168724279835,0.2233661481372,0.974,0.45099998,27.16,-4.75,Fairly Valued,0.1692,0.1626,0.0,13.5375,Fairly Valued (Cluster Model Insignificant)
UHS,28.0,-21.95,Model Insignificant,0.0345,0.0064,0.3032,16.8094,cluster_2,Health Care,6.0530271398747395,0.206552754,1.081,0.0334,27.68,-21.63,Undervalued,0.1692,0.1626,0.0,13.5375,Undervalued (Cluster Model Insignificant)
VEEV,28.64,1.96,Model Insignificant,0.0345,0.0064,0.3032,16.8094,cluster_2,Health Care,30.60460992907802,0.13934,0.949,0.0,26.01,4.59,Fairly Valued,0.1692,0.1626,0.0,13.5375,Fairly Valued (Cluster Model Insignificant)
VMC,31.45,1.89,Model Insignificant,0.0345,0.0064,0.3032,16.8094,cluster_2,Materials,33.338862559241704,0.102846036,1.06,0.2358,28.38,4.96,Fairly Valued,0.1692,0.1626,0.0,13.5375,Fairly Valued (Cluster Model Insignificant)
WAB,30.42,6.36,Model Insignificant,0.0345,0.0064,0.3032,16.8094,cluster_2,Industrials,36.77966101694915,0.096103813501,0.942,0.1499,26.55,10.23,Fairly Valued,0.1692,0.1626,0.0,13.5375,Fairly Valued (Cluster Model Insignificant)
DIS,36.17,-20.22,Model Insignificant,0.0345,0.0064,0.3032,16.8094,cluster_2,Communication Services,15.9536,0.08808,1.394,0.2,33.01,-17.06,Undervalued,0.1692,0.1626,0.0,13.5375,Undervalued (Cluster Model Insignificant)
WAT,34.6,11.88,Model Insignificant,0.0345,0.0064,0.3032,16.8094,cluster_2,Health Care,46.483460559796434,0.05212,1.202,0.0,29.75,16.73,Overvalued,0.1692,0.1626,0.0,13.5375,Overvalued (Cluster Model Insignificant)
WFC,31.57,-18.91,Model Insignificant,0.0345,0.0064,0.3032,16.8094,cluster_2,Financials,12.664605873261204,0.08774426,0.93,0.2705,26.88,-14.22,Undervalued,0.1692,0.1626,0.0,13.5375,Undervalued (Cluster Model Insignificant)
WST,29.47,12.52,Model Insignificant,0.0345,0.0064,0.3032,16.8094,cluster_2,Health Care,41.98931909212283,0.16930935,1.182,0.115,29.27,12.72,Fairly Valued,0.1692,0.1626,0.0,13.5375,Fairly Valued (Cluster Model Insignificant)
WDAY,31.15,13.94,Model Insignificant,0.0345,0.0064,0.3032,16.8094,cluster_2,Information Technology,45.0875,0.10858,1.081,0.0,27.84,17.25,Overvalued,0.1692,0.1626,0.0,13.5375,Overvalued (Cluster Model Insignificant)
XYL,34.0,-6.65,Model Insignificant,0.0345,0.0064,0.3032,16.8094,cluster_2,Industrials,27.348258706467664,0.05186418,1.04,0.4055,28.88,-1.53,Fairly Valued,0.1692,0.1626,0.0,13.5375,Fairly Valued (Cluster Model Insignificant)
MMM,21.78,7.79,Fairly Valued,0.3072,0.2694,0.0001,9.9608,cluster_3,Industrials,29.569230769230767,0.3056258659999999,1.095,0.5723,28.63,0.94,Fairly Valued,0.1692,0.1626,0.0,13.5375,Fairly Valued
ABNB,28.4,4.57,Fairly Valued,0.3072,0.2694,0.0001,9.9608,cluster_3,Consumer Discretionary,32.97283950617284,0.32325,1.159,0.0,27.81,5.16,Fairly Valued,0.1692,0.1626,0.0,13.5375,Fairly Valued
GOOGL,30.14,-2.05,Fairly Valued,0.3072,0.2694,0.0001,9.9608,cluster_3,Communication Services,28.089176829268293,0.3639246869229999,1.237,0.0641,28.85,-0.76,Fairly Valued,0.1692,0.1626,0.0,13.5375,Fairly Valued
GOOG,30.15,-2.21,Fairly Valued,0.3072,0.2694,0.0001,9.9608,cluster_3,Communication Services,27.94194041252865,0.3639246869229999,1.237,0.0641,28.85,-0.91,Fairly Valued,0.1692,0.1626,0.0,13.5375,Fairly Valued
AMZN,33.75,-2.09,Fairly Valued,0.3072,0.2694,0.0001,9.9608,cluster_3,Consumer Discretionary,31.664092664092667,0.24285,1.444,0.0,32.15,-0.49,Fairly Valued,0.1692,0.1626,0.0,13.5375,Fairly Valued
AXP,23.07,-3.69,Fairly Valued,0.3072,0.2694,0.0001,9.9608,cluster_3,Financials,19.37991266375546,0.2709119455581,1.058,0.21290001,27.39,-8.01,Fairly Valued,0.1692,0.1626,0.0,13.5375,Fairly Valued
APH,28.29,11.6,Overvalued,0.3072,0.2694,0.0001,9.9608,cluster_3,Information Technology,39.88793103448276,0.280422375,1.275,0.2385,30.26,9.63,Fairly Valued,0.1692,0.1626,0.0,13.5375,Conflicting
AON,18.37,-0.35,Fairly Valued,0.3072,0.2694,0.0001,9.9608,cluster_3,Financials,18.021393307734503,0.3884827033553,0.714,0.16360001,21.96,-3.94,Fairly Valued,0.1692,0.1626,0.0,13.5375,Fairly Valued
AMAT,37.73,4.81,Fairly Valued,0.3072,0.2694,0.0001,9.9608,cluster_3,Information Technology,42.53615023474178,0.3282131728069999,1.672,0.1731,35.14,7.4,Fairly Valued,0.1692,0.1626,0.0,13.5375,Fairly Valued
ANET,36.46,16.37,Overvalued,0.3072,0.2694,0.0001,9.9608,cluster_3,Information Technology,52.83219178082192,0.31520998,1.611,0.0,33.81,19.02,Overvalued,0.1692,0.1626,0.0,13.5375,Strong Overvalued
ADSK,33.07,0.5,Fairly Valued,0.3072,0.2694,0.0001,9.9608,cluster_3,Information Technology,33.57080291970803,0.50396,1.295,0.0,28.6,4.97,Fairly Valued,0.1692,0.1626,0.0,13.5375,Fairly Valued
CAT,36.23,8.8,Fairly Valued,0.3072,0.2694,0.0001,9.9608,cluster_3,Industrials,45.03386454183267,0.361472902,1.603,0.2958,34.31,10.72,Fairly Valued,0.1692,0.1626,0.0,13.5375,Fairly Valued
CDW,21.01,-4.81,Fairly Valued,0.3072,0.2694,0.0001,9.9608,cluster_3,Information Technology,16.204628501827038,0.3065820509999999,0.987,0.3057,26.5,-10.3,Fairly Valued,0.1692,0.1626,0.0,13.5375,Fairly Valued
CMG,26.5,0.42,Fairly Valued,0.3072,0.2694,0.0001,9.9608,cluster_3,Consumer Discretionary,26.917431192660548,0.49231997,0.978,0.0,24.42,2.5,Fairly Valued,0.1692,0.1626,0.0,13.5375,Fairly Valued
CTAS,19.64,18.22,Overvalued,0.3072,0.2694,0.0001,9.9608,cluster_3,Industrials,37.86315789473685,0.261406705987,0.934,0.3671,26.12,11.74,Fairly Valued,0.1692,0.1626,0.0,13.5375,Conflicting
FIX,38.7,14.49,Overvalued,0.3072,0.2694,0.0001,9.9608,cluster_3,Industrials,53.18546293625613,0.4982989,1.67,0.065,33.63,19.56,Overvalued,0.1692,0.1626,0.0,13.5375,Strong Overvalued
CPAY,22.73,-1.94,Fairly Valued,0.3072,0.2694,0.0001,9.9608,cluster_3,Financials,20.792938360263314,0.32124,0.869,0.0,23.98,-3.19,Fairly Valued,0.1692,0.1626,0.0,13.5375,Fairly Valued
DECK,29.69,-14.29,Undervalued,0.3072,0.2694,0.0001,9.9608,cluster_3,Consumer Discretionary,15.403133903133904,0.40859002,1.146,0.0,27.3,-11.9,Fairly Valued,0.1692,0.1626,0.0,13.5375,Conflicting
DXCM,34.83,-3.56,Fairly Valued,0.3072,0.2694,0.0001,9.9608,cluster_3,Health Care,31.27038626609442,0.35624,1.443,0.0,31.5,-0.23,Fairly Valued,0.1692,0.1626,0.0,13.5375,Fairly Valued
DLTR,18.63,-1.17,Fairly Valued,0.3072,0.2694,0.0001,9.9608,cluster_3,Consumer Staples,17.463884430176563,0.33976,0.659,0.0,21.05,-3.59,Fairly Valued,0.1692,0.1626,0.0,13.5375,Fairly Valued
EBAY,30.48,-5.23,Fairly Valued,0.3072,0.2694,0.0001,9.9608,cluster_3,Consumer Discretionary,25.254041570438797,0.311915625,1.372,0.2725,31.57,-6.32,Fairly Valued,0.1692,0.1626,0.0,13.5375,Fairly Valued
EME,28.1,-0.62,Fairly Valued,0.3072,0.2694,0.0001,9.9608,cluster_3,Industrials,27.476974789915968,0.37714760678458,1.124,0.038599998,27.18,0.3,Fairly Valued,0.1692,0.1626,0.0,13.5375,Fairly Valued
EXPD,23.13,2.79,Fairly Valued,0.3072,0.2694,0.0001,9.9608,cluster_3,Industrials,25.919224555735056,0.275247192,1.047,0.2488,27.29,-1.37,Fairly Valued,0.1692,0.1626,0.0,13.5375,Fairly Valued
GE,32.08,8.72,Fairly Valued,0.3072,0.2694,0.0001,9.9608,cluster_3,Industrials,40.79601990049752,0.36683111615,1.375,0.1925,30.97,9.83,Fairly Valued,0.1692,0.1626,0.0,13.5375,Fairly Valued
GEN,25.09,-8.35,Fairly Valued,0.3072,0.2694,0.0001,9.9608,cluster_3,Information Technology,16.738853503184714,0.2717617345549999,1.205,0.3185,29.68,-12.94,Fairly Valued,0.1692,0.1626,0.0,13.5375,Fairly Valued
HD,21.16,0.91,Fairly Valued,0.3072,0.2694,0.0001,9.9608,cluster_3,Consumer Discretionary,22.07244318181818,0.44226903581,0.974,0.65550005,26.57,-4.5,Fairly Valued,0.1692,0.1626,0.0,13.5375,Fairly Valued
HWM,27.59,30.86,Overvalued,0.3072,0.2694,0.0001,9.9608,cluster_3,Industrials,58.44547563805105,0.302096194,1.193,0.1067,28.56,29.89,Overvalued,0.1692,0.1626,0.0,13.5375,Strong Overvalued
ITW,22.15,1.32,Fairly Valued,0.3072,0.2694,0.0001,9.9608,cluster_3,Industrials,23.465181058495823,0.399304304,1.03,0.5877,27.34,-3.87,Fairly Valued,0.1692,0.1626,0.0,13.5375,Fairly Valued
INCY,21.33,-6.87,Fairly Valued,0.3072,0.2694,0.0001,9.9608,cluster_3,Health Care,14.46045197740113,0.30823,0.79,0.0,23.04,-8.58,Fairly Valued,0.1692,0.1626,0.0,13.5375,Fairly Valued
PODD,26.2,9.6,Fairly Valued,0.3072,0.2694,0.0001,9.9608,cluster_3,Health Care,35.799065420560744,0.22997999,1.125,0.0,27.86,7.94,Fairly Valued,0.1692,0.1626,0.0,13.5375,Fairly Valued
IQV,29.25,-6.46,Fairly Valued,0.3072,0.2694,0.0001,9.9608,cluster_3,Health Care,22.78881987577639,0.22490999,1.215,0.0,29.2,-6.41,Fairly Valued,0.1692,0.1626,0.0,13.5375,Fairly Valued
LRCX,41.54,15.9,Overvalued,0.3072,0.2694,0.0001,9.9608,cluster_3,Information Technology,57.43939393939393,0.540171342,1.868,0.1909,36.23,21.21,Overvalued,0.1692,0.1626,0.0,13.5375,Strong Overvalued
LULU,23.2,-13.95,Undervalued,0.3072,0.2694,0.0001,9.9608,cluster_3,Consumer Discretionary,9.249392712550607,0.32027,0.861,0.0,23.98,-14.73,Undervalued,0.1692,0.1626,0.0,13.5375,Strong Undervalued
META,29.22,-7.67,Fairly Valued,0.3072,0.2694,0.0001,9.9608,cluster_3,Communication Services,21.54796511627907,0.304141498472,1.229,0.0764,29.15,-7.6,Fairly Valued,0.1692,0.1626,0.0,13.5375,Fairly Valued
MSFT,24.64,0.18,Fairly Valued,0.3072,0.2694,0.0001,9.9608,cluster_3,Information Technology,24.816557474687315,0.2696289734743999,1.103,0.20729999,27.97,-3.15,Fairly Valued,0.1692,0.1626,0.0,13.5375,Fairly Valued
MCO,32.98,-0.63,Fairly Valued,0.3072,0.2694,0.0001,9.9608,cluster_3,Financials,32.35483870967742,0.5165109179999999,1.339,0.2762,29.9,2.45,Fairly Valued,0.1692,0.1626,0.0,13.5375,Fairly Valued
NFLX,37.98,-11.47,Undervalued,0.3072,0.2694,0.0001,9.9608,cluster_3,Communication Services,26.50967741935484,0.48494998,1.491,0.0,31.48,-4.97,Fairly Valued,0.1692,0.1626,0.0,13.5375,Conflicting
NVR,24.27,-9.16,Fairly Valued,0.3072,0.2694,0.0001,9.9608,cluster_3,Consumer Discretionary,15.105917709147771,0.33257,0.924,0.0,24.71,-9.6,Fairly Valued,0.1692,0.1626,0.0,13.5375,Fairly Valued
ORCL,37.29,1.0,Fairly Valued,0.3072,0.2694,0.0001,9.9608,cluster_3,Information Technology,38.29390681003584,0.3689789595144,1.655,0.35909998,35.22,3.07,Fairly Valued,0.1692,0.1626,0.0,13.5375,Fairly Valued
PTC,25.31,-12.15,Undervalued,0.3072,0.2694,0.0001,9.9608,cluster_3,Information Technology,13.160422670509126,0.344,0.966,0.0,25.23,-12.07,Fairly Valued,0.1692,0.1626,0.0,13.5375,Conflicting
RL,29.94,-5.67,Fairly Valued,0.3072,0.2694,0.0001,9.9608,cluster_3,Consumer Discretionary,24.274834437086096,0.2628917946344002,1.371,0.24159999,31.75,-7.48,Fairly Valued,0.1692,0.1626,0.0,13.5375,Fairly Valued
ROST,20.06,12.11,Overvalued,0.3072,0.2694,0.0001,9.9608,cluster_3,Consumer Discretionary,32.17458100558659,0.299459708636,0.866,0.2318,24.63,7.54,Fairly Valued,0.1692,0.1626,0.0,13.5375,Conflicting
RCL,41.19,-24.1,Undervalued,0.3072,0.2694,0.0001,9.9608,cluster_3,Consumer Discretionary,17.094017094017094,0.367209432,1.784,0.2593,37.02,-19.93,Undervalued,0.1692,0.1626,0.0,13.5375,Strong Undervalued
SHW,27.08,2.25,Fairly Valued,0.3072,0.2694,0.0001,9.9608,cluster_3,Materials,29.327569644572527,0.422328465,1.126,0.3045,27.66,1.67,Fairly Valued,0.1692,0.1626,0.0,13.5375,Fairly Valued
SPG,30.76,-16.14,Undervalued,0.3072,0.2694,0.0001,9.9608,cluster_3,Real Estate,14.61501042390549,0.452656115923,1.346,0.60150003,31.68,-17.06,Undervalued,0.1692,0.1626,0.0,13.5375,Strong Undervalued
SOLV,21.13,-11.21,Undervalued,0.3072,0.2694,0.0001,9.9608,cluster_3,Health Care,9.915544675642597,0.34794998,0.746,0.0,22.27,-12.35,Fairly Valued,0.1692,0.1626,0.0,13.5375,Conflicting
TPR,31.44,11.27,Overvalued,0.3072,0.2694,0.0001,9.9608,cluster_3,Consumer Discretionary,42.71341463414634,0.3212604692788007,1.446,0.47259998,32.9,9.81,Fairly Valued,0.1692,0.1626,0.0,13.5375,Conflicting
TRGP,17.15,9.8,Fairly Valued,0.3072,0.2694,0.0001,9.9608,cluster_3,Energy,26.947959183673465,0.4382155542579999,0.71,0.4086,22.2,4.75,Fairly Valued,0.1692,0.1626,0.0,13.5375,Fairly Valued
TJX,14.98,16.29,Overvalued,0.3072,0.2694,0.0001,9.9608,cluster_3,Consumer Discretionary,31.26653696498055,0.40994625,0.619,0.3307,20.86,10.41,Fairly Valued,0.1692,0.1626,0.0,13.5375,Conflicting
TT,26.07,8.78,Fairly Valued,0.3072,0.2694,0.0001,9.9608,cluster_3,Industrials,34.846681922196794,0.258021734088,1.212,0.2956,29.72,5.13,Fairly Valued,0.1692,0.1626,0.0,13.5375,Fairly Valued
UBER,28.4,-10.85,Undervalued,0.3072,0.2694,0.0001,9.9608,cluster_3,Industrials,17.545905707196027,0.3531,1.12,0.0,27.23,-9.68,Fairly Valued,0.1692,0.1626,0.0,13.5375,Conflicting
ULTA,24.62,-7.11,Fairly Valued,0.3072,0.2694,0.0001,9.9608,cluster_3,Consumer Discretionary,17.51293588301462,0.47449002,0.86,0.0,23.04,-5.53,Fairly Valued,0.1692,0.1626,0.0,13.5375,Fairly Valued
UAL,32.03,-22.57,Undervalued,0.3072,0.2694,0.0001,9.9608,cluster_3,Industrials,9.45706618962433,0.25726998,1.291,0.0,30.15,-20.69,Undervalued,0.1692,0.1626,0.0,13.5375,Strong Undervalued
VLTO,20.83,1.35,Fairly Valued,0.3072,0.2694,0.0001,9.9608,cluster_3,Industrials,22.177835051546392,0.319525269,0.848,0.1237,24.02,-1.84,Fairly Valued,0.1692,0.1626,0.0,13.5375,Fairly Valued
V,20.03,8.23,Fairly Valued,0.3072,0.2694,0.0001,9.9608,cluster_3,Financials,28.259388646288212,0.4709032469999999,0.765,0.2197,22.22,6.04,Fairly Valued,0.1692,0.1626,0.0,13.5375,Fairly Valued
VST,33.02,-8.14,Fairly Valued,0.3072,0.2694,0.0001,9.9608,cluster_3,Utilities,24.876254180602004,0.36398953,1.405,0.1515,31.4,-6.52,Fairly Valued,0.1692,0.1626,0.0,13.5375,Fairly Valued
GWW,25.03,9.94,Fairly Valued,0.3072,0.2694,0.0001,9.9608,cluster_3,Industrials,34.96530392684239,0.3491504056129,1.052,0.24309999,26.88,8.09,Fairly Valued,0.1692,0.1626,0.0,13.5375,Fairly Valued
WSM,34.1,-11.12,Undervalued,0.3072,0.2694,0.0001,9.9608,cluster_3,Consumer Discretionary,22.979820627802688,0.3741605068014,1.512,0.30719998,33.27,-10.29,Fairly Valued,0.1692,0.1626,0.0,13.5375,Conflicting
ZTS,17.84,-4.82,Fairly Valued,0.3072,0.2694,0.0001,9.9608,cluster_3,Health Care,13.02295081967213,0.452014656,0.741,0.3328,22.51,-9.49,Fairly Valued,0.1692,0.1626,0.0,13.5375,Fairly Valued
ALGN,50.75,-22.56,Model Insignificant,0.1661,0.0098,0.3925,23.2979,cluster_4,Health Care,28.19159663865546,0.10824,1.671,0.0,36.08,-7.89,Fairly Valued,0.1692,0.1626,0.0,13.5375,Fairly Valued (Cluster Model Insignificant)
XYZ,56.97,-3.73,Model Insignificant,0.1661,0.0098,0.3925,23.2979,cluster_4,Financials,53.2421875,0.03743,2.552,0.0,48.03,5.21,Fairly Valued,0.1692,0.1626,0.0,13.5375,Fairly Valued (Cluster Model Insignificant)
CCL,39.11,-27.04,Model Insignificant,0.1661,0.0098,0.3925,23.2979,cluster_4,Consumer Discretionary,12.07488986784141,0.260119167,2.331,0.0661,45.03,-32.96,Undervalued,0.1692,0.1626,0.0,13.5375,Undervalued (Cluster Model Insignificant)
CVNA,37.14,1.31,Model Insignificant,0.1661,0.0098,0.3925,23.2979,cluster_4,Consumer Discretionary,38.445086705202314,0.60172004,3.449,0.0,58.9,-20.45,Undervalued,0.1692,0.1626,0.0,13.5375,Undervalued (Cluster Model Insignificant)
COIN,63.45,-7.21,Model Insignificant,0.1661,0.0098,0.3925,23.2979,cluster_4,Financials,56.23616236162362,0.06686,3.32,0.0,58.64,-2.4,Fairly Valued,0.1692,0.1626,0.0,13.5375,Fairly Valued (Cluster Model Insignificant)
DASH,46.15,27.81,Model Insignificant,0.1661,0.0098,0.3925,23.2979,cluster_4,Consumer Discretionary,73.9622641509434,0.09922,1.811,0.0,37.29,36.67,Overvalued,0.1692,0.1626,0.0,13.5375,Overvalued (Cluster Model Insignificant)
FSLR,48.21,-30.2,Model Insignificant,0.1661,0.0098,0.3925,23.2979,cluster_4,Information Technology,18.012265978050355,0.18436001,1.692,0.0,36.03,-18.02,Undervalued,0.1692,0.1626,0.0,13.5375,Undervalued (Cluster Model Insignificant)
GNRC,46.65,35.34,Model Insignificant,0.1661,0.0098,0.3925,23.2979,cluster_4,Industrials,81.98746081504703,0.07388,1.91,0.0,38.51,43.48,Overvalued,0.1692,0.1626,0.0,13.5375,Overvalued (Cluster Model Insignificant)
KKR,8.62,23.15,Model Insignificant,0.1661,0.0098,0.3925,23.2979,cluster_4,Financials,31.7687074829932,0.0573422319932,1.791,0.2517,38.66,-6.89,Fairly Valued,0.1692,0.1626,0.0,13.5375,Fairly Valued (Cluster Model Insignificant)
MU,38.53,2.28,Model Insignificant,0.1661,0.0098,0.3925,23.2979,cluster_4,Information Technology,40.81294284364667,0.389588428566,2.173,0.0217,41.22,-0.41,Fairly Valued,0.1692,0.1626,0.0,13.5375,Fairly Valued (Cluster Model Insignificant)
NCLH,44.79,-29.67,Model Insignificant,0.1661,0.0098,0.3925,23.2979,cluster_4,Consumer Discretionary,15.120967741935484,0.29533002,1.908,0.0,38.44,-23.32,Undervalued,0.1692,0.1626,0.0,13.5375,Undervalued (Cluster Model Insignificant)
NUE,31.54,-6.28,Model Insignificant,0.1661,0.0098,0.3925,23.2979,cluster_4,Materials,25.262164846077457,0.09579843,1.906,0.2202,40.05,-14.79,Undervalued,0.1692,0.1626,0.0,13.5375,Undervalued (Cluster Model Insignificant)
NXPI,27.87,0.45,Model Insignificant,0.1661,0.0098,0.3925,23.2979,cluster_4,Information Technology,28.32153110047847,0.1580271789185995,1.788,0.38779998,38.47,-10.15,Fairly Valued,0.1692,0.1626,0.0,13.5375,Fairly Valued (Cluster Model Insignificant)
ON,46.58,39.64,Model Insignificant,0.1661,0.0098,0.3925,23.2979,cluster_4,Information Technology,86.22058823529412,0.074939996,1.977,0.0,39.27,46.95,Overvalued,0.1692,0.1626,0.0,13.5375,Overvalued (Cluster Model Insignificant)
HOOD,48.14,-8.11,Model Insignificant,0.1661,0.0098,0.3925,23.2979,cluster_4,Financials,40.03398058252427,0.21461001,2.348,0.0,44.62,-4.59,Fairly Valued,0.1692,0.1626,0.0,13.5375,Fairly Valued (Cluster Model Insignificant)
SMCI,48.33,-26.41,Model Insignificant,0.1661,0.0098,0.3925,23.2979,cluster_4,Information Technology,21.91578947368421,0.17877,1.869,0.0,38.49,-16.57,Undervalued,0.1692,0.1626,0.0,13.5375,Undervalued (Cluster Model Insignificant)
TER,38.25,28.03,Model Insignificant,0.1661,0.0098,0.3925,23.2979,cluster_4,Information Technology,66.28333333333333,0.26136624885,1.794,0.090900004,36.68,29.6,Overvalued,0.1692,0.1626,0.0,13.5375,Overvalued (Cluster Model Insignificant)
URI,37.72,-10.4,Model Insignificant,0.1661,0.0098,0.3925,23.2979,cluster_4,Industrials,27.32267144319345,0.229397388,1.82,0.1876,37.93,-10.61,Fairly Valued,0.1692,0.1626,0.0,13.5375,Fairly Valued (Cluster Model Insignificant)
VRT,25.77,49.93,Model Insignificant,0.1661,0.0098,0.3925,23.2979,cluster_4,Industrials,75.69521410579344,0.42828620809806,2.037,0.050300002,38.53,37.17,Overvalued,0.1692,0.1626,0.0,13.5375,Overvalued (Cluster Model Insignificant)
ZBRA,50.16,-22.16,Model Insignificant,0.1661,0.0098,0.3925,23.2979,cluster_4,Information Technology,27.99879372738239,0.11781,1.626,0.0,35.4,-7.4,Fairly Valued,0.1692,0.1626,0.0,13.5375,Fairly Valued (Cluster Model Insignificant)
ADBE,37.59,-22.93,Model Insignificant,0.051,-0.168,0.8719,13.2614,cluster_5,Information Technology,14.66122448979592,0.58774,1.404,0.0,29.96,-15.3,Undervalued,0.1692,0.1626,0.0,13.5375,Undervalued (Cluster Model Insignificant)
AMP,28.79,-17.47,Model Insignificant,0.051,-0.168,0.8719,13.2614,cluster_5,Financials,11.32403486924035,0.56259708,1.166,0.1595,27.3,-15.98,Undervalued,0.1692,0.1626,0.0,13.5375,Undervalued (Cluster Model Insignificant)
COR,29.62,-8.53,Model Insignificant,0.051,-0.168,0.8719,13.2614,cluster_5,Health Care,21.092024539877304,0.88256997438,0.588,0.1762,17.24,3.85,Fairly Valued,0.1692,0.1626,0.0,13.5375,Fairly Valued (Cluster Model Insignificant)
CL,16.05,18.28,Model Insignificant,0.051,-0.168,0.8719,13.2614,cluster_5,Consumer Staples,34.33333333333333,0.7046121872399999,0.322,0.8062,15.38,18.95,Overvalued,0.1692,0.1626,0.0,13.5375,Overvalued (Cluster Model Insignificant)
DVA,32.33,-13.82,Model Insignificant,0.051,-0.168,0.8719,13.2614,cluster_5,Health Care,18.51252408477842,0.80981004,0.908,0.0,21.87,-3.36,Fairly Valued,0.1692,0.1626,0.0,13.5375,Fairly Valued (Cluster Model Insignificant)
EXPE,29.23,-9.03,Model Insignificant,0.051,-0.168,0.8719,13.2614,cluster_5,Consumer Discretionary,20.201235657546334,0.6088428968506,1.257,0.14840001,28.13,-7.93,Fairly Valued,0.1692,0.1626,0.0,13.5375,Fairly Valued (Cluster Model Insignificant)
IT,35.76,-19.55,Model Insignificant,0.051,-0.168,0.8719,13.2614,cluster_5,Information Technology,16.207509881422926,0.94878,0.932,0.0,21.61,-5.4,Fairly Valued,0.1692,0.1626,0.0,13.5375,Fairly Valued (Cluster Model Insignificant)
GEV,30.07,-2.82,Model Insignificant,0.051,-0.168,0.8719,13.2614,cluster_5,Industrials,27.250729713952133,0.718393212,1.045,0.0511,24.12,3.13,Fairly Valued,0.1692,0.1626,0.0,13.5375,Fairly Valued (Cluster Model Insignificant)
IDXX,29.43,11.91,Model Insignificant,0.051,-0.168,0.8719,13.2614,cluster_5,Health Care,41.33529411764706,0.72915,1.543,0.0,30.39,10.95,Fairly Valued,0.1692,0.1626,0.0,13.5375,Fairly Valued (Cluster Model Insignificant)
JBL,22.86,24.75,Model Insignificant,0.051,-0.168,0.8719,13.2614,cluster_5,Information Technology,47.60646900269542,0.571240554724,1.287,0.0431,27.95,19.66,Overvalued,0.1692,0.1626,0.0,13.5375,Overvalued (Cluster Model Insignificant)
KLAC,26.36,28.29,Model Insignificant,0.051,-0.168,0.8719,13.2614,cluster_5,Information Technology,54.6515580736544,0.7453716166079999,1.504,0.2152,29.77,24.88,Overvalued,0.1692,0.1626,0.0,13.5375,Overvalued (Cluster Model Insignificant)
LVS,24.68,-6.14,Model Insignificant,0.051,-0.168,0.8719,13.2614,cluster_5,Consumer Discretionary,18.542435424354245,0.554036875,0.811,0.3875,23.01,-4.47,Fairly Valued,0.1692,0.1626,0.0,13.5375,Fairly Valued (Cluster Model Insignificant)
LII,27.71,-5.13,Model Insignificant,0.051,-0.168,0.8719,13.2614,cluster_5,Industrials,22.57682060390764,0.59052279,1.19,0.231,27.49,-4.91,Fairly Valued,0.1692,0.1626,0.0,13.5375,Fairly Valued (Cluster Model Insignificant)
LLY,23.94,16.22,Model Insignificant,0.051,-0.168,0.8719,13.2614,cluster_5,Health Care,40.164004259850905,0.8367832437459,0.517,0.22129999,15.51,24.65,Overvalued,0.1692,0.1626,0.0,13.5375,Overvalued (Cluster Model Insignificant)
MSI,25.65,7.47,Model Insignificant,0.051,-0.168,0.8719,13.2614,cluster_5,Information Technology,33.11864406779661,0.62452781,0.89,0.371,23.26,9.86,Fairly Valued,0.1692,0.1626,0.0,13.5375,Fairly Valued (Cluster Model Insignificant)
NTAP,27.71,-1.4,Model Insignificant,0.051,-0.168,0.8719,13.2614,cluster_5,Information Technology,26.30551181102362,0.7176794480201999,1.434,0.32759997,30.38,-4.07,Fairly Valued,0.1692,0.1626,0.0,13.5375,Fairly Valued (Cluster Model Insignificant)
WDC,33.36,-2.77,Model Insignificant,0.051,-0.168,0.8719,13.2614,cluster_5,Information Technology,30.586969515839808,0.836097202345,2.2,0.0269,39.57,-8.98,Fairly Valued,0.1692,0.1626,0.0,13.5375,Fairly Valued (Cluster Model Insignificant)
ACN,9.89,4.73,Fairly Valued,0.3997,0.3397,0.0014,5.014,cluster_6,Information Technology,14.622641509433963,0.1213882259999999,1.069,0.5098,29.24,-14.62,Undervalued,0.1692,0.1626,0.0,13.5375,Conflicting
AES,17.72,-10.08,Undervalued,0.3997,0.3397,0.0014,5.014,cluster_6,Utilities,7.640625,0.0333168425336,0.946,0.3666,27.7,-20.06,Undervalued,0.1692,0.1626,0.0,13.5375,Strong Undervalued
AMT,14.68,16.68,Overvalued,0.3997,0.3397,0.0014,5.014,cluster_6,Real Estate,31.36025848142165,0.053134848,0.891,0.8226,27.95,3.41,Fairly Valued,0.1692,0.1626,0.0,13.5375,Conflicting
T,10.32,-2.84,Fairly Valued,0.3997,0.3397,0.0014,5.014,cluster_6,Communication Services,7.483552631578947,0.116631136349,0.395,0.3651,19.78,-12.3,Fairly Valued,0.1692,0.1626,0.0,13.5375,Fairly Valued
AVB,18.1,5.44,Overvalued,0.3997,0.3397,0.0014,5.014,cluster_6,Real Estate,23.538461538461537,0.012527791,0.789,0.8711,27.04,-3.5,Fairly Valued,0.1692,0.1626,0.0,13.5375,Conflicting
BBY,10.76,2.49,Fairly Valued,0.3997,0.3397,0.0014,5.014,cluster_6,Consumer Discretionary,13.248148148148148,0.1151221916416,1.33,0.70559996,33.56,-20.31,Undervalued,0.1692,0.1626,0.0,13.5375,Conflicting
BMY,9.04,7.0,Overvalued,0.3997,0.3397,0.0014,5.014,cluster_6,Health Care,16.04201680672269,0.1160797980059999,0.238,0.7003,18.53,-2.49,Fairly Valued,0.1692,0.1626,0.0,13.5375,Conflicting
CPB,18.23,-6.45,Undervalued,0.3997,0.3397,0.0014,5.014,cluster_6,Consumer Staples,11.782608695652174,0.021142102,0.01,0.8478,16.44,-4.66,Fairly Valued,0.1692,0.1626,0.0,13.5375,Conflicting
CMCSA,7.88,-3.21,Fairly Valued,0.3997,0.3397,0.0014,5.014,cluster_6,Communication Services,4.670588235294118,0.155044216,0.658,0.2588,22.82,-18.15,Undervalued,0.1692,0.1626,0.0,13.5375,Conflicting
D,17.56,2.17,Fairly Valued,0.3997,0.3397,0.0014,5.014,cluster_6,Utilities,19.734513274336283,0.0207875840852,0.642,0.78760004,24.78,-5.05,Fairly Valued,0.1692,0.1626,0.0,13.5375,Fairly Valued
EIX,10.33,-2.36,Fairly Valued,0.3997,0.3397,0.0014,5.014,cluster_6,Utilities,7.970652173913044,0.118711152,0.661,0.3707,23.35,-15.38,Undervalued,0.1692,0.1626,0.0,13.5375,Conflicting
ES,16.51,-1.39,Fairly Valued,0.3997,0.3397,0.0014,5.014,cluster_6,Utilities,15.117773019271947,0.037973765456,0.727,0.65199995,25.48,-10.36,Fairly Valued,0.1692,0.1626,0.0,13.5375,Fairly Valued
FRT,16.75,4.49,Fairly Valued,0.3997,0.3397,0.0014,5.014,cluster_6,Real Estate,21.24090121317158,0.032788694,0.94,0.7782,28.75,-7.51,Fairly Valued,0.1692,0.1626,0.0,13.5375,Fairly Valued
FIS,10.58,-2.64,Fairly Valued,0.3997,0.3397,0.0014,5.014,cluster_6,Financials,7.936046511627907,0.117508946555,0.802,0.31780002,25.11,-17.17,Undervalued,0.1692,0.1626,0.0,13.5375,Conflicting
FE,18.8,6.43,Overvalued,0.3997,0.3397,0.0014,5.014,cluster_6,Utilities,25.22826086956522,0.0030842909261002,0.458,0.96739995,22.78,2.45,Fairly Valued,0.1692,0.1626,0.0,13.5375,Conflicting
BEN,41.27,-17.35,Undervalued,0.3997,0.3397,0.0014,5.014,cluster_6,Financials,23.916030534351144,0.000509504,1.593,0.9924,38.82,-14.9,Undervalued,0.1692,0.1626,0.0,13.5375,Strong Undervalued
GIS,11.88,-3.77,Fairly Valued,0.3997,0.3397,0.0014,5.014,cluster_6,Consumer Staples,8.105134474327627,0.095755869,-0.041,0.5941,14.65,-6.54,Fairly Valued,0.1692,0.1626,0.0,13.5375,Fairly Valued
HST,14.36,2.39,Fairly Valued,0.3997,0.3397,0.0014,5.014,cluster_6,Real Estate,16.74829931972789,0.06777746,1.127,0.5442,30.43,-13.68,Undervalued,0.1692,0.1626,0.0,13.5375,Conflicting
HBAN,16.45,-3.74,Fairly Valued,0.3997,0.3397,0.0014,5.014,cluster_6,Financials,12.707692307692309,0.0438671650616999,0.969,0.47689998,28.24,-15.53,Undervalued,0.1692,0.1626,0.0,13.5375,Conflicting
KVUE,19.86,1.22,Fairly Valued,0.3997,0.3397,0.0014,5.014,cluster_6,Consumer Staples,21.083333333333336,0.0023394442896999,0.504,0.98510003,23.56,-2.48,Fairly Valued,0.1692,0.1626,0.0,13.5375,Fairly Valued
KEY,16.03,-2.68,Fairly Valued,0.3997,0.3397,0.0014,5.014,cluster_6,Financials,13.349693251533743,0.0495757090092,1.041,0.50310004,29.26,-15.91,Undervalued,0.1692,0.1626,0.0,13.5375,Conflicting
KMB,16.93,2.23,Fairly Valued,0.3997,0.3397,0.0014,5.014,cluster_6,Consumer Staples,19.15667311411993,0.0237978063092,0.302,0.97870004,20.67,-1.51,Fairly Valued,0.1692,0.1626,0.0,13.5375,Fairly Valued
MKC,4.99,2.75,Fairly Valued,0.3997,0.3397,0.0014,5.014,cluster_6,Consumer Staples,7.744262295081968,0.1774289999999999,0.641,0.3,22.56,-14.82,Undervalued,0.1692,0.1626,0.0,13.5375,Conflicting
OKE,16.21,-0.48,Fairly Valued,0.3997,0.3397,0.0014,5.014,cluster_6,Energy,15.73083778966132,0.0411092549999999,0.714,0.7415,25.55,-9.82,Fairly Valued,0.1692,0.1626,0.0,13.5375,Fairly Valued
PEP,14.88,7.4,Overvalued,0.3997,0.3397,0.0014,5.014,cluster_6,Consumer Staples,22.27943485086342,0.046862774136,0.359,0.8932,21.03,1.25,Fairly Valued,0.1692,0.1626,0.0,13.5375,Conflicting
PGR,10.35,0.02,Fairly Valued,0.3997,0.3397,0.0014,5.014,cluster_6,Financials,10.372140315200811,0.1110558051612,0.27,0.70699996,19.07,-8.7,Fairly Valued,0.1692,0.1626,0.0,13.5375,Fairly Valued
PRU,16.12,-5.35,Undervalued,0.3997,0.3397,0.0014,5.014,cluster_6,Financials,10.77445932028836,0.0469891527155999,0.855,0.56130004,26.92,-16.15,Undervalued,0.1692,0.1626,0.0,13.5375,Strong Undervalued
RF,14.62,-2.78,Fairly Valued,0.3997,0.3397,0.0014,5.014,cluster_6,Financials,11.84232365145228,0.06737328,1.027,0.4336,28.77,-16.93,Undervalued,0.1692,0.1626,0.0,13.5375,Conflicting
TROW,14.17,-2.8,Fairly Valued,0.3997,0.3397,0.0014,5.014,cluster_6,Financials,11.372317596566525,0.084418208483,1.519,0.5483,35.86,-24.49,Undervalued,0.1692,0.1626,0.0,13.5375,Conflicting
TGT,12.65,3.54,Fairly Valued,0.3997,0.3397,0.0014,5.014,cluster_6,Consumer Staples,16.191545574636724,0.0881260383955,0.991,0.59970003,28.63,-12.44,Fairly Valued,0.1692,0.1626,0.0,13.5375,Fairly Valued
TFC,16.55,-4.37,Fairly Valued,0.3997,0.3397,0.0014,5.014,cluster_6,Financials,12.178217821782178,0.0416167338509999,0.884,0.5149,27.21,-15.03,Undervalued,0.1692,0.1626,0.0,13.5375,Conflicting
USB,14.36,-2.68,Fairly Valued,0.3997,0.3397,0.0014,5.014,cluster_6,Financials,11.675052410901468,0.0701603522724,0.999,0.4319,28.36,-16.68,Undervalued,0.1692,0.1626,0.0,13.5375,Conflicting
VZ,14.87,-3.8,Fairly Valued,0.3997,0.3397,0.0014,5.014,cluster_6,Communication Services,11.065853658536586,0.0559966828405999,0.22,0.67440003,18.6,-7.53,Fairly Valued,0.1692,0.1626,0.0,13.5375,Fairly Valued
VICI,16.21,-6.67,Undervalued,0.3997,0.3397,0.0014,5.014,cluster_6,Real Estate,9.54109589041096,0.0441455759999999,0.676,0.6104,24.66,-15.12,Undervalued,0.1692,0.1626,0.0,13.5375,Strong Undervalued
