Ticker,Market Cap,PE Ratio (TTM),PE Ratio (Current),Dividend Yield,Beta,Payout Ratio,Return on Equity (ROE),Retention Ratio,EPS Growth (ROE x Retention),Sector
MMM,90867449856,33.5684,30.65703275529865,1.96,1.081,0.5723,0.71458,0.42769999999999997,0.30562586599999997,Industrials
AOS,8127754240,15.725333,15.701333333333334,2.45,1.153,0.37330002,0.28267,0.6266999799999999,0.17714928334659996,Industrials
ABT,176166977536,32.73139,32.89967637540453,2.48,0.607,0.7896,,0.21040000000000003,,Health Care
ABBV,451468558336,124.64878,123.60000000000001,2.73,0.283,3.2598002,,-2.2598002,,Health Care
ACN,86846816256,11.335463,11.559904153354632,4.5,1.122,0.5088,0.24406,0.49119999999999997,0.119882272,Information Technology
ADBE,90596212736,13.03116,13.421383647798743,0.0,1.433,0.0,0.62953997,1.0,0.62953997,Information Technology
AMD,872142995456,177.10596,166.74503311258277,0.0,2.469,0.0,0.08063,1.0,0.08063,Information Technology
AES,10566643712,7.7170315,7.708333333333334,4.76,0.942,0.3666,0.052600004,0.6334,0.0333168425336,Utilities
AFL,62475354112,14.028,14.180571428571428,1.97,0.603,0.26860002,0.16469,0.73139998,0.1204542627062,Financials
A,37403873280,26.593372,26.156626506024093,0.78,1.255,0.202,0.21330999,0.798,0.17022137202,Health Care
APD,66376654848,31.409904,31.257112750263435,2.44,0.736,0.7566,0.12353,0.24339999999999995,0.030067201999999994,Materials
ABNB,85446901760,35.63614,35.87623762376238,0.0,1.143,0.0,0.32325,1.0,0.32325,Consumer Discretionary
AKAM,18125205504,42.11824,41.597972972972975,0.0,0.633,0.0,0.091680005,1.0,0.091680005,Information Technology
ALB,13930440704,,,1.37,1.346,0.5797,-0.0182,0.4203,-0.00764946,Materials
ARE,8821520384,,,5.75,1.183,6.8946996,-0.04144,-5.8946996,0.24427635142399998,Real Estate
ALGN,12700043264,29.853535,29.46969696969697,0.0,1.669,0.0,0.10824,1.0,0.10824,Health Care
ALLE,11892483072,18.905449,18.870218579234972,1.53,0.858,0.2842,0.34179002,0.7158,0.24465329631600002,Industrials
LNT,18805149696,23.187897,23.554140127388532,2.89,0.54,0.64699996,0.113120005,0.35300003999999996,0.039931366289800194,Utilities
ALL,64517406720,5.546139,5.614737773843771,1.7,0.166,0.090299994,0.45221,0.909700006,0.41137543971326,Financials
GOOGL,4261497274368,26.679098,26.889992360580596,0.25,1.247,0.0641,0.38884997,0.9359,0.36392468692299995,Communication Services
GOOG,4254426988544,26.594204,26.801678108314267,0.25,1.247,0.0641,0.38884997,0.9359,0.36392468692299995,Communication Services
MO,122069041152,15.260961,15.586638830897703,5.68,0.494,0.8768,,0.12319999999999998,,Consumer Staples
AMZN,2665827008512,29.67904,29.938922155688626,0.0,1.461,0.0,0.24285,1.0,0.24285,Consumer Discretionary
AMCR,20165208064,34.892002,34.583999999999996,6.01,0.614,2.0683,0.08737001,-1.0682999999999998,-0.09333738168299999,Materials
AEE,30258636800,19.629263,19.824057450628366,2.72,0.481,0.518,0.117469996,0.482,0.056620538071999994,Utilities
AEP,70777184256,19.242603,19.386094674556215,2.9,0.504,0.55619997,0.12585,0.44380003,0.0558522337755,Utilities
AXP,238855192576,21.865084,21.98188632104934,1.08,1.045,0.21290001,0.34419,0.78709999,0.2709119455581,Financials
AIG,42167300096,14.0017605,14.049295774647888,2.51,0.541,0.3169,0.07723,0.6831,0.052755813,Financials
AMT,76839739392,26.601612,26.94516129032258,4.18,0.909,0.8226,0.29952,0.1774,0.053134848000000005,Real Estate
AWK,25581748224,23.226952,23.6968085106383,2.68,0.599,0.5869,0.10217,0.4131,0.042206427,Utilities
AMP,47258451968,13.093275,13.106351183063513,1.29,1.159,0.1595,0.66936,0.8405,0.56259708,Financials
AME,54340595712,35.867626,35.5839636913767,0.58,0.99,0.1918,0.14626999,0.8082,0.11821540591799999,Industrials
AMGN,196626579456,25.335194,25.324756606397774,2.77,0.403,0.6722,1.01318,0.3278,0.332120404,Health Care
APH,191609028608,44.75575,43.25,0.66,1.243,0.2385,0.36825,0.7615000000000001,0.28042237500000006,Information Technology
ADI,187192426496,57.359703,55.591044776119396,1.18,1.188,0.6057,0.09639,0.3943,0.038006577,Information Technology
AON,76018442240,19.545855,19.92202086765513,0.9,0.705,0.16360001,0.46447,0.83639999,0.3884827033553,Financials
APA,12601214976,8.310023,8.121212121212121,2.87,0.347,0.2331,0.26217,0.7669,0.201058173,Energy
APO,68718985216,75.44095,74.83544303797467,1.9,1.499,1.283,0.08492,-0.2829999999999999,-0.024032359999999992,Financials
AAPL,4819214925824,39.72397,39.53874092009685,0.33,1.097,0.1259,1.4147099,0.8741,,Information Technology
AMAT,449710522368,53.334743,49.500941619585696,0.4,1.567,0.1731,0.39692003,0.8269,0.32821317280699996,Information Technology
APP,144168435712,37.28497,36.889661164205044,0.0,2.483,0.0,2.66444,1.0,,Information Technology
APTV,12412601344,34.913692,34.11309523809524,0.0,1.344,0.0,0.040799998,1.0,0.040799998,Consumer Discretionary
ACGL,34938961920,7.6923075,7.833076923076923,0.0,0.292,0.0,0.21305999,1.0,0.21305999,Financials
ADM,41501274112,38.441963,38.24553571428571,2.43,0.609,0.9152,0.047659997,0.08479999999999999,0.0040415677455999995,Consumer Staples
ARES,40261079040,58.12381,57.74761904761905,4.45,1.536,2.1705,0.14182,-1.1705,-0.16600031,Financials
ANET,221525671936,60.45704,58.19587628865979,0.0,1.601,0.0,0.31520998,1.0,0.31520998,Information Technology
AJG,63568736256,39.9685,40.97899838449111,1.1,0.508,0.42880002,0.07007,0.57119998,0.0400239825986,Financials
AIZ,13573327872,14.048462,14.126666666666669,1.28,0.555,0.1722,0.18016,0.8278,0.14913644799999998,Financials
T,152898191360,7.4090905,7.39057239057239,5.06,0.422,0.3737,0.18370001,0.6263000000000001,0.11505131626300001,Communication Services
ATO,29164650496,21.51755,21.838669950738918,2.26,0.598,0.46060002,0.096,0.53939998,0.05178239808,Utilities
ADSK,45052059648,31.194443,31.842105263157897,0.0,1.318,0.0,0.50396,1.0,0.50396,Information Technology
ADP,99941564416,23.322762,23.809701492537314,2.66,0.841,0.6045,0.71208,0.39549999999999996,0.28162764,Industrials
AZO,49062834176,20.653667,20.576798845440177,0.0,0.335,0.0,,1.0,,Consumer Discretionary
AVB,27066681344,23.579826,23.742574257425744,3.71,0.78,0.8711,0.09719,0.12890000000000001,0.012527791000000002,Real Estate
AVY,12057179136,17.751127,17.833333333333332,2.53,0.826,0.4234,0.30857,0.5766,0.177921462,Materials
AXON,42141995008,210.82259,212.6935483870968,0.0,1.378,0.0,0.06765,1.0,0.06765,Industrials
BKR,55367352320,17.830671,17.619808306709267,1.67,0.96,0.29389998,0.17184,0.70610002,0.1213362274368,Energy
BALL,16730931200,18.3207,18.14868804664723,1.29,0.986,0.2332,0.16785999,0.7668,0.12871504033199999,Materials
BAC,427714969600,14.07522,13.953810623556581,1.85,1.175,0.2587,0.111990005,0.7413000000000001,0.08301819070650002,Financials
BAX,11380393984,,,0.91,0.613,3.0769,-0.15010999,-2.0769,0.311763438231,Health Care
BDX,42119106560,26.677137,26.95986038394415,2.72,0.271,0.7295,0.06672,0.27049999999999996,0.01804776,Health Care
BRK-B,1054226972672,14.547025,14.620535714285714,0.0,0.607,0.0,0.10499,1.0,0.10499,Financials
BBY,17554794496,15.424074,15.764814814814812,4.51,1.33,0.70559996,0.39104,0.29440004,0.1151221916416,Consumer Discretionary
TECH,11151368192,102.24286,102.34285714285716,0.45,1.289,0.4571,0.053400002,0.5428999999999999,0.0289908610858,Health Care
BIIB,29734115328,21.655912,21.499999999999996,0.0,0.158,0.0,0.077010006,1.0,0.077010006,Health Care
BLK,171361714176,25.248442,25.25419262098706,2.17,1.443,0.5243,,0.4757,,Financials
BX,151988273152,31.803068,31.613810741687978,4.02,1.58,1.2154,0.29533002,-0.21540000000000004,-0.06361408630800001,Financials
XYZ,47903141888,62.878906,61.94531250000001,0.0,2.541,0.0,0.03743,1.0,0.03743,Financials
BNY,108571435008,19.60099,19.44609665427509,1.41,1.058,0.2556,0.14124,0.7444,0.105139056,Financials
BA,165858803712,83.162056,82.79841897233202,0.0,1.205,0.0,1.69947,1.0,,Industrials
BKNG,137874112512,23.442686,23.642951251646902,0.9,1.075,0.20729999,,0.79270001,,Consumer Discretionary
BSX,64440930304,18.140167,18.313807531380753,0.0,0.577,0.0,0.14661,1.0,0.14661,Health Care
BMY,123198169088,16.89916,16.8515406162465,4.19,0.235,0.7003,0.38731998,0.29969999999999997,0.11607979800599999,Health Care
AVGO,1831192625152,64.04326,62.92179700499169,0.69,1.462,0.41259998,0.37280998,0.58740002,0.2189885897081996,Information Technology
BR,16862980096,15.593582,16.04491978609626,2.6,0.903,0.407,0.42314,0.593,0.25092202,Industrials
BRO,22511220736,21.63355,22.456026058631924,0.94,0.599,0.2052,0.11926,0.7948,0.094787848,Financials
BF-B,12017654784,17.117647,17.26143790849673,3.48,0.344,0.598,0.17846,0.402,0.07174092000000001,Consumer Staples
BLDR,7565761024,26.847328,27.748091603053435,0.0,1.418,0.0,0.06958,1.0,0.06958,Industrials
BG,23467460608,31.830263,31.707894736842107,2.39,0.639,0.7368,0.04933,0.2632,0.012983656,Consumer Staples
BXP,12132308992,34.190956,34.12060301507538,4.12,1.039,1.5477,0.05525,-0.5477000000000001,-0.030260425000000004,Real Estate
CHRW,24684972032,42.39271,41.65991902834008,1.22,0.915,0.5061,0.34838,0.4939,0.172064882,Industrials
CDNS,93964992512,79.41259,76.9067599067599,0.0,1.148,0.0,0.20656,1.0,0.20656,Information Technology
CPT,11106073600,31.307264,31.525139664804467,3.76,0.798,1.176,0.09064999,-0.17599999999999993,-0.015954398239999994,Real Estate
COF,126752161792,63.31077,63.621538461538464,1.55,1.022,0.86120003,0.03259,0.13879997,0.0045234910223,Financials
CAH,52972679168,34.531296,34.465648854961835,0.91,0.493,0.31190002,,0.68809998,,Health Care
CCL,35867824128,11.796216,11.729729729729728,1.73,2.322,0.1351,0.26689,0.8649,0.230833161,Consumer Discretionary
CARR,55927132160,44.89,44.49333333333333,1.43,1.309,0.61,0.09907,0.39,0.038637300000000006,Industrials
CVNA,69868437504,36.82081,37.07514450867052,0.0,3.462,0.0,0.60172004,1.0,0.60172004,Consumer Discretionary
CASY,31798134784,44.895245,45.26959247648903,0.3,0.619,0.118999995,0.19153,0.881000005,0.16873793095765,Consumer Staples
CAT,408374673408,44.22095,43.107231920199496,0.75,1.565,0.2958,0.51331,0.7041999999999999,0.361472902,Industrials
CBOE,28713334784,23.429974,23.75832621690862,1.04,0.443,0.2383,0.2514,0.7617,0.19149138000000002,Financials
CBRE,40473108480,31.557077,31.64840182648402,0.0,1.205,0.0,0.15597,1.0,0.15597,Real Estate
CDW,16515965952,15.74665,15.835566382460412,1.94,0.962,0.3057,0.44157,0.6942999999999999,0.30658205099999997,Information Technology
COR,58755489792,23.158741,23.31211656441718,0.79,0.581,0.1762,1.0713401,0.8238,0.88256997438,Health Care
CNC,32985640960,,,0.0,1.077,0.0,-0.26044,1.0,-0.26044,Health Care
CNP,27857807360,26.125767,26.37423312883436,2.23,0.454,0.546,0.09561,0.45399999999999996,0.04340694,Utilities
CF,18997504000,11.140368,11.132432432432433,1.94,0.39,0.18020001,0.273,0.81979999,0.22380539727000004,Materials
CRL,10643141632,,,0.0,1.399,0.0,-0.0587,1.0,-0.0587,Health Care
SCHW,177670094848,20.310139,20.38568588469185,1.25,0.762,0.22469999,0.19083,0.77530001,0.1479505009083,Financials
CHTR,20300816384,3.5047336,3.493643494725453,0.0,0.704,0.0,0.27504998,1.0,0.27504998,Communication Services
CVX,379737931776,33.16,32.99304347826087,3.75,0.488,1.2038,0.06638,-0.20379999999999998,-0.013528243999999998,Energy
CMG,42785591296,30.600916,30.394495412844037,0.0,0.964,0.0,0.49231997,1.0,0.49231997,Consumer Discretionary
CB,136565538816,12.454899,12.470109656880084,1.16,0.406,0.1372,0.15433,0.8628,0.133155924,Financials
CHD,22596126720,31.370066,32.16776315789474,1.26,0.467,0.3923,0.16779,0.6077,0.101965983,Consumer Staples
CIEN,57936199680,136.88629,126.67892976588627,0.0,1.274,0.0,0.15464,1.0,0.15464,Information Technology
CI,75760754688,12.135381,12.03135593220339,2.2,0.303,0.2582,0.16268998,0.7418,0.12068342716400002,Health Care
CINF,27605395456,10.203546,10.312178387650087,2.08,0.553,0.203,0.18735,0.7969999999999999,0.14931794999999998,Financials
CTAS,79889350656,40.744896,41.183673469387756,0.89,0.933,0.3666,0.40714002,0.6334,0.25788248866799995,Industrials
CSCO,437893758976,37.033367,36.9,1.52,1.007,0.55,0.25229,0.44999999999999996,0.11353049999999999,Information Technology
C,221819387904,14.250001,13.870689655172415,1.86,1.094,0.2586,0.08529,0.7414000000000001,0.06323400600000001,Financials
CFG,30147483648,15.539214,15.577342047930284,2.57,0.998,0.39220002,0.08270001,0.60779998,0.050265064423999806,Financials
CLX,11588497408,15.582927,15.65691056910569,5.15,0.531,0.8033,5.46099,0.19669999999999999,,Consumer Staples
CME,87234150400,20.599829,20.91382252559727,2.12,0.276,0.95559996,0.15919,0.044400039999999974,0.007068042367599996,Financials
CMS,22234488832,19.937674,20.18836565096953,3.13,0.342,0.6079,0.103719994,0.3921,0.040668609647399996,Utilities
KO,353362870272,25.827044,25.82389937106918,2.58,0.349,0.64779997,0.43372002,0.35220003,0.1527562040556006,Consumer Staples
CTSH,20783620096,9.531453,9.683297180043384,2.96,0.859,0.2733,0.14876,0.7267,0.10810389200000001,Information Technology
COHR,61150986240,148.13745,135.260663507109,0.0,2.037,0.0,0.04718,1.0,0.04718,Information Technology
COIN,47121063936,65.51436,58.765567765567766,0.0,3.351,0.0,0.06686,1.0,0.06686,Financials
CL,72201084928,34.97287,35.63178294573643,2.31,0.319,0.8062,3.6357698,0.19379999999999997,0.7046121872399999,Consumer Staples
CMCSA,84929732608,4.6617646,4.662745098039216,5.55,0.655,0.2588,0.20918,0.7412000000000001,0.155044216,Communication Services
FIX,62282481664,51.176495,49.499277247759466,0.15,1.66,0.065,0.53294,0.935,0.4982989,Industrials
COP,142595227648,19.838135,19.606779661016947,2.9,0.122,0.5492,0.112840004,0.4508,0.0508682738032,Energy
ED,40401907712,18.487352,18.726812816188872,3.16,0.264,0.5797,0.08732,0.4203,0.036700595999999995,Utilities
STZ,22416363520,12.510963,12.808388941849381,3.07,0.382,0.38950002,0.2369,0.6104999799999999,0.144627445262,Consumer Staples
CEG,93492879360,22.746307,22.02432667245873,0.67,1.121,0.1381,0.16104999,0.8619,0.138808986381,Utilities
COO,13874478080,60.80342,61.188034188034194,0.0,0.84,0.0,0.02853,1.0,0.02853,Health Care
CPRT,26081576960,16.81677,17.074534161490682,0.0,1.023,0.0,0.17607,1.0,0.17607,Industrials
GLW,139285544960,77.80765,73.60576923076923,0.73,1.086,0.5385,0.1674,0.4615,0.07725510000000001,Information Technology
CPAY,23832918016,21.847214,22.125823846614736,0.0,0.881,0.0,0.32124,1.0,0.32124,Financials
CTVA,58374606848,47.178375,46.90810810810811,0.83,0.558,0.3838,0.051370002,0.6162000000000001,0.031654195232400005,Materials
CSGP,11789230080,412.4286,423.99999999999994,0.0,0.735,0.0,0.00303,1.0,0.00303,Real Estate
COST,411974074368,46.822582,47.167338709677416,0.63,0.872,0.2701,0.29152,0.7299,0.212780448,Consumer Staples
CRH,66318868480,18.413729,18.543599257884974,1.56,1.189,0.2783,0.15812,0.7217,0.11411520400000001,Materials
CRWD,195953819648,,,0.0,1.237,0.0,-0.0024899999,1.0,-0.0024899999,Information Technology
CCI,33777016832,32.65401,32.9873417721519,5.44,0.972,1.7932,,-0.7931999999999999,,Real Estate
CSX,92265881600,30.46319,30.74233128834356,1.12,1.211,0.3252,0.23684,0.6748000000000001,0.15981963200000002,Industrials
CMI,90592591872,34.104935,33.21714285714285,1.38,1.222,0.4062,0.21993999,0.5938,0.130600366062,Industrials
CVS,138795368448,47.710526,47.19736842105264,2.47,0.598,1.1667,0.037520003,-0.16670000000000007,-0.006254584500100003,Health Care
DHR,122946838528,33.599613,38.89941972920697,0.8,0.823,0.2636,0.0708,0.7363999999999999,0.052137119999999995,Health Care
DRI,22026225664,18.420498,18.660919540229884,3.14,0.585,0.5747,0.53718,0.4253,0.22846265400000001,Consumer Discretionary
DDOG,91499560960,659.10254,674.8717948717948,0.0,1.543,0.0,0.039300002,1.0,0.039300002,Information Technology
DVA,15176222720,22.800869,22.574734811957573,0.0,0.882,0.0,0.80981004,1.0,0.80981004,Health Care
DECK,14295017472,14.662394,14.820512820512823,0.0,1.167,0.0,0.40859002,1.0,0.40859002,Consumer Discretionary
DE,159598297088,33.496033,33.21995464852608,1.11,0.897,0.3671,0.18349001,0.6329,0.11613082732900001,Industrials
DELL,259749249024,32.006367,30.354299363057322,0.66,1.376,0.1757,,0.8243,,Information Technology
DAL,55552704512,14.00912,14.019900497512438,0.92,1.288,0.1244,0.20125,0.8756,0.17621450000000002,Industrials
DVN,50957348864,12.306407,12.194986072423399,2.38,0.432,0.2674,0.15178001,0.7325999999999999,0.11119403532599999,Energy
DXCM,28934686720,32.182404,32.48497854077253,0.0,1.453,0.0,0.35624,1.0,0.35624,Health Care
FANG,56164761600,203.72652,199.3673469387755,2.25,0.407,4.1327,0.0047400002,-3.1327,-0.01484899862654,Energy
DLR,67442454528,47.54377,46.750663129973475,2.77,1.053,1.2944,0.05688,-0.2944,-0.016745472,Real Estate
DG,27249068032,17.472418,17.644978783592645,1.89,0.247,0.33380002,0.1891,0.66619998,0.125978416218,Consumer Staples
DLTR,24279336960,20.279293,20.285714285714285,0.0,0.651,0.0,0.33976,1.0,0.33976,Consumer Staples
D,61754966016,20.712387,20.755162241887906,3.79,0.636,0.78760004,0.09787,0.21239996000000005,0.020787584085200005,Utilities
DPZ,11003692032,18.764606,18.659671015314807,2.42,,0.42290002,,0.5770999800000001,,Consumer Discretionary
DASH,81313824768,88.028305,89.16037735849056,0.0,1.779,0.0,0.09922,1.0,0.09922,Consumer Discretionary
DOV,28470788096,26.39513,26.17103620474407,0.99,1.16,0.2594,0.14998001,0.7405999999999999,0.11107519540599999,Industrials
DOW,22332174336,,,4.61,0.435,7.0,-0.15262,-6.0,0.9157200000000001,Materials
DHI,40807104512,13.499062,13.582551594746716,1.24,1.361,0.1596,0.13084,0.8404,0.10995793600000002,Consumer Discretionary
DTE,30016405504,23.692938,23.96551724137931,3.19,0.381,0.7418,0.10423,0.2582,0.026912185999999998,Utilities
DUK,97285816320,19.228045,19.391371340523882,3.45,0.373,0.65230006,0.09661,0.34769994000000004,0.03359129120340001,Utilities
DD,18729891840,121.68421,119.07894736842107,1.77,1.083,3.2104998,0.00896,-2.2104998,-0.019806078207999997,Materials
ETN,157562437632,39.626465,39.2001953125,1.1,1.181,0.4129,0.20844999,0.5871,0.12238098912899999,Industrials
EBAY,50245259264,26.135105,26.371824480369515,1.09,1.365,0.2725,0.42875,0.7275,0.31191562500000003,Consumer Discretionary
ECHO,27719211008,,,0.0,1.004,0.0,-1.1228399,1.0,,Communication Services
ECL,74783571968,35.9567,36.3531799729364,1.09,0.895,0.3735,0.22427,0.6265000000000001,0.14050515500000002,Materials
EIX,29840773120,8.429348,8.396739130434783,4.54,0.649,0.3707,0.18864,0.6293,0.118711152,Utilities
EW,48211734528,45.25946,45.945945945945944,0.0,0.855,0.0,0.1046,1.0,0.1046,Health Care
EA,52422107136,59.392044,59.45738636363636,0.36,0.641,0.2165,0.1349,0.7835,0.10569414999999999,Communication Services
ELV,84635410432,17.24525,16.890410958904113,1.8,0.683,0.3034,0.11133,0.6966,0.077552478,Health Care
EME,33665730560,25.402554,25.001008064516128,0.22,1.126,0.038599998,0.39229,0.961400002,0.37714760678458004,Industrials
EMR,77736271872,32.12731,31.61574074074074,1.63,1.244,0.50119996,0.12328,0.49880004,0.0614920689312,Industrials
ETR,52109340672,28.489796,28.5484693877551,2.29,0.489,0.6327,0.10751,0.36729999999999996,0.039488422999999995,Utilities
EOG,76237783040,14.074237,13.873156342182892,2.89,0.261,0.3923,0.18195,0.6077,0.11057101500000001,Energy
EQT,30886105088,9.370019,9.307400379506642,1.35,0.55,0.1224,0.13402,0.8776,0.11761595200000001,Energy
EFX,20428263424,29.865961,31.76014109347443,1.24,1.316,0.36270002,0.1437,0.63729998,0.091580007126,Industrials
EQIX,101451808768,71.18824,70.40207612456747,1.94,0.971,1.3299,0.10059,-0.3299000000000001,-0.03318464100000001,Real Estate
EQR,26408798208,27.449799,27.63052208835341,4.08,0.754,1.1118,0.08671,-0.1117999999999999,-0.00969417799999999,Real Estate
ERIE,11362849792,19.899725,20.605311355311354,2.6,0.286,0.5179,0.2585,0.4821,0.12462285,Financials
ESS,20141611008,32.83371,33.01460674157303,3.53,0.715,1.1586,0.105579995,-0.15860000000000007,-0.016744987207000007,Real Estate
EL,29924057088,,,1.67,1.261,4.7143,-0.05949,-3.7142999999999997,0.22096370699999998,Consumer Staples
EG,14880108544,7.655334,7.715594462540717,2.11,0.287,0.16290002,0.13822,0.83709998,0.1157039592356,Financials
EVRG,19529064448,22.531916,22.648936170212767,3.26,0.524,0.72470003,0.08866999,0.27529996999999995,0.024410845586900296,Utilities
ES,27555383296,15.689507,15.856531049250535,4.25,0.714,0.65199995,0.10912,0.34800005,0.037973765456,Utilities
EXC,46893629440,16.787546,16.835164835164836,3.66,0.405,0.5934,0.09764,0.40659999999999996,0.039700424,Utilities
EXE,20970801152,6.5223217,6.469494047619048,3.67,0.326,0.2374,0.17568001,0.7626,0.13397357562599999,Energy
EXPE,31713435648,23.341875,23.41696113074205,0.66,1.232,0.14840001,0.71494,0.85159999,0.6088428968506,Consumer Discretionary
EXPD,23386107904,28.886105,28.65428109854604,0.91,1.038,0.2488,0.36641,0.7512,0.27524719200000003,Industrials
EXR,32433180672,33.024723,33.09662921348315,4.4,1.2,1.4562,0.0683,-0.45619999999999994,-0.031158459999999995,Real Estate
XOM,627462111232,25.527826,25.018549747048908,2.78,0.162,0.6801,0.09873,0.31989999999999996,0.031583727,Energy
FFIV,23223289856,33.76702,33.79163248564397,0.0,1.03,0.0,0.2034,1.0,0.2034,Information Technology
FDS,8952203264,16.592617,16.86156888595913,1.81,0.715,0.2938,0.27032,0.7061999999999999,0.190899984,Financials
FICO,28488290304,38.87421,39.994620253164555,0.0,1.29,0.0,,1.0,,Information Technology
FAST,51235770368,38.826088,38.92173913043479,2.14,0.713,0.78629994,0.34334,0.21370005999999997,0.07337177860039998,Industrials
FRT,10929119232,21.82986,21.803819444444446,3.6,0.932,0.7782,0.14783,0.2218,0.032788694,Real Estate
FDX,75032281088,16.942888,16.498922413793107,1.59,1.337,0.3127,0.14846,0.6873,0.10203655800000001,Industrials
FDXF,22427502592,33.102196,32.997802197802194,0.0,,0.0,,1.0,,Industrials
FIS,21533184000,8.073644,8.19186046511628,3.97,0.813,0.31780002,0.17225,0.68219998,0.117508946555,Financials
FITB,51656527872,19.185184,19.326599326599325,2.79,0.922,0.5387,0.08447,0.46130000000000004,0.038966011,Financials
FSLR,22184820736,13.33721,13.262919896640827,0.0,1.73,0.0,0.18436001,1.0,0.18436001,Information Technology
FE,27952687104,26.263586,26.380434782608695,3.83,0.454,0.96739995,0.094610006,0.03260004999999999,0.0030842909261002993,Utilities
FISV,27182620672,8.63983,8.759322033898304,0.0,,0.0,,1.0,,Financials
FLEX,46044176384,53.935623,51.463519313304715,0.0,1.626,0.0,0.17347,1.0,0.17347,Information Technology
F,57001029632,,,4.29,1.828,0.641,-0.14813,0.359,-0.053178670000000004,Consumer Discretionary
FTNT,115615571968,61.164726,62.15503875968992,0.0,1.09,0.0,1.32392,1.0,,Information Technology
FTV,18497441792,35.691174,35.87647058823529,0.39,0.977,0.1526,0.06814,0.8473999999999999,0.057741836,Industrials
FOXA,24089698304,15.097368,15.126315789473685,0.97,0.55,0.14739999,0.152,0.85260001,0.12959520151999998,Communication Services
FOX,21616484352,13.547368,13.56578947368421,1.09,0.55,0.14739999,0.152,0.85260001,0.12959520151999998,Communication Services
BEN,16994734080,24.96565,24.6030534351145,4.1,1.576,0.9924,0.06704,0.007600000000000051,0.0005095040000000034,Financials
FCX,89121521664,32.801586,31.105820105820108,1.02,1.364,0.3175,0.15630999,0.6825,0.106681568175,Materials
GRMN,47161536512,27.292688,27.320312499999996,1.72,0.914,0.4018,0.19899,0.5982000000000001,0.11903581800000002,Consumer Discretionary
IT,9144957952,13.5103855,13.952522255192878,0.0,0.963,0.0,0.94878,1.0,0.94878,Information Technology
GE,355147284480,40.459812,40.342789598108745,0.55,1.348,0.1958,0.48231998,0.8042,0.387881727916,Industrials
GEHC,28362502144,14.952038,15.06714628297362,0.22,0.839,0.042,0.19462,0.958,0.18644596,Health Care
GEV,291888988160,31.751532,31.545746857643966,0.19,0.935,0.0511,0.75708,0.9489,0.718393212,Industrials
GEN,15862083584,16.7707,16.99044585987261,1.87,1.207,0.3185,0.39876997,0.6815,0.27176173455499997,Information Technology
GNRC,12718283776,67.51406,66.640625,0.0,1.895,0.0,0.07388,1.0,0.07388,Industrials
GD,100324188160,23.332077,23.30817610062893,1.72,0.338,0.3833,0.17974001,0.6167,0.11084566416700001,Industrials
GIS,19939346432,,,6.49,-0.047,0.5941,-0.01028,0.40590000000000004,-0.004172652,Consumer Staples
GM,71087284224,28.773722,27.66423357664233,0.95,1.309,0.2299,0.040149998,0.7701,0.0309195134598,Consumer Discretionary
GPC,15982348288,261.0909,278.1818181818182,3.47,0.642,9.4375,0.01342,-8.4375,-0.11323124999999999,Consumer Discretionary
GILD,161981415424,17.75034,18.123809523809527,2.46,0.343,0.43400002,0.4336,0.56599998,0.24541759132799998,Health Care
GPN,22043504640,29.626837,30.283088235294116,1.21,0.769,0.3676,0.02935,0.6324000000000001,0.01856094,Financials
GL,14286636032,12.733564,12.750865051903116,0.72,0.47,0.0789,0.20455,0.9211,0.18841100500000002,Financials
GDDY,12228048896,14.635499,15.030110935023773,0.0,0.888,0.0,3.98215,1.0,,Information Technology
GS,318360223744,16.658846,16.286353812905215,1.9,1.292,0.2625,0.16951999,0.7375,0.12502099262500002,Financials
HAL,27751915520,18.353592,19.397790055248617,1.94,0.725,0.3757,0.14626999,0.6243000000000001,0.091316354757,Energy
HIG,38430400512,9.872536,9.8943661971831,1.71,0.468,0.1576,0.22735001,0.8424,0.191519648424,Financials
HAS,12288465920,,,3.44,0.482,0.92410004,-0.23316,0.07589995999999999,-0.017696834673599997,Consumer Discretionary
HCA,82058567680,12.737606,12.75550964187328,0.84,1.128,0.1013,,0.8987,,Health Care
DOC,15460236288,70.078125,69.65625,5.47,1.004,3.8126001,0.027999999,-2.8126001,-0.07875279998739991,Real Estate
HSIC,9759248384,25.882175,26.042296072507554,0.0,0.806,0.0,0.08762,1.0,0.08762,Health Care
HSY,34532057088,31.70205,31.973929236499067,3.38,0.098,1.0358,0.23234,-0.035800000000000054,-0.008317772000000011,Consumer Staples
HPE,61694644224,43.542053,41.64485981308411,1.28,1.438,0.5093,0.06315,0.4907,0.030987705,Information Technology
HLT,74117750784,49.555553,49.2283105022831,0.19,1.052,0.0916,,0.9084,,Consumer Discretionary
HD,328682373120,23.394806,23.636621717530165,2.8,0.951,0.65550005,1.2838,0.34449995,0.44226903581000004,Consumer Discretionary
HONA,62971170816,41.740543,42.535714285714285,0.0,,0.0,,1.0,,Industrials
HON,73186934784,18.435755,18.051077414205906,4.21,0.93,0.74120003,0.24264,0.25879997,0.0627952247208,Industrials
HST,16792612864,16.465986,16.36734693877551,3.33,1.119,0.5442,0.1487,0.4558,0.06777746,Real Estate
HWM,110723743744,64.35697,63.251162790697684,0.18,1.189,0.1067,0.33818,0.8933,0.302096194,Industrials
HPQ,22588710912,9.148149,8.97037037037037,4.95,1.212,0.4366,,0.5634,,Information Technology
HUBB,25580175360,28.59362,28.646190194920262,1.17,0.892,0.32389998,0.25822002,0.67610002,0.1745825606864004,Industrials
HUM,48667062272,43.306744,42.542735042735046,0.89,0.717,0.3778,0.062800005,0.6222,0.039074163111,Health Care
HBAN,36569231360,13.876846,13.892307692307691,3.43,0.952,0.47689998,0.083859995,0.52310002,0.0438671650616999,Financials
HII,10667458560,17.590643,17.546458739441196,2.04,0.248,0.3548,0.12198,0.6452,0.07870149600000001,Industrials
IBM,197300715520,18.560566,18.832891246684348,3.17,0.675,0.59470004,0.35772,0.40529996,0.14498390169119998,Information Technology
IEX,16362877952,32.655094,32.6794682422452,1.32,0.974,0.42009997,0.12748,0.57990003,0.07392565582440001,Industrials
IDXX,43707494400,40.771156,41.48712288447388,0.0,1.549,0.0,0.72915,1.0,0.72915,Health Care
ITW,78487437312,25.354088,25.25,2.37,1.011,0.5877,0.96848,0.4123,0.399304304,Industrials
INCY,23528343552,16.63418,16.334745762711865,0.0,0.758,0.0,0.30823,1.0,0.30823,Health Care
IR,31526094848,54.43243,54.175675675675684,0.1,1.168,0.0541,0.057150003,0.9459,0.05405818783769999,Industrials
PODD,11330315264,38.219624,39.10514018691589,0.0,1.111,0.0,0.22997999,1.0,0.22997999,Health Care
INTC,522075734016,,,0.0,2.187,0.0,-0.02911,1.0,-0.02911,Information Technology
IBKR,160827310080,40.693134,39.347639484978544,0.38,1.329,0.1373,0.2356,0.8627,0.20325212,Financials
ICE,79160442880,20.375546,20.606986899563317,1.47,0.948,0.28530002,0.13853,0.71469998,0.09900738822939999,Financials
IFF,19686451200,23.873066,23.922600619195045,2.07,0.944,0.4954,0.060510002,0.5045999999999999,0.030533347009199997,Materials
IP,19298244608,,,5.1,0.898,1.5812,-0.16036,-0.5811999999999999,0.093201232,Materials
INTU,79607472128,17.745731,17.915853658536587,1.63,0.996,0.2831,0.22496,0.7169,0.16127382399999998,Information Technology
ISRG,126294474752,40.894493,40.50114678899082,0.0,1.46,0.0,0.17423001,1.0,0.17423001,Health Care
IVZ,13374259200,,,2.9,1.597,0.5646,-0.01535,0.4354,-0.006683390000000001,Financials
INVH,17767794688,31.484211,31.66315789473684,3.99,0.843,1.2421,0.061929997,-0.24209999999999998,-0.014993252273699999,Real Estate
IQV,33631184896,25.031677,25.32919254658385,0.0,1.2,0.0,0.22490999,1.0,0.22490999,Health Care
IRM,38011752448,138.86957,135.0326086956522,2.78,1.219,3.5848,,-2.5848,,Real Estate
JBHT,27398141952,41.50498,41.33854907539118,0.62,1.294,0.2532,0.18448,0.7468,0.13776966400000001,Industrials
JBL,33180305408,39.679825,38.33458646616541,0.1,1.279,0.0401,0.65876,0.9599,0.6323437239999999,Information Technology
JKHY,10659748864,20.983217,21.42097902097902,1.55,0.571,0.32819998,0.24892001,0.67180002,0.1672244676964002,Financials
J,15263133696,38.12979,38.197640117994105,1.11,0.672,0.38939998,0.09380999,0.61060002,0.0572803817701998,Industrials
JNJ,604299329536,29.15639,28.898954703832754,2.15,0.235,0.6079,,0.3921,,Health Care
JCI,86465585152,43.207317,42.49085365853659,1.15,1.319,0.48009998,0.13449,0.51990002,0.0699213536898,Industrials
JPM,913131634688,14.711563,14.512633832976444,1.77,0.982,0.2571,0.17789,0.7429,0.132154481,Financials
KVUE,36470566912,22.613096,22.642857142857142,4.36,0.437,0.98510003,0.15701,0.014899969999999985,0.002339444289699998,Consumer Staples
KDP,41667133440,22.685184,22.548148148148147,3.02,0.407,0.6815,0.06312,0.3185,0.02010372,Consumer Staples
KEY,24850413568,14.124601,14.30674846625767,3.52,1.024,0.50310004,0.09977,0.49689996000000003,0.049575709009200004,Financials
KEYS,55561498624,52.270096,50.5032154340836,0.0,1.214,0.0,0.18174,1.0,0.18174,Information Technology
KMB,35861176320,20.896519,20.9825918762089,4.72,0.279,0.97870004,1.11727,0.021299960000000007,0.023797806309200007,Consumer Staples
KIM,17554366464,29.91954,29.919540229885058,4.0,0.969,1.1724,0.058579996,-0.1724000000000001,-0.010099191310400006,Real Estate
KMI,71572643840,21.590603,21.865771812080535,3.61,0.533,0.78519994,0.10597,0.21480005999999996,0.022762362358199995,Energy
KKR,90810482688,33.12585,32.98299319727891,0.77,1.794,0.2517,0.076630004,0.7483,0.0573422319932,Financials
KLAC,282684489728,61.30453,58.81019830028329,0.44,1.407,0.2152,0.94975996,0.7847999999999999,0.7453716166079999,Information Technology
KHC,30670139392,,,6.19,0.077,0.7306,-0.12576,0.2694,-0.033879743999999996,Consumer Staples
KR,35187396608,33.58772,34.12865497076024,2.47,0.435,0.80120003,0.13779001,0.19879997000000005,0.027392649854299705,Consumer Staples
LHX,52142096384,30.422829,30.494565217391308,1.78,0.746,0.5266,,0.47340000000000004,,Industrials
LH,23007559680,24.852081,24.9317980513729,1.02,0.861,0.2551,0.11047,0.7449,0.082289103,Health Care
LRCX,401258184704,60.768932,58.098484848484844,0.34,1.805,0.1909,0.66762,0.8091,0.540171342,Information Technology
LVS,30262644736,16.852398,16.904059040590408,2.4,0.824,0.3875,0.90455,0.6125,0.554036875,Consumer Discretionary
LDOS,13226329088,9.620302,9.791399817017384,1.61,0.547,0.1519,0.30579,0.8481,0.259340499,Industrials
LEN,19770263552,12.863636,12.993730407523513,2.41,1.394,0.31350002,0.07368,0.68649998,0.0505813185264,Consumer Discretionary
LII,18516715520,23.627443,23.69360568383659,1.02,1.163,0.231,0.76791,0.769,0.59052279,Industrials
LLY,1036203458560,41.352314,40.81494661921708,0.6,0.506,0.22129999,1.07459,0.77870001,0.8367832437459,Health Care
LIN,233947725824,33.48776,33.88815354070152,1.25,0.723,0.4045,0.18229,0.5954999999999999,0.10855369499999999,Materials
LYV,41119191040,,,0.0,1.107,0.0,0.14927,1.0,0.14927,Communication Services
LMT,116349321216,24.44913,24.68701550387597,2.71,0.113,0.65379995,0.6764,0.34620005,0.23416971382,Industrials
L,23490576384,14.524173,14.578880407124682,0.22,0.518,0.0318,0.09217,0.9682,0.089238994,Financials
LOW,114040078336,17.183432,17.304311073541843,2.44,0.85,0.4057,,0.5943,,Consumer Discretionary
LULU,13102987264,9.335761,9.439320388349515,0.0,0.878,0.0,0.32027,1.0,0.32027,Consumer Discretionary
LITE,64090845184,145.2892,135.01763668430334,0.0,1.482,0.0,0.22834998,1.0,0.22834998,Information Technology
LYB,19986831360,,,6.78,0.362,11.468101,-0.060089998,-10.468101,0.629028168153798,Materials
MTB,35808595968,13.086336,13.211864406779661,2.41,0.569,0.3176,0.10742,0.6824,0.073303408,Financials
MPC,92631490560,20.875,20.744078947368422,1.24,0.52,0.2515,0.27458,0.7484999999999999,0.20552312999999997,Energy
MAR,97240449024,38.655136,38.4622641509434,0.8,1.106,0.28059998,,0.7194000199999999,,Consumer Discretionary
MRSH,88028676096,22.867336,22.7909887359199,2.17,0.603,0.4394,0.27571,0.5606,0.154563026,Financials
MLM,32988016640,34.465496,34.73149309912171,0.6,1.101,0.2056,0.0947,0.7944,0.07522968000000001,Materials
MRVL,186725138432,71.73792,67.22068965517242,0.12,2.197,0.0825,0.16028,0.9175,0.1470569,Information Technology
MAS,15561793536,19.094059,19.18069306930693,1.65,1.282,0.3094,84.57143,0.6906,,Industrials
MA,478434131968,31.298843,31.643930635838153,0.64,0.729,0.1823,2.32076,0.8177,,Financials
MKC,14007165952,8.668884,8.69217970049917,3.68,0.626,0.3095,0.24728,0.6905,0.17074684,Consumer Staples
MCD,188056682496,21.838284,22.082508250825082,2.78,0.418,0.5985,,0.40149999999999997,,Consumer Discretionary
MCK,96551673856,21.47045,21.646966935693833,0.39,0.315,0.082600005,,0.917399995,,Health Care
MDT,105706135552,22.13941,22.32975871313673,3.46,0.583,0.7614,0.098409995,0.23860000000000003,0.023480624807000004,Health Care
MRK,309888876544,35.343662,35.04225352112677,2.73,0.205,0.9352,0.18944,0.06479999999999997,0.012275711999999994,Health Care
META,1644682412032,23.551981,23.476917484551073,0.33,1.246,0.0764,0.32930002,0.9236,0.304141498472,Communication Services
MET,59402084352,17.856867,17.986460348162474,2.55,0.778,0.4391,0.13014,0.5609,0.07299552599999999,Financials
MTD,26042140672,30.294546,29.942877291960507,0.0,1.245,0.0,,1.0,,Health Care
MGM,11741012992,62.86301,63.47945205479453,0.0,1.291,0.0,0.13488,1.0,0.13488,Consumer Discretionary
MCHP,44923084800,376.04547,365.9545454545455,2.26,1.727,8.2727,0.03405,-7.2727,-0.247635435,Information Technology
MU,1075938983936,21.539001,19.567262039339816,0.06,2.142,0.0112,0.66638,0.9888,0.658916544,Information Technology
MSFT,2969554124800,23.823301,23.974374255065555,0.9,1.13,0.20729999,0.34013999,0.79270001,0.2696289734743999,Information Technology
MAA,15831065600,40.20303,40.51818181818182,4.58,0.728,1.8409,0.06711,-0.8409,-0.056432799,Real Estate
MRNA,23569104896,,,0.0,0.942,0.0,-0.36556998,1.0,-0.36556998,Health Care
TAP,7665223680,,,4.61,0.419,0.35900003,-0.18080999,0.64099997,-0.1158991981657003,Consumer Staples
MDLZ,76595380224,29.539604,29.83663366336634,3.32,0.408,0.97519994,0.101610005,0.024800060000000013,0.002519934220600301,Consumer Staples
MPWR,67491106816,98.47491,95.25448028673836,0.6,1.71,0.4782,0.19574,0.5218,0.102137132,Information Technology
MNST,92500008960,45.690823,46.111111111111114,0.0,0.527,0.0,0.26654,1.0,0.26654,Consumer Staples
MCO,85808922624,35.214695,36.22724014336918,0.82,1.335,0.2762,0.71361,0.7238,0.5165109179999999,Financials
MS,338569494528,17.39701,17.03877221324717,2.18,1.218,0.3231,,0.6769000000000001,,Financials
MOS,7060963328,158.67857,160.07142857142856,3.93,0.825,6.2857,0.0059399996,-5.2857,-0.03139705588572,Materials
MSI,67112845312,32.631557,33.12590799031477,1.18,0.885,0.371,0.99289,0.629,0.62452781,Information Technology
MSCI,41493274624,32.601715,35.72057142857143,1.31,1.241,0.4255,,0.5745,,Financials
NDAQ,51353931776,27.350904,27.671686746987955,1.22,0.997,0.32529998,0.162,0.67470002,0.10930140324,Financials
NTAP,32273887232,25.941732,25.37952755905512,1.29,1.451,0.32759997,1.06734,0.6724000299999999,0.7176794480201999,Information Technology
NFLX,280462163968,21.180819,21.257861635220124,0.0,1.517,0.0,0.49541,1.0,0.49541,Communication Services
NEM,98620522496,11.981841,11.569390402075227,1.17,0.482,0.131,0.25832,0.869,0.22448008,Materials
NWSA,15051023360,35.14557,35.81012658227848,0.71,0.899,0.2532,0.06524,0.7468,0.048721232,Communication Services
NWS,17013376000,39.727848,40.77215189873418,0.62,0.899,0.2532,0.06524,0.7468,0.048721232,Communication Services
NEE,182928654336,22.261446,22.33502538071066,2.83,0.667,0.5895,0.10325,0.4105,0.042384124999999995,Utilities
NKE,63901708288,20.511906,20.7,3.77,1.128,0.77620006,0.22138001,0.22379994000000003,0.0495448329551994,Consumer Discretionary
NI,21574764544,22.38806,22.572139303482587,2.64,0.542,0.5672,0.091120005,0.43279999999999996,0.039436738164,Utilities
NDSN,16088557568,30.84936,30.474358974358978,1.15,0.969,0.3462,0.1714,0.6537999999999999,0.11206131999999999,Industrials
NSC,75015520256,28.162312,28.243676222596967,1.61,1.263,0.45490003,0.17615,0.54509997,0.0960193597155,Industrials
NTRS,34100508672,19.316563,19.159329140461217,1.75,1.26,0.3298,0.14462,0.6702,0.096924324,Financials
NOC,72363212800,15.966155,16.41993105609527,1.79,-0.102,0.2897,0.28511998,0.7102999999999999,0.20252072179399996,Industrials
NCLH,8909032448,15.649194,15.71774193548387,0.0,1.876,0.0,0.29533002,1.0,0.29533002,Consumer Discretionary
NRG,28158255104,146.65935,143.4945054945055,1.46,1.201,1.9725,0.062480003,-0.9724999999999999,-0.060761802917499996,Utilities
NUE,53318709248,23.22619,22.890873015873016,0.97,1.922,0.2202,0.12285,0.7798,0.09579843,Materials
NVDA,4998730088448,31.6049,31.130168453292494,0.49,2.211,0.0061000003,1.14288,0.9938999997,,Information Technology
NVR,17325838336,15.679745,15.748119015047878,0.0,0.902,0.0,0.33257,1.0,0.33257,Consumer Discretionary
NXPI,69119000576,26.198086,25.56746411483254,1.52,1.805,0.38779998,0.25812998,0.61220002,0.15802717891859958,Information Technology
ORLY,72636874752,28.55049,27.534201954397396,0.0,0.513,0.0,,1.0,,Consumer Discretionary
OXY,56017825792,76.10811,74.58108108108108,1.88,0.15,1.3242999,0.04053,-0.3242999,-0.013143874946999997,Energy
ODFL,48512761856,48.597916,48.28333333333333,0.5,1.184,0.2359,0.23331,0.7641,0.17827217099999998,Industrials
OMC,22911649792,,,3.88,0.656,0.413,0.02015,0.587,0.01182805,Communication Services
ON,34976112640,66.08089,63.75,0.0,2.012,0.0,0.074939996,1.0,0.074939996,Information Technology
OKE,57953570816,16.396612,16.67736185383244,4.57,0.707,0.7415,0.15903,0.25849999999999995,0.04110925499999999,Energy
ORCL,360390131712,21.460548,20.819897084048026,1.65,1.712,0.3431,0.53376,0.6569,0.35062694400000005,Information Technology
OTIS,27665928192,19.175531,19.542553191489365,2.31,0.891,0.4468,,0.5532,,Industrials
PCAR,66404167680,26.845747,26.4531914893617,1.13,0.976,0.2809,0.13108,0.7191000000000001,0.09425962800000001,Industrials
PKG,20400918528,27.85523,27.789537712895378,2.63,0.818,0.6075,0.16313,0.39249999999999996,0.06402852499999999,Materials
PLTR,321239810048,150.5618,151.51685393258427,0.0,1.562,0.0,0.32587,1.0,0.32587,Information Technology
PANW,275800064000,294.26523,303.1826086956522,0.0,0.908,0.0,0.048309997,1.0,0.048309997,Information Technology
PSKY,9484992512,423.75003,428.5,2.33,1.447,6.6667,-0.0076800003,-5.6667,0.043520257700009994,Communication Services
PH,121251610624,35.61685,35.214444444444446,0.84,1.11,0.26569998,0.24841999,0.73430002,0.18241480362539983,Industrials
PAYX,40337993728,23.19223,23.55828220858896,4.13,,0.90589994,,0.09410006000000004,,Industrials
PYPL,49331748864,10.492496,10.660412757973733,0.99,1.332,0.0525,0.25120002,0.9475,0.23801201895000001,Financials
PNR,9882178560,15.364322,15.608040201005025,1.71,1.029,0.2563,0.1761,0.7437,0.13096557,Industrials
PEP,183959224320,17.650064,17.753604193971167,4.37,0.368,0.7533,0.51508,0.24670000000000003,0.127070236,Consumer Staples
PFE,141887668224,19.003819,18.893129770992367,6.95,0.307,1.3130001,0.083100006,-0.3130001,-0.026010310188000603,Health Care
PCG,38638030848,13.600776,13.511627906976743,1.15,0.268,0.1163,0.08826999,0.8837,0.078004190163,Utilities
PM,296546992128,26.7609,27.105485232067508,3.05,0.405,0.8109,,0.18910000000000005,,Consumer Staples
PSX,84537147392,20.814413,20.61204343534057,2.43,0.681,0.48119998,0.14547,0.51880002,0.0754698389094,Energy
PNW,12752526336,19.632463,19.832089552238806,3.42,0.425,0.6735,0.09559,0.3265,0.031210135,Utilities
PNC,99075686400,13.673458,13.774229074889867,3.2,0.897,0.3744,0.12623,0.6255999999999999,0.07896948799999999,Financials
PPG,25907666944,16.893896,16.816860465116278,2.56,1.045,0.4026,0.20748,0.5973999999999999,0.12394855199999999,Materials
PPL,26531633152,21.63497,21.736196319018408,3.22,0.589,0.6764,0.08316,0.3236,0.026910576,Utilities
PFG,23487027200,15.849854,16.335276967930028,2.93,0.888,0.4491,0.13385999,0.5509,0.073743468491,Financials
PG,343573135360,21.539415,21.77080291970803,2.92,0.38,0.618,0.31112,0.382,0.11884784000000001,Consumer Staples
PGR,120157995008,10.165771,10.439252336448599,6.55,0.246,0.6974,0.34943,0.3026,0.105737518,Financials
PLD,141554450432,33.117188,32.919642857142854,2.9,1.34,0.9265,0.07749,0.07350000000000001,0.005695515000000001,Real Estate
PRU,40883638272,12.122554,12.149330587023686,4.75,0.84,0.56130004,0.10711,0.43869996,0.046989152715599995,Financials
PEG,38395666432,17.046461,17.219026548672566,3.44,0.527,0.5664,0.13441,0.4336,0.058280175999999996,Utilities
PTC,14159854592,11.776176,11.99135446685879,0.0,0.994,0.0,0.344,1.0,0.344,Information Technology
PSA,54715887616,32.15996,32.562435500515996,3.8,0.952,1.2397,0.20175,-0.23970000000000002,-0.048359475000000006,Real Estate
PHM,23419344896,11.901743,11.924491771539207,0.84,1.186,0.0928,0.16178,0.9072,0.146766816,Consumer Discretionary
PWR,95390228480,87.43879,87.00962861072902,0.07,1.215,0.057600003,0.13534,0.942399997,0.12754441559398,Industrials
QCOM,181635825664,18.530107,18.313978494623655,2.16,1.638,0.38279998,0.36083,0.6172000200000001,0.22270428321660002,Information Technology
DGX,22849957888,22.80884,22.945856353591157,1.66,0.571,0.36020002,0.14538999,0.63979998,0.09302051269420021,Health Care
Q,28957892608,44.479103,43.27331189710611,0.24,,0.045100003,0.07481,0.9548999970000001,0.07143606877557,Information Technology
RL,22881652736,25.460926,24.93245033112583,0.99,1.352,0.24159999,0.34664002,0.75840001,0.2628917946344002,Consumer Discretionary
RJF,32953747456,15.967422,15.894239848914069,1.28,0.939,0.19639999,0.17289,0.80360001,0.1389344057289,Financials
RTX,264348565504,36.828518,36.48030018761726,1.5,0.298,0.5103,0.11571,0.4897,0.056663187,Industrials
O,60542083072,53.217213,53.42622950819673,4.99,0.729,2.65,0.02831,-1.65,-0.046711499999999996,Real Estate
REG,15319320576,28.16151,28.22680412371134,3.68,0.825,1.0034,0.08003,-0.0034000000000000696,-0.00027210200000000556,Real Estate
REGN,70279364608,16.378084,16.42193989738578,0.56,0.236,0.0874,0.14548,0.9126,0.132765048,Health Care
RF,26318225408,12.536585,12.646341463414634,3.52,1.012,0.4309,0.118669994,0.5690999999999999,0.0675350935854,Financials
RSG,66158551040,30.851507,31.639885222381636,1.13,0.405,0.3522,0.18346001,0.6477999999999999,0.118845394478,Industrials
RMD,28388986880,18.872711,19.152362584378015,1.21,0.775,0.22469999,0.25246,0.77530001,0.19573224052460003,Health Care
RVTY,12267670528,52.86779,51.17307692307692,0.26,1.091,0.1346,0.03227,0.8654,0.027926457999999998,Health Care
HOOD,96849321984,52.20874,48.19417475728155,0.0,2.336,0.0,0.21461001,1.0,0.21461001,Financials
ROK,51627773952,48.179646,47.63343717549324,1.2,1.54,0.55869997,0.27183,0.44130002999999995,0.1199585871549,Industrials
ROL,21287915520,40.56422,41.04587155963303,1.63,0.747,0.6388,0.38671002,0.36119999999999997,0.13967965922399997,Industrials
ROP,35769147392,22.1525,22.6775,1.0,0.752,0.21139999,0.09012,0.78860001,0.07106863290120001,Information Technology
ROST,75446108160,32.80265,32.88423988842399,0.75,0.879,0.2318,0.38981998,0.7682,0.299459708636,Consumer Discretionary
RCL,76891504640,17.481709,17.448780487804882,1.75,1.764,0.2593,0.49576,0.7407,0.367209432,Consumer Discretionary
SPGI,128933158912,27.673761,28.484752223634054,0.87,1.079,0.24350001,0.13939999,0.75649999,0.10545609104100011,Financials
CRM,139373330432,19.69618,20.114583333333332,1.01,1.178,0.19559999,0.16908,0.8044000099999999,0.1360079536908,Information Technology
SNDK,229285904384,53.00548,47.618966107497435,0.0,,0.0,0.39297,1.0,0.39297,Information Technology
SBAC,18943916032,18.801052,19.15473684210526,2.75,0.997,0.48209998,,0.51790002,,Real Estate
SLB,69236121600,20.400883,20.43612334801762,2.54,0.733,0.5066,0.14066,0.49339999999999995,0.069401644,Energy
STX,198263275520,84.1294,76.35109419600381,0.37,2.067,0.277,17.8797,0.723,,Information Technology
SRE,58918645760,30.656462,30.846938775510203,2.9,0.568,0.8818,0.05689,0.11819999999999997,0.006724397999999999,Utilities
NOW,105817366528,61.07441,62.32142857142858,0.0,0.959,0.0,0.1607,1.0,0.1607,Information Technology
SHW,79330344960,30.86852,31.05566218809981,0.99,1.1,0.3045,0.60723,0.6955,0.42232846500000004,Materials
SPG,86927941632,15.908901,15.86856745479833,3.86,1.327,0.60150003,1.1359,0.39849997000000004,0.452656115923,Real Estate
SWKS,9477080064,26.254166,24.916666666666668,4.75,1.497,1.1791999,0.06171,-0.17919989999999997,-0.011058425828999997,Information Technology
SJM,12206842880,,,3.98,0.247,0.8606,-0.02386,0.13939999999999997,-0.003326083999999999,Consumer Staples
SW,22746005504,60.236107,59.91666666666667,4.19,0.935,2.4232001,0.02113,-1.4232000999999999,-0.030072218112999996,Materials
SNA,21141915648,21.09199,21.00930232558139,2.4,0.721,0.4729,0.18202,0.5271,0.095942742,Industrials
SOLV,13689461760,9.675643,9.700122399020808,0.0,0.716,0.0,0.34794998,1.0,0.34794998,Health Care
SO,105295560704,23.888746,24.15856777493606,3.22,0.332,0.75699997,0.109910004,0.24300003000000003,0.026708134269300125,Utilities
LUV,23676198912,32.29333,32.22666666666667,1.49,1.118,0.48,0.10062,0.52,0.052322400000000005,Industrials
SWK,13729836032,36.19672,35.86065573770492,3.79,1.164,1.3566,0.04165,-0.35660000000000003,-0.014852390000000002,Industrials
SBUX,119192666112,79.83397,80.00763358778626,2.37,0.969,1.8778999,,-0.8778999000000001,,Consumer Discretionary
STT,50495827968,16.209877,16.1005291005291,2.02,1.433,0.29659998,0.12437,0.70340002,0.0874818604874,Financials
STLD,34214483968,25.456009,24.73068669527897,0.92,1.542,0.2176,0.15247,0.7824,0.119292528,Materials
STE,20651282432,26.687656,27.011335012594458,1.17,0.922,0.3102,0.11368,0.6898,0.078416464,Health Care
SYK,120969486336,36.47977,36.89479768786127,1.1,0.778,0.39810002,0.152,0.60189998,0.09148879696,Health Care
SMCI,16187997184,13.171053,12.542105263157895,0.0,1.936,0.0,0.17877,1.0,0.17877,Information Technology
SYF,24232112128,7.457557,7.599378881987577,1.63,1.308,0.1242,0.2178,0.8758,0.19074924,Financials
SNPS,73765535744,88.56097,87.00229885057472,0.0,1.222,0.0,0.03824,1.0,0.03824,Information Technology
SYY,38773436416,22.523611,22.43888888888889,2.72,0.641,0.6,0.81894994,0.4,0.327579976,Consumer Staples
TMUS,206966226944,20.323591,20.790648246546226,2.09,0.319,0.4038,0.18024999,0.5962000000000001,0.10746504403800002,Communication Services
TROW,25152757760,12.595494,12.498927038626608,4.46,1.497,0.5483,0.18688999,0.4517,0.084418208483,Financials
TTWO,43854462976,,,0.0,0.961,0.0,-0.105579995,1.0,-0.105579995,Communication Services
TPR,28567103488,43.238533,43.1559633027523,1.13,1.444,0.47259998,0.60914004,0.52740002,0.32126046927880075,Consumer Discretionary
TRGP,60405092352,28.716328,28.81122448979592,1.77,0.704,0.4086,0.74097997,0.5913999999999999,0.43821555425799996,Energy
TGT,63250649088,18.3963,18.43989431968296,3.32,0.981,0.59970003,0.22015,0.40029996999999995,0.0881260383955,Consumer Staples
TEL,60667625472,21.229826,20.74974463738509,1.47,1.169,0.2901,0.22719999,0.7099,0.16128927290099998,Information Technology
TDY,29541541888,32.30218,31.742147922998992,0.0,0.924,0.0,0.09049,1.0,0.09049,Information Technology
TER,58370658304,69.43668,62.15270018621974,0.16,1.742,0.090900004,0.2875,0.909099996,0.26136624885,Information Technology
TSLA,1430104178688,355.86905,345.39252336448595,0.0,1.802,0.0,0.04901,1.0,0.04901,Consumer Discretionary
TXN,266816438272,50.115383,48.55897435897436,2.0,1.31,0.9504,0.32347,0.04959999999999998,0.016044111999999992,Information Technology
TPL,28919599104,57.357044,55.52257181942545,0.59,0.594,0.3018,0.36466,0.6981999999999999,0.254605612,Energy
TXT,15787380736,17.326336,17.326335877862597,0.09,0.905,0.0153,0.12254,0.9847,0.120665138,Industrials
TMO,191706513408,28.328667,28.897858319604612,0.36,0.868,0.0968,0.13523,0.9032,0.12213973599999998,Health Care
TJX,169341124608,29.823132,30.291828793774318,1.23,0.623,0.3307,0.6125,0.6693,0.40994625,Consumer Discretionary
TKO,34514542592,67.13197,67.95167286245353,1.7,0.621,1.0037,0.06736,-0.0037000000000000366,-0.0002492320000000025,Communication Services
TTD,8546569728,20.659092,21.181818181818183,0.0,1.04,0.0,0.16735001,1.0,0.16735001,Communication Services
TSCO,15641709568,14.692119,14.926108374384238,3.17,0.456,0.45810002,0.45504,0.54189998,0.2465861668992,Consumer Discretionary
TT,103655120896,35.767353,35.710144927536234,0.9,1.195,0.2956,0.36630002,0.7044,0.258021734088,Industrials
TDG,67335921664,37.56178,37.58907956318253,0.0,0.884,0.0,,1.0,,Industrials
TRV,80815529984,9.840676,9.900591080064482,1.36,0.473,0.1223,0.26511,0.8777,0.232687047,Financials
TRMB,12261665792,27.539267,27.8586387434555,0.0,1.383,0.0,0.08252,1.0,0.08252,Information Technology
TFC,62238789632,11.712069,11.724137931034484,4.08,0.875,0.4782,0.09059,0.5218,0.047269862,Financials
TYL,12535732224,42.028275,43.85655172413793,0.0,0.821,0.0,0.08930001,1.0,0.08930001,Information Technology
TSN,20166451200,45.09449,45.669291338582674,3.52,0.391,1.5906,0.02619,-0.5906,-0.015467814000000002,Consumer Staples
USB,98121523200,12.572854,12.602794411177646,3.29,0.979,0.4152,0.12623,0.5848,0.073819304,Financials
UBER,146380128256,17.843697,17.908188585607938,0.0,1.113,0.0,0.3531,1.0,0.3531,Industrials
UDR,14626104320,26.85374,27.03401360544218,4.35,0.695,1.1701,0.123500004,-0.17009999999999992,-0.02100735068039999,Real Estate
ULTA,21128816640,18.407864,18.28014981273408,0.0,0.879,0.0,0.47449002,1.0,0.47449002,Consumer Discretionary
UNP,174706049024,24.218931,24.382716049382715,1.86,0.965,0.45099998,0.40686,0.54900002,0.22336614813720002,Industrials
UAL,38300848128,11.049157,11.00374531835206,0.0,1.258,0.0,0.23252001,1.0,0.23252001,Industrials
UPS,98439225344,18.739483,18.30906148867314,5.8,1.03,1.0615001,0.33353,-0.061500099999999946,-0.02051212835299998,Industrials
URI,63256104960,25.830902,25.907137375287796,0.78,1.794,0.1876,0.28237,0.8124,0.229397388,Industrials
UNH,392813314048,32.571163,31.74322289156627,2.2,0.633,0.6657,0.14152999,0.33430000000000004,0.047313475657000004,Health Care
UHS,9060482048,6.2492733,6.289770354906054,0.53,1.075,0.0334,0.21369,0.9666,0.206552754,Health Care
VLO,93069123584,22.89518,22.886048210372536,1.53,0.545,0.3353,0.1585,0.6647000000000001,0.10535495000000002,Energy
VEEV,31237033984,34.03451,34.93982300884956,0.0,0.941,0.0,0.13934,1.0,0.13934,Health Care
VTR,47255695360,176.72726,175.0,2.08,0.724,3.5635998,0.0214,-2.5635998,-0.05486103572,Real Estate
VLTO,22186209280,23.282215,24.00773195876289,0.56,0.782,0.1237,0.36463,0.8763,0.319525269,Industrials
VRSN,24580919296,29.847513,30.67513812154696,1.17,0.707,0.3448,,0.6552,,Information Technology
VRSK,25620008960,29.807926,30.760670731707318,0.99,0.688,0.282,,0.718,,Industrials
VZ,180697317376,10.554878,10.609756097560977,6.51,0.238,0.67440003,0.17198,0.32559996999999996,0.05599668284059999,Communication Services
VRTX,121815179264,28.450205,28.48251333728512,0.0,0.292,0.0,0.24197,1.0,0.24197,Health Care
VRT,116108410880,76.14106,73.46851385390428,0.09,2.029,0.050300002,0.45097,0.949699998,0.42828620809806,Industrials
VTRS,20117647360,,,2.83,0.902,9.6,-0.01957,-8.6,0.168302,Health Care
VICI,29368782848,9.134486,9.191780821917808,6.71,0.683,0.6104,0.11331,0.38959999999999995,0.04414557599999999,Real Estate
V,680976384000,31.21883,31.435919790758497,0.74,0.754,0.2197,0.60349,0.7803,0.47090324699999997,Financials
VST,54724714496,27.09516,26.375626043405678,0.58,1.409,0.1515,0.42898,0.8485,0.36398953,Utilities
VMC,35954429952,32.79231,33.20946745562131,0.74,1.05,0.2358,0.13458,0.7642,0.102846036,Materials
WRB,27313944576,15.544493,15.408898305084747,0.55,,0.0763,,0.9237,,Financials
GWW,63799091200,36.364372,36.900430570505925,0.68,1.035,0.24309999,0.46129,0.7569000100000001,0.3491504056129,Industrials
WAB,44121198592,36.779346,36.47100424328147,0.48,0.937,0.1499,0.11305001,0.8501,0.096103813501,Industrials
WMT,878731067392,38.880283,39.50704225352113,0.88,0.603,0.33540002,0.24132,0.66459998,0.1603812671736,Consumer Staples
DIS,167234732032,15.4088,15.4256,1.56,1.398,0.2,0.1101,0.8,0.08808,Communication Services
WBD,64420880384,,,0.0,1.548,0.0,-0.049590003,1.0,-0.049590003,Communication Services
WM,93892427776,33.836468,34.59479015918958,1.48,0.448,0.49490002,0.29936,0.50509998,0.15120673001280002,Industrials
WAT,35584520192,46.050827,45.430749682337996,0.0,1.202,0.0,0.05212,1.0,0.05212,Health Care
WEC,36152291328,22.242485,22.55511022044088,3.39,0.46,0.7275,0.11679,0.27249999999999996,0.031825275,Utilities
WFC,264480243712,12.693314,12.54796511627907,2.09,0.917,0.2616,0.12575,0.7384,0.0928538,Financials
WELL,174530281472,118.865395,117.71153846153845,1.21,0.763,1.3961,0.03665,-0.3960999999999999,-0.014517064999999997,Real Estate
WST,25222602752,47.793842,47.164658634538156,0.25,1.159,0.115,0.19131,0.885,0.16930935,Health Care
WDC,187675983872,32.565193,29.15191387559809,0.12,2.166,0.0269,0.85920995,0.9731,0.836097202345,Information Technology
WY,17031027712,42.178574,42.785714285714285,3.51,0.911,1.5,0.04161,-0.5,-0.020805,Real Estate
WSM,26069688320,24.849047,25.0662177328844,1.36,1.485,0.30719998,0.54007,0.69280002,0.3741605068014,Consumer Discretionary
WMB,89401171968,32.0614,32.526315789473685,2.83,0.595,0.8882,0.19656,0.11180000000000001,0.021975408000000002,Energy
WTW,27150014464,16.869717,17.212441314553992,1.31,0.441,0.2184,0.20611,0.7816,0.161095576,Financials
WDAY,35222122496,44.42835,45.862928348909655,0.0,1.104,0.0,0.10858,1.0,0.10858,Information Technology
WYNN,9904367616,27.34384,27.409742120343836,1.05,0.988,0.2865,,0.7135,,Consumer Discretionary
XEL,48867819520,22.559078,22.671469740634006,3.01,0.405,0.6635,0.0959,0.3365,0.03227035,Utilities
XYL,27993137152,29.295994,30.004975124378113,1.43,1.023,0.4055,0.08724,0.5945,0.05186418,Industrials
YUM,39909953536,23.35484,23.769354838709678,2.04,0.56,0.4645,,0.5355,,Consumer Discretionary
ZBRA,12443747328,31.512665,31.928829915560918,0.0,1.605,0.0,0.11781,1.0,0.11781,Information Technology
ZBH,17314891776,23.18653,23.243523316062177,1.07,0.461,0.24870001,0.060650002,0.75129999,0.04556634589609998,Health Care
ZTS,31605608448,12.359016,12.491803278688526,2.78,0.749,0.3328,0.67748,0.6672,0.452014656,Health Care
