Ticker,Market Cap,PE Ratio (TTM),PE Ratio (Current),Dividend Yield,Beta,Payout Ratio,Return on Equity (ROE),Retention Ratio,EPS Growth (ROE x Retention),Sector
MMM,77187883008,24.425001,23.53333333333333,2.21,1.131,0.48669997,0.75501,0.51330003,0.3875466556503,Industrials
AOS,8958420992,16.825974,16.646753246753246,2.18,1.304,0.3584,0.29197,0.6416,0.187327952,Industrials
ABT,181327216640,28.051075,28.349462365591396,2.39,0.744,0.6344,0.12961,0.36560000000000004,0.04738541600000001,Health Care
ABBV,360520810496,85.670166,86.16386554621849,3.37,0.334,2.7679,62.25,-1.7679,,Health Care
ACN,124089794560,16.53719,16.52809917355372,3.26,1.251,0.5017,0.24763,0.49829999999999997,0.12339402899999999,Information Technology
ADBE,101221089280,14.361095,14.452533488642981,0.0,1.532,0.0,0.58774,1.0,0.58774,Information Technology
AMD,331005853696,77.48851,76.84351145038168,0.0,2.022,0.0,0.07082,1.0,0.07082,Information Technology
AES,10057767936,10.77481,10.763358778625953,4.99,0.941,0.5373,0.01954,0.4627,0.009041157999999999,Utilities
AFL,55094038528,15.644427,15.574780058651026,2.3,0.65,0.3402,0.13118,0.6597999999999999,0.08655256399999998,Financials
A,31610159104,24.671082,24.569536423841058,0.92,1.312,0.22049999,0.19945998,0.77950001,0.1554790564045998,Health Care
APD,61929517056,,,2.58,0.864,1.0099,-0.01667,-0.00990000000000002,0.00016503300000000033,Materials
ABNB,79084879872,32.652225,31.811881188118814,0.0,1.163,0.0,0.30233,1.0,0.30233,Consumer Discretionary
AKAM,16476676096,37.042347,35.89413680781759,0.0,0.704,0.0,0.091730006,1.0,0.091730006,Information Technology
ALB,19705233408,,,1.03,1.476,0.5797,-0.04656,0.4203,-0.019569167999999998,Materials
ARE,8401601536,,,8.61,1.319,6.8946996,-0.05856,-5.8946996,0.345193608576,Real Estate
ALGN,12832488448,31.654867,30.651327433628317,0.0,1.823,0.0,0.103870004,1.0,0.103870004,Health Care
ALLE,12480327680,19.472446,19.151881720430108,1.46,1.008,0.2742,0.36084,0.7258,0.26189767199999997,Industrials
LNT,17855860736,22.114649,21.882165605095537,2.99,0.611,0.6465,0.11299,0.35350000000000004,0.039941965,Utilities
ALL,53851090944,5.4516554,5.4025223331581715,2.1,0.206,0.105100006,0.39518002,0.894899994,0.3536465975269199,Financials
GOOGL,3646761730048,27.88714,27.844588344125807,0.28,1.112,0.076799996,0.35705003,0.923200004,0.3296285891242001,Communication Services
GOOG,3608881397760,27.57196,27.61460258780037,0.28,1.112,0.076799996,0.35705003,0.923200004,0.3296285891242001,Communication Services
MO,108526125056,15.691749,15.648058252427184,6.58,0.434,1.0097001,,-0.0097001000000001,,Consumer Staples
AMZN,2259700678656,29.358438,28.64295676429568,0.0,1.42,0.0,0.22286,1.0,0.22286,Consumer Discretionary
AMCR,18153775104,29.541353,28.781954887218046,6.79,0.635,1.9267,0.07734,-0.9267000000000001,-0.07167097800000001,Materials
AEE,29566365696,19.992523,19.82429906542056,2.83,0.531,0.53080004,0.11337,0.46919995999999997,0.05319319946519999,Utilities
AEP,69343854592,19.250751,18.86786786786787,3.02,0.573,0.56159997,0.12486,0.43840003000000005,0.0547386277458,Utilities
AXP,208112402432,19.656147,19.22576447625244,1.29,1.152,0.2133,0.33992,0.7867,0.267415064,Financials
AIG,40454713344,13.80755,13.699815837937386,2.42,0.58,0.3223,0.07399,0.6777,0.050143022999999995,Financials
AMT,81729036288,32.38961,32.79962894248609,3.9,0.907,1.2593,0.2628,-0.2593000000000001,-0.06814404000000002,Real Estate
AWK,26594252800,23.942883,23.864674868189805,2.44,0.759,0.5707,0.10496,0.4293,0.045059328,Utilities
AMP,41268719616,12.236916,12.092011019283747,1.46,1.271,0.1731,0.60508,0.8269,0.5003406519999999,Financials
AME,49003966464,33.374416,32.66302652106084,0.65,1.013,0.19379999,0.14594,0.80620001,0.11765682945939998,Industrials
AMGN,188587425792,24.58468,24.44132115249473,2.9,0.425,0.669,1.0610299,0.33099999999999996,0.3512008969,Health Care
APH,159933153280,38.838806,37.75820895522388,0.79,1.214,0.22309999,0.36851,0.77690001,0.2862954226851,Information Technology
ADI,152351424512,56.946167,56.465328467153284,1.32,1.021,0.7239,0.07862,0.2761,0.021706982,Information Technology
AON,70058147840,19.139753,19.12096300645919,0.92,0.828,0.171,0.4694,0.829,0.3891326,Financials
APA,13766210560,9.766917,9.802005012531328,2.56,0.708,0.25059998,0.2532,0.74940002,0.18974808506399998,Energy
APO,64986497024,20.210127,20.216606498194945,1.82,1.638,0.35970002,0.14698,0.64029998,0.0941112910604,Financials
AAPL,3681683505152,31.667511,31.351453855878635,0.42,1.116,0.1304,1.5202099,0.8696,,Information Technology
AMAT,288477184000,37.28205,36.621538461538464,0.59,1.634,0.1826,0.38863,0.8174,0.317666162,Information Technology
APP,153855737856,45.34413,44.06274900398407,0.0,2.505,0.0,2.12945,1.0,,Information Technology
APTV,15026463744,94.0,90.8,0.0,1.534,0.0,0.01948,1.0,0.01948,Consumer Discretionary
ACGL,34065082368,8.098276,7.956896551724138,0.0,0.365,0.0,0.19540001,1.0,0.19540001,Financials
ADM,32731348992,30.502241,29.672645739910315,3.14,0.683,0.91480005,0.04721,0.08519995000000002,0.004022289639500002,Consumer Staples
ARES,35494416384,62.360466,61.55232558139535,5.1,1.565,2.6199,0.13520001,-1.6199,-0.219010496199,Financials
ANET,170242752512,48.981884,47.54347826086957,0.0,1.46,0.0,0.314,1.0,0.314,Information Technology
AJG,55428186112,37.559235,37.42508710801393,1.3,0.672,0.45299998,0.06906,0.54700002,0.0377758213812,Financials
AIZ,10909669376,12.859504,12.562573789846516,1.58,0.547,0.19370002,0.15899,0.80629998,0.1281936338202,Financials
T,202900045824,9.4144745,9.3125,3.92,0.576,0.2738,0.18805,0.7262,0.13656190999999998,Communication Services
ATO,30001524736,23.643415,23.53194263363755,2.22,0.698,0.4707,0.09237,0.5293,0.048891440999999994,Utilities
ADSK,52366118912,47.229443,47.41682600382409,0.0,1.467,0.0,0.39675,1.0,0.39675,Information Technology
ADP,84750213120,20.129202,20.047070124879923,3.26,0.854,0.6071,0.73843,0.3929,0.29012914700000003,Industrials
AZO,55641030656,23.585918,22.987886002380787,0.0,0.355,0.0,,1.0,,Consumer Discretionary
AVB,23261925376,22.170715,21.777327935222672,4.41,0.745,0.94589996,0.088879995,0.054100040000000016,0.004808411284699801,Real Estate
AVY,12644775936,18.723804,18.355353075170843,2.33,0.97,0.4209,0.30212998,0.5791,0.174963471418,Materials
AXON,40136929280,335.0537,333.06711409395973,0.0,1.524,0.0,0.04476,1.0,0.04476,Industrials
BKR,61745016832,24.03077,23.21153846153846,1.52,0.879,0.3538,0.14552,0.6462,0.09403502400000001,Energy
BALL,15639734272,17.684849,17.290909090909093,1.4,1.115,0.24239999,0.16122,0.75760001,0.1221402736122,Materials
BAC,348036956160,12.509187,12.377952755905511,2.37,1.263,0.28350002,0.10217,0.71649998,0.0732048029566,Financials
BAX,8445354496,,,2.23,0.553,3.0769,-0.13713,-2.0769,0.284805297,Health Care
BDX,56637595648,25.544119,25.184640522875817,2.72,0.307,0.6814,0.0696,0.3186,0.02217456,Health Care
BRK-B,1034974527488,15.469052,15.504190844616376,0.0,0.688,0.0,0.09809,1.0,0.09809,Financials
BBY,13400258560,12.654761,12.46031746031746,6.11,1.444,0.754,0.37041,0.246,0.09112086,Consumer Discretionary
TECH,8144958976,98.226425,97.1320754716981,0.62,1.475,0.6038,0.03966,0.3962,0.015713292,Health Care
BIIB,26958073856,20.921413,20.66742596810934,0.0,0.145,0.0,0.07394,1.0,0.07394,Health Care
BLK,151808540672,27.60962,27.097878359264495,2.39,1.487,0.5902,0.107159995,0.40980000000000005,0.043914165951000006,Financials
BX,133911879680,28.310259,28.534883720930235,4.29,1.794,1.2119,0.29228002,-0.21189999999999998,-0.06193413623799999,Financials
XYZ,37003763712,28.99762,28.27142857142857,0.0,2.675,0.0,0.060100004,1.0,0.060100004,Financials
BK,80669343744,15.632432,15.532432432432431,1.84,1.076,0.2703,0.12898,0.7297,0.09411670600000001,Financials
BA,155632500736,79.85686,78.67741935483872,0.0,1.096,0.0,2.90084,1.0,,Industrials
BKNG,141566738432,26.519354,26.10977597971137,0.91,1.227,0.2319,,0.7681,,Consumer Discretionary
BSX,103137452032,35.827316,35.81443298969072,0.0,0.7,0.0,0.12445,1.0,0.12445,Health Care
BMY,116710309888,16.563583,16.61271676300578,4.38,0.266,0.71970004,0.40442002,0.28029996,0.11335891542919921,Health Care
AVGO,1515524325376,62.430664,60.51953125,0.84,1.257,0.47169998,0.33370999,0.52830002,0.1762989943911998,Information Technology
BR,19882305536,18.859358,19.30897009966778,2.24,0.977,0.4104,0.41793,0.5896,0.24641152800000002,Industrials
BRO,22818859008,21.150316,21.218354430379744,0.94,0.798,0.19459999,0.11226,0.80540001,0.09041420512260001,Financials
BF-B,10591466496,13.424418,13.255813953488373,4.01,0.396,0.5294,0.20417,0.4706,0.096082402,Consumer Staples
BLDR,9376544768,21.793058,20.87917737789203,0.0,1.564,0.0,0.10064,1.0,0.10064,Industrials
BG,23604238336,24.742395,23.965517241379313,2.37,0.743,0.5639,0.05964,0.43610000000000004,0.026009004000000002,Consumer Staples
BXP,9477859328,30.764366,29.93103448275862,5.91,1.032,1.9310001,0.04916,-0.9310001000000001,-0.045767964916000006,Real Estate
CHRW,20106231808,35.093166,34.9648033126294,1.49,0.903,0.5155,0.32911,0.48450000000000004,0.159453795,Industrials
CDNS,81277050880,72.56527,69.92610837438424,0.0,1.025,0.0,0.21855,1.0,0.21855,Information Technology
CPT,10505474048,27.892654,27.502824858757062,4.35,0.821,1.1863999,0.08598,-0.18639990000000006,-0.016026663402000006,Real Estate
CPB,6244678144,11.383152,11.451086956521738,7.4,-0.064,0.8478,0.13891,0.1522,0.021142102,Consumer Staples
COF,115610861568,55.324406,54.00595238095239,1.76,1.139,0.77379996,0.02394,0.22620004000000005,0.005415228957600001,Financials
CAH,48945729536,29.971182,29.946685878962537,0.98,0.616,0.2932,,0.7068,,Health Care
CCL,35452645376,12.670792,11.94059405940594,0.62,2.459,0.0,0.25632998,1.0,0.25632998,Consumer Discretionary
CARR,49494495232,35.03846,34.36094674556213,1.65,1.289,0.5325,0.10925,0.4675,0.051074375000000005,Industrials
CVNA,65043734528,35.167065,33.32701421800948,0.0,3.673,0.0,0.67946,1.0,0.67946,Consumer Discretionary
CAT,326132826112,37.08863,36.236295902075575,0.89,1.531,0.3105,0.43526,0.6895,0.30011177,Industrials
CBOE,29506871296,27.054703,27.250479846449135,0.98,0.336,0.2591,0.2336,0.7409,0.17307424,Financials
CBRE,40664596480,35.49221,34.28311688311688,0.0,1.341,0.0,0.13572,1.0,0.13572,Real Estate
CDW,15692241920,14.917079,14.884900990099009,2.09,1.046,0.31,0.43018,0.69,0.2968242,Information Technology
COR,62889828352,38.76379,39.19784172661871,0.73,0.646,0.2701,1.33467,0.7299,0.974175633,Health Care
CNC,16085829632,,,0.0,0.459,0.0,-0.28678,1.0,-0.28678,Health Care
CNP,27514107904,26.2875,26.2625,2.19,0.539,0.55,0.096429996,0.44999999999999996,0.0433934982,Utilities
CF,18671724544,13.345596,13.924191750278707,1.6,0.689,0.22299999,0.23401,0.77700001,0.1818257723401,Materials
CRL,7658369024,,,0.0,1.652,0.0,-0.04232,1.0,-0.04232,Health Care
SCHW,169493118976,20.512903,20.356989247311827,1.35,0.919,0.2323,0.18101999,0.7677,0.138969046323,Financials
CHTR,27089655808,5.9078984,5.88262910798122,0.0,1.023,0.0,0.28667998,1.0,0.28667998,Communication Services
CVX,406788505600,30.641567,30.38102409638554,3.53,0.658,1.0317,0.07231,-0.03170000000000006,-0.0022922270000000043,Energy
CMG,44362428416,29.429825,29.271929824561404,0.0,1.019,0.0,0.47355,1.0,0.47355,Consumer Discretionary
CB,127571435520,12.732672,12.561526479750778,1.2,0.489,0.1488,0.14337,0.8512,0.122036544,Financials
CHD,22807556096,31.450333,31.35430463576159,1.3,0.426,0.39069998,0.1762,0.60930002,0.107358663524,Consumer Staples
CIEN,57371918336,258.31845,244.51592356687897,0.0,1.09,0.0,0.08201,1.0,0.08201,Information Technology
CI,69588951040,11.745266,11.850315599639314,2.37,0.234,0.2723,0.1513,0.7277,0.11010101,Health Care
CINF,25109618688,10.602108,10.436758893280633,2.24,0.636,0.22940001,0.16036,0.77059999,0.1235734143964,Financials
CTAS,72410578944,39.095463,38.734341252699785,1.0,0.944,0.36360002,0.43396,0.63639998,0.2761721353208,Industrials
CSCO,310556033024,28.27338,27.931654676258997,2.16,0.829,0.5899,0.23754999,0.4101,0.097419250899,Information Technology
C,194917875712,15.94063,15.668097281831187,2.19,1.131,0.3319,0.06831,0.6681,0.045637910999999996,Financials
CFG,24931674112,15.03886,14.772020725388602,3.23,1.085,0.4456,0.07241,0.5544,0.040144104,Financials
CLX,12984810496,17.422258,17.373158756137478,4.67,0.568,0.8052,9.87179,0.19479999999999997,,Consumer Staples
CME,109600948224,27.317204,27.53763440860215,1.69,0.26,0.44799998,0.1475,0.5520000199999999,0.08142000294999999,Financials
CMS,22950926336,21.21813,21.08215297450425,3.06,0.432,0.6156,0.108559996,0.38439999999999996,0.041730462462399996,Utilities
KO,323930554368,24.75658,24.588815789473685,2.76,0.332,0.6711,0.43323,0.32889999999999997,0.142489347,Consumer Staples
CTSH,29953040384,13.60965,13.61184210526316,2.13,0.983,0.2719,0.15158,0.7281,0.11036539799999999,Information Technology
COIN,53208838144,44.441444,44.48198198198198,0.0,3.709,0.0,0.10055,1.0,0.10055,Financials
CL,68508311552,32.498096,32.365019011406844,2.49,0.264,0.78330004,4.9747,0.21669996000000002,,Consumer Staples
CMCSA,105181011968,5.3552876,5.38404452690167,4.55,0.78,0.18370001,0.2141,0.81629999,0.174769827859,Communication Services
FIX,49843855360,48.897232,46.946366782006926,0.17,1.602,0.0675,0.49238998,0.9325,0.45915365635,Industrials
CAG,7393200128,,,9.23,-0.061,0.791,-0.0116,0.20899999999999996,-0.0024243999999999993,Consumer Staples
COP,156434972672,20.154331,19.98740157480315,2.65,0.279,0.5008,0.12357,0.4992,0.061686144,Energy
ED,39580708864,19.42376,19.406028368794328,3.14,0.345,0.6028,0.08767,0.3972,0.034822524,Utilities
STZ,26591098880,23.978024,23.488226059654632,2.73,0.422,0.6389,0.14454001,0.3611,0.052193397610999996,Consumer Staples
CEG,104901181440,39.213806,38.15832205683356,0.6,1.107,0.20959999,0.16364,0.7904000099999999,0.1293410576364,Utilities
COO,13702885376,34.9403,34.80597014925373,0.0,1.03,0.0,0.04868,1.0,0.04868,Health Care
CPRT,32355989504,21.02201,20.669811320754718,0.0,1.106,0.0,0.17129,1.0,0.17129,Industrials
GLW,112935993344,71.93169,68.07650273224043,0.9,1.022,0.612,0.14904,0.388,0.05782752000000001,Information Technology
CPAY,20848201728,19.827679,19.12574850299401,0.0,0.819,0.0,0.29071,1.0,0.29071,Financials
CTVA,52609114112,44.488575,44.18857142857143,0.93,0.721,0.4,0.04974,0.6,0.029844,Materials
CSGP,18050613248,2129.5,2146.5,0.0,0.902,0.0,0.00088,1.0,0.00088,Real Estate
COST,429021986816,50.21039,50.51064935064935,0.53,0.993,0.27040002,0.29650998,0.7295999799999999,0.21633367547780039,Consumer Staples
CTRA,25792495616,15.165179,15.16517857142857,2.59,0.353,0.39290002,0.12275,0.60709998,0.074521522545,Energy
CRH,69397979136,18.82214,18.234119782214158,1.49,1.203,0.26860002,0.15684,0.73139998,0.1147127728632,Materials
CRWD,104742625280,,,0.0,1.124,0.0,-0.04137,1.0,-0.04137,Information Technology
CCI,35225767936,32.055553,32.682539682539684,5.16,0.951,1.8859,,-0.8858999999999999,,Real Estate
CSX,72532008960,25.327923,24.785714285714285,1.47,1.263,0.3377,0.22511,0.6623,0.149090353,Industrials
CMI,75416240128,26.639338,26.039043435822354,1.47,1.127,0.3727,0.23928,0.6273,0.150100344,Industrials
CVS,90479656960,51.16547,51.42446043165468,3.72,0.464,1.9137,0.022869999,-0.9137,-0.0208963180863,Health Care
DHR,134473146368,37.73115,37.56944444444444,0.84,0.964,0.2545,0.07053,0.7455,0.052580115000000004,Health Care
DRI,23287179264,20.986374,21.284067085953883,2.95,0.599,0.608,0.51539004,0.392,0.20203289568000002,Consumer Discretionary
DDOG,45147889664,411.58063,403.48387096774195,0.0,1.36,0.0,0.03343,1.0,0.03343,Information Technology
DVA,10123613184,15.92429,15.70031545741325,0.0,0.931,0.0,0.64848,1.0,0.64848,Health Care
DECK,14834637824,14.458097,14.265625000000002,0.0,1.161,0.0,0.39688,1.0,0.39688,Consumer Discretionary
DE,152948260864,31.919392,31.551860202931234,1.16,0.961,0.3655,0.19566,0.6345000000000001,0.12414627000000002,Industrials
DELL,106487595008,18.491371,18.143843498273878,1.6,1.036,0.24190001,,0.7580999900000001,,Information Technology
DAL,42851905536,8.565274,8.281984334203655,1.18,1.35,0.0881,0.27693,0.9119,0.25253246700000004,Industrials
DVN,30216175616,11.682254,11.669064748201437,1.97,0.619,0.23020001,0.17736,0.76979999,0.1365317262264,Energy
DXCM,26025863168,31.928328,32.03349282296651,0.0,1.526,0.0,0.34497002,1.0,0.34497002,Health Care
FANG,54678188032,33.770035,33.54355400696864,2.18,0.569,0.6981,0.03735,0.30189999999999995,0.011275964999999999,Energy
DLR,61658279936,49.09889,48.272980501392766,2.82,1.133,1.3630999,0.05469,-0.3630998999999999,-0.019857933530999995,Real Estate
DG,27488442368,18.230658,18.178102189781022,1.9,0.22,0.3445,0.18992001,0.6555,0.12449256655499999,Consumer Staples
DLTR,21488074752,18.19192,17.83164983164983,0.0,0.692,0.0,0.31693,1.0,0.31693,Consumer Staples
D,52322893824,17.1585,17.112391930835734,4.5,0.67,0.76949996,0.09741,0.23050004000000002,0.0224530088964,Utilities
DPZ,12243103744,20.709045,21.237201365187715,2.13,1.162,0.3961,,0.6039,,Consumer Discretionary
DASH,69464776704,75.07042,73.53990610328638,0.0,1.902,0.0,0.10439,1.0,0.10439,Consumer Discretionary
DOV,29261639680,26.73559,26.236842105263158,0.99,1.249,0.2597,0.15285,0.7403,0.113154855,Industrials
DOW,26021437440,,,4.77,0.71,7.0,-0.13818,-6.0,0.82908,Materials
DHI,40288178176,12.581818,12.101818181818182,1.35,1.407,0.15010001,0.13477,0.8498999899999999,0.1145410216523,Consumer Discretionary
DTE,29646084096,20.242897,20.109375,3.19,0.434,0.6309,0.12177,0.3691,0.044945307,Utilities
DUK,99168583680,20.177214,20.064873417721518,3.36,0.466,0.6688,0.09724,0.33120000000000005,0.032205888,Utilities
DD,18510161920,210.37906,202.0952380952381,1.89,1.115,6.8095,0.0051700003,-5.8095,-0.030035116742849997,Materials
ETN,140420202496,34.596653,34.14354066985646,1.23,1.167,0.39810002,0.21525998,0.60189998,0.1295649776568004,Industrials
EBAY,40598638592,21.084505,20.887323943661976,1.39,1.371,0.2723,0.40847,0.7277,0.297243619,Consumer Discretionary
ECL,73983983616,35.880493,35.23076923076923,1.08,0.979,0.36810002,0.22516,0.63189998,0.1422785994968,Materials
EIX,27289833472,6.1385283,6.038961038961038,5.03,0.777,0.2909,0.24103001,0.7091000000000001,0.17091438009100002,Utilities
EW,47811457024,45.480663,45.58011049723757,0.0,0.934,0.0,0.10353,1.0,0.10353,Health Care
EA,50275971072,75.24344,75.09737827715355,0.38,0.754,0.2846,0.10027,0.7154,0.071733158,Communication Services
ELV,63810134016,11.468465,11.562078540261801,2.36,0.468,0.2713,0.1325,0.7287,0.09655275,Health Care
EME,33325948928,26.398935,25.70673758865248,0.22,1.14,0.0355,0.3849,0.9645,0.37123605000000004,Industrials
EMR,73515376640,32.04412,31.409313725490197,1.73,1.243,0.5239,0.09646,0.47609999999999997,0.045924606,Industrials
ETR,46304620544,26.143223,25.54987212276215,2.48,0.602,0.624,0.10774,0.376,0.04051024,Utilities
EOG,76289286144,15.433579,15.228320526893523,2.94,0.427,0.4326,0.16829,0.5674,0.095487746,Energy
EPAM,7584259072,20.43006,20.450892857142858,0.0,1.768,0.0,0.10335,1.0,0.10335,Information Technology
EQT,41045954560,19.86402,19.537764350453173,1.02,0.722,0.1926,0.09007,0.8074,0.072722518,Energy
EFX,21973401600,33.74624,33.462406015037594,1.16,1.532,0.35529998,0.13757,0.6447000199999999,0.08869138175139998,Industrials
EQIX,94070251520,69.78207,69.90962099125363,2.0,1.031,1.3634,0.09722,-0.36339999999999995,-0.035329747999999994,Real Estate
EQR,23102842880,20.107508,19.788395904436857,4.85,0.735,0.9435,0.100200005,0.056499999999999995,0.005661300282499999,Real Estate
ERIE,12767617024,22.819626,22.464485981308414,2.43,0.411,0.5199,0.26194,0.48009999999999997,0.125757394,Financials
ESS,16975241216,23.607693,23.095192307692308,4.29,0.722,0.9885,0.12235,0.011499999999999955,0.0014070249999999945,Real Estate
EL,32323928064,,,1.63,1.112,4.7143,-0.04341,-3.7142999999999997,0.16123776299999998,Consumer Staples
EG,13159919616,8.619577,8.36031746031746,2.53,0.326,0.2116,0.10847,0.7884,0.08551774799999999,Financials
EVRG,18369560576,21.79508,21.502732240437158,3.53,0.604,0.737,0.08569,0.263,0.022536470000000003,Utilities
ES,25503729664,14.894736,14.620614035087721,4.72,0.753,0.66010004,0.10777,0.33989996,0.036631018689200004,Utilities
EXC,48201781248,17.25641,17.01098901098901,3.62,0.515,0.5861,0.09936,0.41390000000000005,0.04112510400000001,Utilities
EXE,25874063360,14.217965,14.177014531043591,2.97,0.473,0.42139998,0.100659996,0.57860002,0.05824187569879992,Energy
EXPE,28860639232,24.009172,23.973496432212027,0.71,1.41,0.16309999,0.48672,0.83690001,0.4073359728672,Consumer Discretionary
EXPD,19128807424,23.947987,24.555369127516776,1.05,1.107,0.2588,0.35431,0.7412000000000001,0.26261457200000005,Industrials
EXR,29430112256,28.934662,28.37908496732026,4.97,1.242,1.4117999,0.07008,-0.4117999000000001,-0.028858936992000008,Real Estate
XOM,670786453504,23.991804,23.795827123695975,2.58,0.348,0.597,0.110810004,0.403,0.044656431612,Energy
FFIV,16308192256,23.763245,23.533112582781456,0.0,0.994,0.0,0.20844,1.0,0.20844,Information Technology
FDS,7843218944,13.333334,13.31234096692112,2.1,0.751,0.2761,0.28831,0.7239,0.20870760900000002,Financials
FICO,25978583040,40.470066,41.67110125646711,0.0,1.277,0.0,,1.0,,Information Technology
FAST,51410669568,41.073395,40.146788990825684,2.06,0.862,0.8028,0.33291,0.19720000000000004,0.06564985200000001,Industrials
FRT,9122362368,22.455128,22.040598290598293,4.35,1.011,0.953,0.12235,0.04700000000000004,0.005750450000000005,Real Estate
FDX,84929806336,19.89718,19.836926478717526,1.62,1.281,0.3132,0.15869,0.6868000000000001,0.10898829200000001,Industrials
FIS,26006464512,68.79452,68.20547945205479,3.29,0.909,2.1917999,0.026010001,-1.1917999,-0.030998716590799898,Financials
FITB,40985804800,12.821529,12.51841359773371,3.62,0.967,0.4363,0.121929996,0.5637,0.06873193874519999,Financials
FSLR,20339189760,13.338142,13.569317382125263,0.0,1.648,0.0,0.1745,1.0,0.1745,Information Technology
FE,28211791872,27.735794,27.579545454545453,3.83,0.601,1.0,0.09195,0.0,0.0,Utilities
FISV,30829670400,9.041009,9.001577287066246,0.0,,0.0,,1.0,,Financials
F,47375020032,,,5.21,1.665,0.641,-0.20193,0.359,-0.07249287,Consumer Discretionary
FTNT,61135310848,33.971073,33.63636363636364,0.0,1.04,0.0,1.3571601,1.0,,Information Technology
FTV,17741787136,35.132076,34.72955974842767,0.47,0.998,0.1761,0.06396,0.8239,0.052696644,Industrials
FOXA,24353925120,13.729016,13.865707434052759,0.97,0.537,0.1319,0.16823,0.8681,0.14604046299999998,Communication Services
FOX,24150353920,12.405275,12.513189448441247,1.07,0.537,0.1319,0.16823,0.8681,0.14604046299999998,Communication Services
BEN,12518590464,22.231482,21.72222222222222,5.63,1.461,1.1944001,0.04464,-0.19440009999999996,-0.008678020463999998,Financials
FCX,78306795520,35.84579,34.26973684210527,1.15,1.438,0.39470002,0.13946,0.6052999800000001,0.0844151352108,Materials
GRMN,45806587904,27.67209,27.018604651162793,1.81,0.949,0.4016,0.19783,0.5984,0.11838147200000002,Consumer Discretionary
IT,11635773440,16.729015,16.72642487046632,0.0,1.083,0.0,0.86861,1.0,0.86861,Information Technology
GE,310727049216,36.54838,35.5818858560794,0.66,1.369,0.17889999,0.44692,0.82110001,0.36696601646919996,Industrials
GEHC,32706877440,15.753845,15.30769230769231,0.2,1.181,0.0308,0.22378,0.9692,0.216887576,Health Care
GEV,241981210624,50.38785,48.083050847457635,0.18,,0.070700005,0.42641,0.929299995,0.39626281086795,Industrials
GEN,13043545088,21.804123,21.618556701030926,2.38,1.095,0.5155,0.26902,0.48450000000000004,0.13034019,Information Technology
GNRC,11968615424,75.81784,74.09293680297398,0.0,1.769,0.0,0.06283,1.0,0.06283,Industrials
GD,94493106176,22.604786,22.366106080206983,1.76,0.372,0.38830003,0.17658001,0.61169997,0.1080139868195997,Industrials
GIS,19995987968,8.059139,7.9591397849462355,6.59,-0.095,0.5204,0.23591,0.4796,0.11314243600000001,Consumer Staples
GM,71000072192,23.27523,22.26605504587156,0.99,1.356,0.1743,0.04318,0.8257,0.035653726000000004,Consumer Discretionary
GPC,14077766656,215.29788,205.06382978723406,4.41,0.734,8.766,0.015,-7.766,-0.11649,Consumer Discretionary
GILD,169776660480,20.17109,20.237463126843657,2.39,0.374,0.4661,0.40655,0.5339,0.21705704500000003,Health Care
GPN,19769427968,15.943566,15.462753950338602,1.46,0.732,0.22569999,0.04824,0.77430001,0.0373522324824,Financials
GL,10944603136,9.76456,9.715909090909092,0.96,0.455,0.076799996,0.20589,0.923200004,0.19007764882355999,Financials
GDDY,11391085568,13.551448,13.64790996784566,0.0,0.979,0.0,1.92901,1.0,,Information Technology
GS,250300825600,16.25823,15.84901616988116,2.21,1.336,0.2728,0.13861,0.7272000000000001,0.10079719200000002,Financials
HAL,31426338816,24.893333,24.353333333333335,1.86,0.753,0.45330003,0.12274,0.5466999699999999,0.06710195431779999,Energy
HIG,37749153792,10.161412,9.95870870870871,1.81,0.516,0.16219999,0.21656,0.83780001,0.1814339701656,Financials
HAS,13159746560,,,3.07,0.526,0.92410004,-0.36355,0.07589995999999999,-0.027593430457999994,Consumer Discretionary
HCA,111979937792,17.663315,17.420811287477953,0.63,1.342,0.1017,,0.8983,,Health Care
DOC,11989701632,172.45001,170.5,7.16,1.081,12.2003,0.01164,-11.2003,-0.130371492,Real Estate
HSIC,8642179072,22.449543,22.107033639143733,0.0,0.852,0.0,0.08701,1.0,0.08701,Health Care
HSY,43645440000,49.47816,48.308045977011496,2.76,0.112,1.2627,0.1889,-0.26269999999999993,-0.04962402999999999,Consumer Staples
HPE,29293582336,,,2.63,1.311,0.6118,-0.00471,0.3882,-0.001828422,Information Technology
HLT,70353477632,49.53846,47.88543371522094,0.21,1.123,0.098000005,,0.9019999949999999,,Consumer Discretionary
HOLX,16853875712,31.325726,31.290456431535265,0.0,0.728,0.0,0.108559996,1.0,0.108559996,Health Care
HD,329788063744,23.263693,22.524578651685392,2.91,1.044,0.6465,1.45541,0.35350000000000004,0.514487435,Consumer Discretionary
HON,142664695808,32.38528,31.962481962481963,2.15,0.904,0.65989995,0.26136,0.34010005,0.08888854906799999,Industrials
HRL,12282343424,25.078651,24.876404494382022,5.28,0.312,1.3061999,0.061160002,-0.30619989999999997,-0.018727186496399796,Consumer Staples
HST,13400816640,17.486364,16.90909090909091,4.3,1.154,0.72730005,0.11489,0.27269995,0.0313304972555,Real Estate
HWM,96100900864,64.529724,62.48918918918919,0.2,1.188,0.118599996,0.30443,0.881400004,0.26832460321771995,Industrials
HPQ,16849605632,6.952651,6.920454545454545,6.57,1.178,0.4425,,0.5575,,Information Technology
HUBB,26030311424,29.567936,28.72826086956522,1.19,0.997,0.32529998,0.24542,0.67470002,0.16558487890839999,Industrials
HUM,20146761728,16.977642,17.266260162601625,2.08,0.415,0.35979998,0.07039,0.64020002,0.0450636794078,Health Care
HBAN,31239229440,11.032374,10.85611510791367,4.11,0.967,0.44599998,0.10095,0.5540000199999999,0.05592630201899999,Financials
HII,15765553152,26.121262,26.52665799739922,1.35,0.28,0.35279998,0.124239996,0.64720002,0.08040812789599992,Industrials
IBM,231543062528,22.129148,21.68340807174888,2.78,0.706,0.6023,0.35158002,0.39770000000000005,0.13982337395400002,Information Technology
IEX,14166004736,29.525742,28.722308892355695,1.54,0.96,0.4399,0.1234,0.5601,0.06911634,Industrials
IDXX,46365679616,44.324432,44.065648854961836,0.0,1.696,0.0,0.66202,1.0,0.66202,Health Care
ITW,75579006976,24.999523,24.564346997140134,2.5,1.123,0.59290004,0.93718004,0.40709996000000004,0.38152595679679846,Industrials
INCY,18008819712,14.117004,14.162246489859594,0.0,0.844,0.0,0.2987,1.0,0.2987,Health Care
IR,32580802560,56.86896,56.13103448275862,0.1,1.289,0.0552,0.057729997,0.9448,0.054543301165599994,Industrials
PODD,15972817920,65.389046,65.44668587896253,0.0,1.435,0.0,0.18124,1.0,0.18124,Health Care
INTC,219513110528,,,0.0,1.375,0.0,0.00022,1.0,0.00022,Information Technology
IBKR,115442925568,30.585587,29.490990990990987,0.49,1.251,0.1363,0.23507999,0.8637,0.20303858736299998,Financials
ICE,89834479616,27.305891,27.457538994800696,1.31,1.051,0.3328,0.11885,0.6672,0.07929672,Financials
IFF,17506748416,,,2.4,1.005,1.6841999,-0.02559,-0.6841999000000001,0.017508675441,Materials
IP,18825285632,,,5.48,1.038,1.5812,-0.24678,-0.5811999999999999,0.143428536,Materials
INTU,126876286976,29.70293,29.678175895765474,1.02,1.282,0.2915,0.23457001,0.7085,0.166192852085,Information Technology
ISRG,171039080448,61.03549,60.57921419518378,0.0,1.68,0.0,0.16690001,1.0,0.16690001,Health Care
IVZ,10632642560,,,3.62,1.645,0.5646,-0.01219,0.4354,-0.005307526,Financials
INVH,15215171584,25.854166,25.40625,4.92,0.814,1.2188,0.060939997,-0.2188000000000001,-0.013333671343600008,Real Estate
IQV,28309354496,21.27806,21.182397959183675,0.0,1.411,0.0,0.21438,1.0,0.21438,Health Care
IRM,30420733952,209.85715,203.28571428571428,3.47,1.148,6.5694,,-5.5694,,Real Estate
JBHT,19529758720,33.51389,32.66830065359477,0.9,1.207,0.2876,0.15787,0.7123999999999999,0.11246658799999999,Industrials
JBL,28171352064,41.270737,39.69170579029734,0.13,1.183,0.050100002,0.59696996,0.949899998,0.5670617638100601,Information Technology
JKHY,11889753088,23.60273,23.76149425287356,1.42,0.726,0.33290002,0.24284,0.6670999799999999,0.1619985591432,Financials
J,15351480320,34.300793,33.889182058047496,1.12,0.734,0.3377,0.09726,0.6623,0.064415298,Industrials
JNJ,567037198336,21.312952,21.319746376811597,2.21,0.326,0.466,0.35029998,0.534,0.18706018932000001,Health Care
JCI,81628209152,44.753357,43.5234899328859,1.23,1.389,0.5168,0.12640001,0.48319999999999996,0.061076484832,Industrials
JPM,783838543872,14.509735,14.306540189715426,2.09,1.059,0.2897,0.16134001,0.7102999999999999,0.114599809103,Financials
KVUE,33916573696,23.282894,22.89473684210526,4.77,0.473,1.0855,0.14388,-0.08549999999999991,-0.012301739999999988,Consumer Staples
KDP,35889168384,17.264708,17.37908496732026,3.46,0.303,0.6013,0.08356,0.39870000000000005,0.033315372,Consumer Staples
KEY,21520537600,12.993422,12.769736842105264,4.22,1.086,0.5395,0.09482,0.4605,0.04366461,Financials
KEYS,49867071488,51.096657,48.7750439367311,0.0,1.137,0.0,0.17222999,1.0,0.17222999,Information Technology
KMB,33182279680,20.569958,20.205761316872426,5.21,0.234,1.037,1.26603,-0.03699999999999992,-0.0468431099999999,Consumer Staples
KIM,15456954368,27.835367,27.243902439024392,4.66,1.058,1.2317,0.055370003,-0.23170000000000002,-0.012829229695100001,Real Estate
KMI,73974595584,24.27,23.97080291970803,3.56,0.648,0.85040003,0.09826,0.14959997000000003,0.014699693052200003,Energy
KKR,83665633280,38.60684,38.46153846153847,0.82,2.013,0.312,0.08558,0.688,0.05887904,Financials
KLAC,199880589312,44.325466,43.66754079254079,0.51,1.448,0.21540001,1.00726,0.78459999,0.7902961859274,Information Technology
KHC,25124982784,,,7.42,0.01,0.7306,-0.12837,0.2694,-0.034582878,Consumer Staples
KR,44610170880,47.178574,47.532467532467535,1.91,0.59,0.8701,0.14405,0.12990000000000002,0.018712095000000005,Consumer Staples
LHX,66110087168,41.385246,41.31733021077284,1.42,0.606,0.56270003,0.08191,0.43729997,0.0358192405427,Industrials
LH,22128496640,25.494745,25.119388729703914,1.1,0.974,0.2753,0.10509,0.7247,0.076158723,Health Care
LRCX,293283004416,48.045265,46.98765432098765,0.46,1.787,0.20120001,0.65565,0.79879999,0.5237332134435,Information Technology
LW,5636807680,14.655797,14.492753623188406,3.8,0.428,0.5362,0.23164,0.4638,0.107434632,Consumer Staples
LVS,36744527872,23.125534,22.523404255319146,1.98,0.888,0.4255,0.73263,0.5745,0.420895935,Consumer Discretionary
LDOS,21044322304,14.761884,14.876233183856503,1.0,0.617,0.1463,0.31034002,0.8537,0.264937275074,Industrials
LEN,23215724544,13.489928,13.028776978417266,2.21,1.403,0.2878,0.08076,0.7121999999999999,0.057517271999999994,Consumer Discretionary
LII,16752515072,20.958754,20.53005704256253,1.11,1.142,0.2216,0.75833,0.7784,0.590284072,Industrials
LLY,817912872960,39.83653,39.52484742807324,0.69,0.434,0.26139998,1.01159,0.73860002,0.7471603942318,Health Care
LIN,221444472832,32.731163,33.43493150684932,1.31,0.797,0.4107,0.17817,0.5892999999999999,0.10499558099999999,Materials
LYV,35571314688,,,0.0,1.145,0.0,0.36701,1.0,0.36701,Communication Services
LMT,144321642496,28.98211,29.15566914498141,2.15,0.197,0.62119997,0.76865,0.37880002999999995,0.29116464305949996,Industrials
L,22052642816,13.388959,13.249686323713927,0.24,0.588,0.031400003,0.09431,0.968599997,0.09134866571707001,Financials
LOW,131416907776,19.753372,18.940134907251267,2.14,0.935,0.40080002,,0.5991999800000001,,Consumer Discretionary
LULU,19209695232,12.358491,12.288301886792452,0.0,1.013,0.0,0.34013,1.0,0.34013,Consumer Discretionary
LYB,23318663168,,,6.55,0.674,11.468101,-0.06949,-10.468101,0.72742833849,Materials
MTB,29996732416,11.842354,11.655882352941177,3.03,0.588,0.3353,0.09797,0.6647000000000001,0.06512065900000001,Financials
MPC,69076779008,17.714664,17.575963718820862,1.64,0.708,0.2821,0.24193001,0.7179,0.173681554179,Energy
MAR,87190519808,34.63579,33.65894736842105,0.84,1.101,0.2776,,0.7223999999999999,,Consumer Discretionary
MRSH,85471207424,20.670996,20.90995260663507,2.04,0.731,0.4069,0.29352,0.5931,0.17408671199999998,Financials
MLM,34778341376,35.333336,34.35600490196079,0.59,1.149,0.1983,0.10159001,0.8017,0.08144471101699999,Materials
MAS,12275471360,15.619172,15.243523316062177,2.18,1.246,0.32119998,71.5,0.67880002,,Industrials
MA,449565491200,30.474894,30.025408348457347,0.7,0.836,0.184,2.09915,0.8160000000000001,,Financials
MTCH,7360668672,13.10084,13.050420168067227,2.48,1.341,0.3193,,0.6807000000000001,,Communication Services
MKC,14339970048,18.23208,18.167235494880543,3.61,0.574,0.6143,0.14243001,0.38570000000000004,0.054935254857,Consumer Staples
MCD,220841852928,25.897388,25.845188284518834,2.41,0.496,0.6,,0.4,,Consumer Discretionary
MCK,109027082240,25.500435,25.572748267898383,0.37,0.354,0.0883,,0.9117,,Health Care
MDT,111299985408,24.215084,24.06703910614525,3.3,0.729,0.79050004,0.0939,0.20949996000000004,0.019672046244000003,Health Care
MRK,285358522368,15.85412,15.684065934065934,2.98,0.264,0.45049998,0.36882,0.54950002,0.20266659737639997,Health Care
META,1522767101952,25.6057,25.251382390472138,0.35,1.279,0.08939999,0.30238,0.91060001,0.2753472310238,Communication Services
MET,45648011264,14.709129,14.556263269639066,3.31,0.745,0.4772,0.12020001,0.5227999999999999,0.062840565228,Financials
MTD,25269575680,29.423882,28.650808753568032,0.0,1.438,0.0,,1.0,,Health Care
MGM,10233024512,49.22921,46.53947368421052,0.0,1.396,0.0,0.1489,1.0,0.1489,Consumer Discretionary
MCHP,35022290944,,,2.89,1.447,3.1772,-0.010930001,-2.1772,0.0237967981772,Information Technology
MU,455209844736,19.04908,19.956583294006606,0.14,1.542,0.0217,0.39823002,0.9783,0.389588428566,Information Technology
MSFT,2842178355200,23.960213,23.92543859649123,0.95,1.108,0.21280001,0.34390998,0.78719999,0.2707259328169002,Information Technology
MAA,14760501248,32.534393,32.21957671957672,5.03,0.768,1.6032001,0.07645,-0.6032001,-0.046114647645000006,Real Estate
MRNA,20110919680,,,0.0,1.352,0.0,-0.28868,1.0,-0.28868,Health Care
MOH,6948894720,15.12668,15.628923766816143,0.0,0.5,0.0,0.11022,1.0,0.11022,Health Care
TAP,8278151168,,,4.64,0.449,0.35900003,-0.18172,0.64099997,-0.11648251454839999,Consumer Staples
MDLZ,73337528320,30.071428,29.740740740740744,3.56,0.366,1.0265,0.09332,-0.026499999999999968,-0.002472979999999997,Consumer Staples
MPWR,53126520832,84.30319,83.3086515978176,0.75,1.49,0.48520002,0.19173999,0.51479998,0.09870774301720021,Information Technology
MNST,72538775552,38.22165,37.98453608247423,0.0,0.437,0.0,0.26815,1.0,0.26815,Consumer Staples
MCO,78464999424,32.269764,31.85358711566618,0.95,1.442,0.2751,0.62078,0.7249,0.450003422,Financials
MS,261139496960,16.12353,15.830392156862747,2.48,1.207,0.3771,0.15614,0.6229,0.097259606,Financials
MOS,7550719488,13.9890585,13.876470588235295,3.73,0.946,0.5176,0.048249997,0.48240000000000005,0.023275798552800004,Materials
MSI,76267200512,35.886364,35.45062695924765,1.07,0.96,0.3514,1.04197,0.6486000000000001,0.6758217420000001,Information Technology
MSCI,40675962880,35.284256,35.22179732313575,1.48,1.301,0.4589,,0.5411,,Financials
NDAQ,49188401152,27.878641,27.947249190938514,1.25,1.035,0.3398,0.15253,0.6602,0.100700306,Financials
NTAP,20002113536,16.94463,16.96476510067114,2.06,1.349,0.349,1.12587,0.651,0.7329413699999999,Information Technology
NFLX,394919903232,36.79842,36.29249011857708,0.0,1.714,0.0,0.42762002,1.0,0.42762002,Communication Services
NEM,107325710336,15.391236,14.992175273865415,1.09,0.389,0.1565,0.22343999,0.8435,0.18847163156500002,Materials
NWSA,13992933376,31.636366,31.233766233766232,0.83,0.969,0.2597,0.06329,0.7403,0.046853586999999995,Communication Services
NWS,15180070912,35.75325,35.57142857142857,0.73,0.969,0.2597,0.06329,0.7403,0.046853586999999995,Communication Services
NEE,189115023360,27.505152,27.12121212121212,2.79,0.749,0.6867,0.083739996,0.3133,0.0262357407468,Utilities
NKE,78178893824,30.88298,30.625730994152047,3.13,1.286,0.9415,0.17950001,0.058499999999999996,0.010500750585,Consumer Discretionary
NI,21857003520,23.423077,23.08717948717949,2.67,0.616,0.5744,0.0907,0.4256,0.03860192,Utilities
NDSN,15024475136,29.117296,28.403243243243246,1.25,0.99,0.3463,0.17473,0.6537,0.11422100099999999,Industrials
NSC,64169644032,22.393566,22.02899686520376,1.92,1.303,0.42349997,0.19248,0.57650003,0.11096472577440002,Industrials
NTRS,26042408960,15.755721,15.530892448512587,2.32,1.266,0.3547,0.13492,0.6453,0.08706387600000001,Financials
NOC,99744202752,24.049553,24.327253957329667,1.31,0.007,0.3091,0.26167,0.6909000000000001,0.18078780300000002,Industrials
NCLH,9268075520,22.11413,20.59782608695652,0.0,2.044,0.0,0.23285,1.0,0.23285,Consumer Discretionary
NRG,32227024896,37.841644,36.359102244389035,1.3,1.265,0.4389,0.41548002,0.5610999999999999,0.23312583922199998,Utilities
NUE,36903456768,21.44282,21.087765957446813,1.41,1.768,0.29389998,0.09361,0.70610002,0.0660980228722,Materials
NVDA,4261638569984,35.783672,35.291836734693874,0.02,2.375,0.0082,1.01485,0.9918,,Information Technology
NVR,18616367104,15.027206,14.59862479944992,0.0,1.036,0.0,0.33185002,1.0,0.33185002,Consumer Discretionary
NXPI,49225830400,24.534634,24.102015113350124,2.12,1.44,0.5102,0.20698999,0.4898,0.10138369710200001,Information Technology
ORLY,75222335488,30.005049,29.39393939393939,0.0,0.599,0.0,,1.0,,Consumer Discretionary
OXY,59481743360,44.674076,44.97037037037037,1.71,0.351,0.7111,0.05929,0.28890000000000005,0.017128881000000002,Energy
ODFL,39695245312,39.223137,38.0,0.63,1.219,0.2314,0.2393,0.7686,0.18392598,Industrials
OMC,23777746944,,,4.26,0.71,0.413,0.00479,0.587,0.0028117299999999997,Communication Services
ON,24128620544,206.77586,204.3448275862069,0.0,1.53,0.0,0.01498,1.0,0.01498,Information Technology
OKE,56277463040,16.487085,16.45940959409594,4.66,0.88,0.7601,0.15489,0.2399,0.037158111,Energy
ORCL,438208790528,27.354578,26.872531418312388,1.34,1.648,0.35909998,0.57572,0.64090002,0.3689789595144,Information Technology
OTIS,31083737088,22.788572,22.725714285714286,2.11,0.986,0.4714,,0.5286,,Industrials
PCAR,59809976320,25.217295,24.669623059866964,1.19,1.046,0.2927,0.12922,0.7073,0.09139730600000001,Industrials
PKG,18950520832,24.547203,23.628205128205128,2.47,0.896,0.5828,0.17198,0.4172,0.071750056,Materials
PLTR,376234475520,249.69841,239.1746031746032,0.0,1.739,0.0,0.25983,1.0,0.25983,Information Technology
PANW,133554716672,91.43575,91.03351955307262,0.0,0.822,0.0,0.16259001,1.0,0.16259001,Information Technology
PSKY,10077932544,302.16666,305.0,2.18,1.259,6.6667,-0.00863,-5.6667,0.048903621,Communication Services
PH,115368534016,33.396145,32.67848008768725,0.8,1.218,0.2565,0.25781,0.7435,0.191681735,Industrials
PAYX,33584994304,21.16742,20.93891402714932,4.67,0.889,0.9548,0.40884998,0.04520000000000002,0.018480019096000007,Industrials
PAYC,6909935104,15.575495,15.448019801980196,1.2,0.812,0.1856,0.27417,0.8144,0.223284048,Industrials
PYPL,42385035264,8.373383,8.134935304990757,1.27,1.459,0.025899999,0.25732002,0.974100001,0.25065543173932003,Financials
PNR,14520763392,22.57888,22.00763358778626,1.2,1.212,0.2545,0.17478001,0.7455,0.13029849745500002,Industrials
PEP,205347127296,25.029999,25.006666666666664,3.79,0.375,0.9371,0.42848,0.06289999999999996,0.026951391999999984,Consumer Staples
PFE,152248860672,19.680147,19.830882352941174,6.38,0.412,1.2647,0.08886,-0.26469999999999994,-0.023521241999999994,Health Care
PCG,38046822400,14.669492,14.677966101694917,1.15,0.308,0.105900005,0.08207,0.894099995,0.07337878658965001,Utilities
PM,254750605312,22.54132,22.46694214876033,3.6,0.395,0.7765,,0.22350000000000003,,Consumer Staples
PSX,71067942912,16.435589,16.262279888785915,2.9,0.871,0.4402,0.15427,0.5598000000000001,0.086360346,Energy
PNW,11836638208,19.386139,19.26138613861386,3.74,0.492,0.7119,0.09059,0.2881,0.026098979000000005,Utilities
PNC,82326388736,12.281061,12.165862484921593,3.37,0.974,0.3978,0.12158,0.6022000000000001,0.073215476,Financials
POOL,7552705024,18.67035,18.447513812154696,2.5,1.247,0.4562,0.33058998,0.5438000000000001,0.17977483112400003,Consumer Discretionary
PPG,22561142784,14.567919,14.04913294797688,2.92,1.123,0.4017,0.21077,0.5983,0.12610369100000002,Materials
PPL,27700680704,23.188679,22.987421383647796,3.12,0.689,0.6855,0.08157,0.3145,0.025653765000000002,Utilities
PFG,18983745536,16.45905,16.20380952380952,3.68,0.876,0.58669996,0.10524,0.41330004,0.0434956962096,Financials
PG,337287348224,21.34963,21.374814814814815,2.93,0.34,0.6188,0.31562,0.3812,0.120314344,Consumer Staples
PGR,119899529216,10.647212,10.718002081165453,6.75,0.29,0.7228,0.40448,0.2772,0.112121856,Financials
PLD,122520510464,37.023876,35.95786516853932,3.34,1.416,1.1348001,0.06127,-0.1348001000000001,-0.008259202127000004,Real Estate
PRU,32840761344,9.446447,9.312312312312311,5.86,0.966,0.5405,0.11359999,0.4595,0.052199195405,Financials
PEG,39782572032,18.886255,18.824644549763033,3.37,0.582,0.59720004,0.12757,0.40279995999999996,0.05138519089719999,Utilities
PTC,17866076160,22.111929,22.063328424153166,0.0,1.042,0.0,0.23141001,1.0,0.23141001,Information Technology
PSA,47973949440,30.331854,29.498335183129853,4.52,0.965,1.3319,0.18763,-0.3319000000000001,-0.062274397000000016,Real Estate
PHM,22803361792,10.672662,10.301258992805757,0.91,1.298,0.08270001,0.17673999,0.91729999,0.16212359105960011,Consumer Discretionary
PWR,85363113984,84.1497,81.91592920353982,0.08,1.109,0.060300004,0.12739,0.939699996,0.11970838249044,Industrials
QCOM,136442765312,25.756048,26.18951612903226,2.74,1.267,0.7097,0.2148,0.2903,0.06235644,Information Technology
DGX,21923088384,22.522858,22.31542857142857,1.76,0.63,0.36,0.14751,0.64,0.0944064,Health Care
Q,23841361920,34.45909,32.60303030303031,0.13,,0.0182,0.079840004,0.9818,0.07838691592720001,Information Technology
RL,20657240064,23.157715,22.424881033310673,1.11,1.488,0.24229999,0.33846,0.75770001,0.25645114538459995,Consumer Discretionary
RJF,28638070784,14.190312,14.071428571428571,1.5,1.007,0.19940001,0.17124,0.80059999,0.13709474228760002,Financials
RTX,266314465280,39.971718,40.03232323232323,1.37,0.406,0.53830004,0.109519996,0.46169996,0.05056537777240016,Industrials
O,57194659840,52.239403,52.0940170940171,5.3,0.774,2.7547,0.02702,-1.7547000000000001,-0.047411994,Real Estate
REG,14157119488,26.882978,26.549645390070925,4.03,0.926,1.0177,0.07683,-0.01770000000000005,-0.0013598910000000037,Real Estate
REGN,77917085696,17.767962,17.66803278688525,0.51,0.397,0.0849,0.14864999,0.9151,0.136029605849,Health Care
RF,22535813120,11.173957,11.02608695652174,4.12,1.041,0.44779998,0.1165,0.55220002,0.06433130233,Financials
RSG,67535937536,31.895466,32.06140350877193,1.14,0.521,0.3518,0.18301001,0.6482,0.118627088482,Industrials
RMD,33242363904,22.548515,22.375247524752478,1.06,0.887,0.2235,0.25676,0.7765,0.19937413999999998,Health Care
RVTY,9715708928,42.184467,41.71844660194174,0.33,1.107,0.1359,0.03216,0.8641,0.027789456,Health Care
HOOD,64957251584,35.19512,34.580487804878054,0.0,2.479,0.0,0.21993999,1.0,0.21993999,Financials
ROK,40430972928,41.144165,40.630434782608695,1.55,1.522,0.6069,0.23736,0.3931,0.093306216,Industrials
ROL,25738434560,49.08257,48.86238532110091,1.37,0.796,0.6228,0.38944,0.3772,0.14689676799999998,Industrials
ROP,38249500672,25.060297,24.942172073342736,1.03,0.927,0.2324,0.07929,0.7676000000000001,0.060863004000000005,Information Technology
ROST,69461827584,32.31165,31.950075642965203,0.84,0.98,0.2451,0.36678,0.7549,0.276882222,Consumer Discretionary
RCL,75396956160,17.711082,16.889814221652784,1.61,1.926,0.2242,0.47731,0.7758,0.37029709800000005,Consumer Discretionary
SPGI,129531781120,29.219944,28.991120218579233,0.91,1.221,0.2619,0.13087,0.7381,0.09659514699999999,Financials
CRM,181628076032,24.85128,25.04871794871795,0.9,1.307,0.2133,0.123959996,0.7867,0.0975193288532,Information Technology
SNDK,101166415872,,,0.0,,0.0,-0.09372,1.0,-0.09372,Information Technology
SBAC,18063665152,17.428133,17.75229357798165,2.87,0.833,0.45310003,,0.54689997,,Real Estate
SLB,74103447552,21.006384,19.842553191489362,2.53,0.709,0.48509997,0.13904001,0.51490003,0.07159170532020029,Energy
STX,89290915840,45.08767,46.519230769230774,0.72,1.648,0.32770002,,0.67229998,,Information Technology
SRE,60814221312,33.850906,33.35272727272727,2.87,0.7,0.9382,0.051909998,0.061799999999999966,0.003208037876399998,Utilities
NOW,116403372032,66.05988,66.09580838323353,0.0,1.019,0.0,0.15488,1.0,0.15488,Information Technology
SHW,77777739776,30.595028,29.58382066276803,1.05,1.244,0.308,0.59391,0.692,0.41098572,Materials
SPG,59944132608,13.018349,13.021877205363445,4.69,1.397,0.6034,1.04109,0.39659999999999995,0.412896294,Real Estate
SWKS,8229195776,20.967434,20.85823754789272,5.22,1.297,1.0805,0.06485,-0.08050000000000002,-0.005220425000000002,Information Technology
SJM,10515259392,,,4.43,0.176,0.8606,-0.20683001,0.13939999999999997,-0.028832103393999994,Consumer Staples
SW,20035411968,28.734585,27.225563909774436,5.0,1.004,1.2955999,0.03911,-0.2955999,-0.011560912089000001,Materials
SNA,19017588736,19.027082,18.588541666666668,2.73,0.749,0.4617,0.18327999,0.5383,0.098659618617,Industrials
SOLV,11493911552,7.4605856,7.407657657657657,0.0,,0.0,0.38861,1.0,0.38861,Health Care
SO,105446653952,24.030611,23.823979591836736,3.17,0.41,0.75,0.11043,0.25,0.0276075,Utilities
LUV,21032695808,51.48101,49.88607594936708,1.83,1.094,0.9114,0.04812,0.08860000000000001,0.004263432000000001,Industrials
SWK,10800948224,26.24717,25.38867924528302,4.93,1.149,1.2452999,0.04522,-0.24529990000000002,-0.011092461478000002,Industrials
SBUX,107379023872,78.541664,77.125,2.68,0.928,2.0417,,-1.0417,,Consumer Discretionary
STT,34432241664,13.114363,12.975531914893617,2.75,1.416,0.3404,0.11078,0.6596,0.073070488,Financials
STLD,24426713088,20.966166,20.545112781954884,1.24,1.395,0.25030002,0.13284001,0.7496999799999999,0.0995901528401998,Materials
STE,21701285888,30.838215,30.687587168758718,1.12,1.036,0.33470002,0.10468,0.66529998,0.0696436019064,Health Care
SYK,127377088512,39.671967,40.00834326579261,1.05,0.869,0.4048,0.15079,0.5952,0.089750208,Health Care
SMCI,12976414720,15.773723,14.985401459854014,0.0,1.487,0.0,0.13193,1.0,0.13193,Information Technology
SYF,24174686208,7.232759,7.132543103448276,1.81,1.412,0.123900004,0.21304001,0.876099996,0.18664435190883996,Financials
SNPS,83314163712,66.80799,64.56528417818741,0.0,1.156,0.0,0.055430003,1.0,0.055430003,Information Technology
SYY,39363313664,22.153639,21.921832884097036,2.66,0.595,0.5741,0.82345,0.42589999999999995,0.35070735499999994,Consumer Staples
TMUS,232917827584,21.445932,21.469618949536557,1.96,0.412,0.3765,0.18177,0.6234999999999999,0.11333359499999998,Communication Services
TROW,19196956672,9.527057,9.327922077922077,6.03,1.553,0.5498,0.18791,0.45020000000000004,0.084597082,Financials
TTWO,36953612288,,,0.0,0.958,0.0,-0.86217004,1.0,-0.86217004,Communication Services
TPR,29682399232,56.217052,54.604651162790695,1.14,1.597,0.5814,0.55337,0.41859999999999997,0.231640682,Consumer Discretionary
TRGP,51565862912,28.222942,27.930588235294117,1.68,0.853,0.44169998,0.51381,0.55830002,0.2868601332762,Energy
TGT,52051222528,14.137761,13.931119311193111,4.03,1.105,0.556,0.24034001,0.44399999999999995,0.10671096443999999,Consumer Staples
TEL,58577940480,28.796537,28.259740259740262,1.49,1.245,0.40060002,0.16097,0.59939998,0.0964854147806,Information Technology
TDY,29134266368,33.351803,32.6712619300106,0.0,0.975,0.0,0.08926,1.0,0.08926,Information Technology
TER,47825494016,88.29046,84.05491329479769,0.18,1.801,0.1383,0.19734,0.8617,0.17004787799999999,Information Technology
TSLA,1419732320256,353.59802,343.8878504672897,0.0,1.926,0.0,0.049250003,1.0,0.049250003,Consumer Discretionary
TXN,173197443072,34.904587,34.34678899082569,3.03,0.979,1.0092,0.30148,-0.009200000000000097,-0.0027736160000000295,Information Technology
TPL,36375977984,75.80962,74.62787356321839,0.46,0.731,0.3061,0.37152,0.6939,0.257797728,Energy
TXT,15705098240,17.612307,17.337890625,0.09,0.935,0.0156,0.12242,0.9844,0.12051024800000001,Industrials
TMO,177228627968,26.893038,26.741262683201807,0.37,0.971,0.096999995,0.13024001,0.903000005,0.11760672968120003,Health Care
TJX,174258388992,32.150925,31.823408624229977,1.1,0.736,0.3388,0.59129,0.6612,0.390960948,Consumer Discretionary
TKO,15486934016,86.82743,83.35398230088497,1.66,0.167,1.0177,0.056339998,-0.01770000000000005,-0.0009972179646000028,Communication Services
TTD,11368712192,26.538889,26.788888888888888,0.0,1.19,0.0,0.16317,1.0,0.16317,Communication Services
TSCO,24170049536,22.291262,22.21844660194175,2.1,0.698,0.4466,0.45183998,0.5534,0.250048244932,Consumer Discretionary
TT,94269014016,32.378902,31.253617669459253,1.02,1.188,0.2861,0.36956,0.7139,0.263828884,Industrials
TDG,66272010240,37.75756,37.882561132561136,0.0,0.918,0.0,,1.0,,Industrials
TRV,66015621120,10.78535,10.809037900874635,1.48,0.502,0.1586,0.20698999,0.8414,0.174161377586,Financials
TRMB,15944272896,38.076706,37.335227272727266,0.0,1.574,0.0,0.07322,1.0,0.07322,Information Technology
TFC,57239875584,11.71335,11.56020942408377,4.71,0.861,0.5445,0.08236,0.4555,0.03751498,Financials
TYL,15091723264,48.694866,48.57142857142857,0.0,0.934,0.0,0.08901,1.0,0.08901,Information Technology
TSN,20966303744,106.33929,103.89285714285714,3.51,0.441,3.5893,0.012560001,-2.5893,-0.032521610589300004,Consumer Staples
USB,80372678656,11.19697,11.093073593073592,4.02,1.041,0.4416,0.12184,0.5584,0.06803545600000001,Financials
UBER,155484045312,15.820296,15.621564482029598,0.0,1.215,0.0,0.39925998,1.0,0.39925998,Industrials
UDR,12981342208,30.513273,30.185840707964605,5.1,0.691,1.5177001,0.09378,-0.5177001000000001,-0.04854991537800001,Real Estate
ULTA,23405625344,20.350878,20.661598440545813,0.0,0.847,0.0,0.43595,1.0,0.43595,Consumer Discretionary
UNP,141764198400,19.941988,19.609348914858096,2.35,0.952,0.4541,0.40377,0.5459,0.22041804300000004,Industrials
UAL,30324537344,9.183333,8.818627450980394,0.0,1.247,0.0,0.23987,1.0,0.23987,Industrials
UPS,83186491392,14.934451,14.612804878048781,6.84,1.054,1.0,0.33772,0.0,0.0,Industrials
URI,46521274368,18.95075,18.41550025920166,1.11,1.654,0.18540001,0.28357,0.81459999,0.23099611916430002,Industrials
UNH,245562621952,20.44898,20.83068783068783,3.21,0.38,0.65989995,0.12538,0.34010005,0.042641744269,Health Care
UHS,11567059968,8.1971855,8.044155844155844,0.43,1.261,0.0346,0.21326,0.9654,0.205881204,Health Care
VLO,72325382144,31.282982,31.643799472295516,2.0,0.734,0.5971,0.08299,0.40290000000000004,0.033436671,Energy
VTR,39450611712,153.8148,152.77777777777777,2.52,0.76,3.5556,0.0217,-2.5556,-0.05545652,Real Estate
VLTO,22076116992,23.646278,23.5718085106383,0.59,1.106,0.1223,0.36498,0.8777,0.320342946,Industrials
VRSN,22304546816,27.311008,27.330306469920544,1.35,0.765,0.2622,,0.7378,,Information Technology
VRSK,27882876928,30.873457,31.134259259259256,0.99,0.797,0.2778,4.3794603,0.7222,,Industrials
VZ,213014151168,12.439655,12.310344827586208,5.66,0.281,0.5037,0.17069,0.49629999999999996,0.084713447,Communication Services
VRTX,115100098560,29.617647,29.67875816993464,0.0,0.315,0.0,0.22541,1.0,0.22541,Health Care
VTRS,15393403904,,,3.64,0.796,9.6,-0.21080999,-8.6,,Health Care
VICI,29081845760,10.423372,10.279693486590038,6.64,0.699,0.67620003,0.10217,0.32379997000000005,0.03308264293490001,Real Estate
V,590057242624,28.736153,28.32112676056338,0.89,0.791,0.2291,0.53954,0.7709,0.415931386,Financials
VST,51306651648,69.461006,66.98165137614679,0.62,1.45,0.41349998,0.17656,0.58650002,0.1035524435312,Utilities
VMC,34848866304,32.401104,31.74447174447174,0.8,1.059,0.24049999,0.12972,0.75950001,0.0985223412972,Materials
WRB,25050996736,14.813483,14.773033707865167,0.55,0.336,0.0787,0.19700001,0.9213,0.181496109213,Financials
GWW,50471219200,30.070562,29.408693197854927,0.87,1.092,0.2494,0.46098998,0.7505999999999999,0.346019078988,Industrials
WAB,41359671296,35.473606,34.61290322580645,0.45,0.979,0.1464,0.11096,0.8536,0.094715456,Industrials
WMT,961790672896,44.190475,43.5970695970696,0.83,0.657,0.3443,0.21847,0.6557,0.143250779,Consumer Staples
DIS,174119993344,14.460236,14.65537555228277,1.51,1.443,0.1841,0.12024,0.8159,0.098103816,Communication Services
WBD,68091441152,94.63793,94.55172413793105,0.0,1.675,0.0,0.02078,1.0,0.02078,Communication Services
WM,91900059648,33.956783,34.46199701937407,1.48,0.533,0.4925,0.29696,0.5075000000000001,0.1507072,Industrials
WAT,29537001472,27.981876,27.787174721189594,0.0,1.203,0.0,0.29279,1.0,0.29279,Health Care
WEC,36615770112,23.384617,23.322245322245326,3.4,0.534,0.7422,0.11576,0.25780000000000003,0.029842928000000005,Utilities
WFC,246732046336,12.55591,12.396166134185304,2.32,1.071,0.2716,0.11732,0.7283999999999999,0.085455888,Financials
WELL,137785196544,140.04965,138.9645390070922,1.51,0.813,1.9858999,0.025390001,-0.9858998999999999,-0.025031999446899898,Real Estate
WST,17474744320,35.756634,34.96017699115044,0.37,1.179,0.1252,0.16855,0.8748,0.14744754000000002,Health Care
WDC,98718285824,27.290642,27.703213610586012,0.17,1.853,0.0307,0.41126,0.9693,0.39863431800000004,Information Technology
WY,16745601024,51.622223,49.93333333333333,3.74,1.032,1.8666999,0.03384,-0.8666999,-0.029329124616,Real Estate
WSM,21853833216,20.205297,19.69315673289183,1.7,1.558,0.2811,0.51523995,0.7189,0.370406000055,Consumer Discretionary
WMB,89748242432,34.331776,33.836448598130836,2.9,0.649,0.9346,0.18555,0.06540000000000001,0.012134970000000002,Energy
WTW,27928434688,17.949846,17.923076923076923,1.32,0.622,0.22629999,0.20076,0.77370001,0.1553280140076,Financials
WDAY,35814027264,52.78101,52.697674418604656,0.0,1.167,0.0,0.08231,1.0,0.08231,Information Technology
WYNN,10713022464,32.71656,31.840764331210192,1.0,1.034,0.3185,,0.6815,,Consumer Discretionary
XEL,48213196800,22.59649,22.44736842105263,3.09,0.426,0.6667,0.09358,0.33330000000000004,0.031190214000000004,Utilities
XYL,29430538240,30.9156,30.803069053708438,1.43,1.169,0.4082,0.08396,0.5918,0.049687528,Industrials
YUM,44031578112,28.573874,28.18198198198198,1.92,0.639,0.5117,,0.48829999999999996,,Consumer Discretionary
ZBRA,10541884416,25.438862,24.892420537897312,0.0,1.679,0.0,0.116809994,1.0,0.116809994,Information Technology
ZBH,17378541568,24.70141,24.752112676056342,1.09,0.591,0.27040002,0.05599,0.7295999799999999,0.040850302880199994,Health Care
ZTS,50626834432,19.114807,19.246256239600665,1.83,0.954,0.33220002,0.65992,0.6677999800000001,0.4406945628016,Health Care
