Run Date,Ticker,Combined Signal,Source Cluster,PE Ratio (Current),Predicted PE (Cluster),PE Difference (Cluster),Sector
2026-03-09,APTV,Strong Overvalued,cluster_0,96.93333333333334,63.69,33.24,Consumer Discretionary
2026-03-09,AVGO,Strong Overvalued,cluster_0,69.42226890756302,31.26,38.16,Information Technology
2026-03-09,CDNS,Strong Overvalued,cluster_0,72.95823095823096,27.02,45.94,Information Technology
2026-03-09,COST,Strong Overvalued,cluster_0,53.4887459807074,23.96,29.53,Consumer Staples
2026-03-09,DASH,Strong Overvalued,cluster_0,84.11737089201878,53.9,30.22,Consumer Discretionary
2026-03-09,DHI,Strong Undervalued,cluster_0,13.399454049135576,33.27,-19.87,Consumer Discretionary
2026-03-09,EPAM,Strong Undervalued,cluster_0,21.70684523809524,57.42,-35.71,Information Technology
2026-03-09,FSLR,Strong Undervalued,cluster_0,13.31527093596059,43.82,-30.5,Information Technology
2026-03-09,PODD,Strong Overvalued,cluster_0,68.10632183908045,38.69,29.42,Health Care
2026-03-09,MPWR,Strong Overvalued,cluster_0,79.37626066718386,39.24,40.14,Information Technology
2026-03-09,NCLH,Strong Undervalued,cluster_0,14.424460431654678,40.32,-25.9,Consumer Discretionary
2026-03-09,PHM,Strong Undervalued,cluster_0,11.496402877697845,33.55,-22.05,Consumer Discretionary
2026-03-09,PWR,Strong Overvalued,cluster_0,79.32305433186492,44.51,34.81,Industrials
2026-03-09,NOW,Strong Overvalued,cluster_0,74.45508982035929,38.76,35.7,Information Technology
2026-03-09,TPR,Strong Overvalued,cluster_0,55.872093023255815,22.04,33.83,Consumer Discretionary
2026-03-09,TER,Strong Overvalued,cluster_0,78.68876080691642,40.56,38.13,Information Technology
2026-03-09,UAL,Strong Undervalued,cluster_0,9.026470588235297,29.44,-20.41,Industrials
2026-03-09,UHS,Strong Undervalued,cluster_0,8.33982683982684,31.34,-23.0,Health Care
2026-03-09,WBD,Strong Overvalued,cluster_0,96.3793103448276,64.58,31.8,Communication Services
2026-03-09,APA,Strong Undervalued,cluster_1,7.818181818181818,15.41,-7.59,Energy
2026-03-09,OXY,Strong Overvalued,cluster_1,40.14074074074074,22.96,17.18,Energy
2026-03-09,PNC,Strong Undervalued,cluster_1,12.424352019288728,19.44,-7.02,Financials
2026-03-09,ADI,Strong Overvalued,cluster_2,57.84065934065934,35.85,21.99,Information Technology
2026-03-09,BAC,Strong Undervalued,cluster_2,12.766404199475064,27.22,-14.45,Financials
2026-03-09,COF,Strong Overvalued,cluster_2,55.86607142857143,42.95,12.92,Financials
2026-03-09,C,Strong Undervalued,cluster_2,15.240343347639485,33.2,-17.96,Financials
2026-03-09,GLW,Strong Overvalued,cluster_2,67.74175824175825,30.78,36.96,Information Technology
2026-03-09,LEN,Strong Undervalued,cluster_2,12.677944862155387,25.71,-13.03,Consumer Discretionary
2026-03-09,STT,Strong Undervalued,cluster_2,12.876595744680852,24.73,-11.85,Financials
2026-03-09,SYK,Strong Overvalued,cluster_2,43.5035799522673,31.69,11.81,Health Care
2026-03-09,WFC,Strong Undervalued,cluster_2,12.846645367412142,29.6,-16.75,Financials
2026-03-09,CTVA,Overvalued (Index only),cluster_3,43.97714285714285,31.35,12.63,Materials
2026-03-09,EA,Overvalued (Index only),cluster_3,74.15730337078652,29.94,44.22,Communication Services
2026-03-09,LHX,Overvalued (Index only),cluster_3,42.92857142857144,27.58,15.35,Industrials
2026-03-09,MNST,Overvalued (Index only),cluster_3,38.97422680412371,20.91,18.06,Consumer Staples
2026-03-09,PANW,Overvalued (Index only),cluster_3,91.69444444444444,28.19,63.5,Information Technology
2026-03-09,RTX,Overvalued (Index only),cluster_3,42.375757575757575,24.26,18.12,Industrials
2026-03-09,ROL,Overvalued (Index only),cluster_3,53.46788990825688,31.18,22.29,Industrials
2026-03-09,TPL,Overvalued (Index only),cluster_3,75.21919770773638,25.02,50.2,Energy
2026-03-09,WMT,Overvalued (Index only),cluster_3,45.18248175182481,28.77,16.41,Consumer Staples
2026-03-09,AES,Strong Undervalued,cluster_6,9.30921052631579,16.9,-7.59,Utilities
2026-03-09,CMCSA,Strong Undervalued,cluster_6,5.920222634508349,11.87,-5.95,Communication Services
2026-03-09,EIX,Strong Undervalued,cluster_6,6.212987012987013,11.91,-5.7,Utilities
2026-03-09,PRU,Strong Undervalued,cluster_6,9.72172172172172,14.25,-4.53,Financials
2026-03-09,TROW,Strong Undervalued,cluster_6,9.783549783549784,14.89,-5.11,Financials
2026-03-09,AMP,Undervalued (Index only),cluster_7,12.821014892443465,26.45,-13.63,Financials
2026-03-09,ANET,Overvalued (Index only),cluster_7,48.32363636363636,31.32,17.0,Information Technology
2026-03-09,ADSK,Overvalued (Index only),cluster_7,49.998084291187745,30.48,19.52,Information Technology
2026-03-09,CHTR,Undervalued (Index only),cluster_7,6.413697873515604,31.42,-25.01,Communication Services
2026-03-09,CTAS,Overvalued (Index only),cluster_7,44.07142857142858,24.46,19.61,Industrials
2026-03-09,DAL,Undervalued (Index only),cluster_7,7.703655352480418,27.84,-20.14,Industrials
2026-03-09,HWM,Overvalued (Index only),cluster_7,67.6027027027027,27.87,39.73,Industrials
2026-03-09,LULU,Undervalued (Index only),cluster_7,11.831015299026424,28.9,-17.07,Consumer Discretionary
2026-03-09,PYPL,Undervalued (Index only),cluster_7,8.682070240295749,29.18,-20.5,Financials
2026-03-09,RCL,Undervalued (Index only),cluster_7,17.825641025641026,32.18,-14.35,Consumer Discretionary
2026-03-10,APTV,Strong Overvalued,cluster_0,97.13333333333333,63.57,33.56,Consumer Discretionary
2026-03-10,AVGO,Strong Overvalued,cluster_0,67.529296875,31.1,36.43,Information Technology
2026-03-10,CDNS,Strong Overvalued,cluster_0,73.5925925925926,26.73,46.86,Information Technology
2026-03-10,COST,Strong Overvalued,cluster_0,53.75935828877005,23.58,30.18,Consumer Staples
2026-03-10,DASH,Strong Overvalued,cluster_0,82.51869158878505,56.58,25.94,Consumer Discretionary
2026-03-10,DHI,Strong Undervalued,cluster_0,13.4385805277525,33.89,-20.45,Consumer Discretionary
2026-03-10,EPAM,Strong Undervalued,cluster_0,21.797317436661697,59.24,-37.44,Information Technology
2026-03-10,FSLR,Strong Undervalued,cluster_0,13.759154929577464,45.82,-32.06,Information Technology
2026-03-10,PODD,Strong Overvalued,cluster_0,68.87679083094555,39.8,29.08,Health Care
2026-03-10,MPWR,Strong Overvalued,cluster_0,82.64591439688716,40.45,42.2,Information Technology
2026-03-10,NCLH,Strong Undervalued,cluster_0,22.51086956521739,43.81,-21.3,Consumer Discretionary
2026-03-10,PHM,Strong Undervalued,cluster_0,11.390287769784171,33.92,-22.53,Consumer Discretionary
2026-03-10,PWR,Strong Overvalued,cluster_0,83.29032258064515,43.53,39.76,Industrials
2026-03-10,NOW,Strong Overvalued,cluster_0,73.0119760479042,37.89,35.12,Information Technology
2026-03-10,TPR,Strong Overvalued,cluster_0,56.3953488372093,24.81,31.59,Consumer Discretionary
2026-03-10,TER,Strong Overvalued,cluster_0,85.42939481268012,43.05,42.38,Information Technology
2026-03-10,UAL,Strong Undervalued,cluster_0,9.266666666666667,30.38,-21.11,Industrials
2026-03-10,UHS,Strong Undervalued,cluster_0,8.251624079688177,32.04,-23.79,Health Care
2026-03-10,VST,Strong Overvalued,cluster_0,75.05504587155963,43.29,31.77,Utilities
2026-03-10,WBD,Strong Overvalued,cluster_0,95.6896551724138,65.23,30.46,Communication Services
2026-03-10,AMP,Undervalued (Index only),cluster_1,12.723462917011304,28.17,-15.45,Financials
2026-03-10,ANET,Overvalued (Index only),cluster_1,50.06204379562043,32.14,17.92,Information Technology
2026-03-10,ADSK,Overvalued (Index only),cluster_1,49.76145038167939,31.95,17.81,Information Technology
2026-03-10,CHTR,Undervalued (Index only),cluster_1,6.153272576636288,31.38,-25.23,Communication Services
2026-03-10,CTAS,Overvalued (Index only),cluster_1,43.45670995670996,23.67,19.79,Industrials
2026-03-10,FIX,Overvalued (Index only),cluster_1,47.61970853573907,31.96,15.66,Industrials
2026-03-10,DAL,Undervalued (Index only),cluster_1,7.908616187989556,27.6,-19.69,Industrials
2026-03-10,HWM,Overvalued (Index only),cluster_1,68.50134770889487,27.82,40.68,Industrials
2026-03-10,LULU,Undervalued (Index only),cluster_1,11.805285118219748,29.75,-17.94,Consumer Discretionary
2026-03-10,PYPL,Undervalued (Index only),cluster_1,8.532347504621072,28.98,-20.45,Financials
2026-03-10,RCL,Undervalued (Index only),cluster_1,18.625,34.11,-15.48,Consumer Discretionary
2026-03-10,APA,Strong Undervalued,cluster_2,8.167919799498748,15.1,-6.93,Energy
2026-03-10,KR,Strong Overvalued,cluster_2,47.642857142857146,23.01,24.63,Consumer Staples
2026-03-10,OXY,Strong Overvalued,cluster_2,40.56296296296296,23.31,17.25,Energy
2026-03-10,PNC,Strong Undervalued,cluster_2,12.377335744424352,20.65,-8.27,Financials
2026-03-10,COR,Overvalued (Index only),cluster_4,43.48557692307692,35.21,8.28,Health Care
2026-03-10,IDXX,Overvalued (Index only),cluster_4,46.74196018376723,16.08,30.66,Health Care
2026-03-10,KLAC,Overvalued (Index only),cluster_4,41.66472303206997,28.37,13.29,Information Technology
2026-03-10,LLY,Overvalued (Index only),cluster_4,43.86211396259243,20.86,23.0,Health Care
2026-03-10,EA,Strong Overvalued,cluster_5,74.63295880149813,30.69,43.94,Communication Services
2026-03-10,LHX,Strong Overvalued,cluster_5,43.47306791569087,26.27,17.2,Industrials
2026-03-10,MNST,Strong Overvalued,cluster_5,39.03350515463917,21.06,17.97,Consumer Staples
2026-03-10,PANW,Strong Overvalued,cluster_5,91.7222222222222,28.95,62.77,Information Technology
2026-03-10,RTX,Strong Overvalued,cluster_5,41.98185483870967,23.58,18.4,Industrials
2026-03-10,ROL,Strong Overvalued,cluster_5,52.81651376146789,31.74,21.08,Industrials
2026-03-10,TPL,Strong Overvalued,cluster_5,77.55603448275862,25.29,52.27,Energy
2026-03-10,WMT,Strong Overvalued,cluster_5,45.379562043795616,29.33,16.05,Consumer Staples
2026-03-10,AES,Strong Undervalued,cluster_6,10.83206106870229,17.17,-6.34,Utilities
2026-03-10,CMCSA,Strong Undervalued,cluster_6,5.758812615955473,11.23,-5.47,Communication Services
2026-03-10,EIX,Strong Undervalued,cluster_6,6.123809523809523,11.27,-5.15,Utilities
2026-03-10,PRU,Strong Undervalued,cluster_6,9.602602602602603,14.05,-4.45,Financials
2026-03-10,TROW,Strong Undervalued,cluster_6,9.79978354978355,15.08,-5.28,Financials
2026-03-10,ADI,Strong Overvalued,cluster_7,58.447897623400365,35.01,23.44,Information Technology
2026-03-10,BAC,Strong Undervalued,cluster_7,12.572178477690288,26.94,-14.37,Financials
2026-03-10,COF,Strong Overvalued,cluster_7,55.276785714285715,42.38,12.9,Financials
2026-03-10,C,Strong Undervalued,cluster_7,15.24892703862661,32.62,-17.37,Financials
2026-03-10,GLW,Strong Overvalued,cluster_7,70.51912568306011,30.04,40.48,Information Technology
2026-03-10,LEN,Strong Undervalued,cluster_7,12.523809523809524,25.48,-12.96,Consumer Discretionary
2026-03-10,STT,Strong Undervalued,cluster_7,12.971276595744682,24.53,-11.56,Financials
2026-03-10,SYK,Strong Overvalued,cluster_7,43.458432304038006,31.14,12.32,Health Care
2026-03-10,WFC,Strong Undervalued,cluster_7,12.5926517571885,29.23,-16.64,Financials
2026-03-11,APA,Strong Undervalued,cluster_0,7.974937343358396,15.02,-7.05,Energy
2026-03-11,KR,Strong Overvalued,cluster_0,46.90909090909091,22.86,24.05,Consumer Staples
2026-03-11,OXY,Strong Overvalued,cluster_0,39.34814814814814,23.18,16.17,Energy
2026-03-11,PNC,Strong Undervalued,cluster_0,12.440626883664857,20.53,-8.09,Financials
2026-03-11,APTV,Strong Overvalued,cluster_1,96.06666666666666,59.59,36.48,Consumer Discretionary
2026-03-11,TECH,Strong Overvalued,cluster_1,99.66037735849056,2.14,97.52,Health Care
2026-03-11,AVGO,Strong Overvalued,cluster_1,66.64980544747081,32.98,33.67,Information Technology
2026-03-11,CDNS,Strong Overvalued,cluster_1,72.41728395061729,24.27,48.15,Information Technology
2026-03-11,COST,Strong Overvalued,cluster_1,51.81090909090909,23.94,27.87,Consumer Staples
2026-03-11,DASH,Strong Overvalued,cluster_1,80.15566037735849,52.57,27.59,Consumer Discretionary
2026-03-11,DHI,Strong Undervalued,cluster_1,13.231329690346085,42.23,-29.0,Consumer Discretionary
2026-03-11,EPAM,Strong Undervalued,cluster_1,21.12630014858841,55.24,-34.11,Information Technology
2026-03-11,FSLR,Strong Undervalued,cluster_1,13.929577464788734,42.29,-28.36,Information Technology
2026-03-11,PODD,Strong Overvalued,cluster_1,68.45977011494253,36.71,31.75,Health Care
2026-03-11,MPWR,Strong Overvalued,cluster_1,81.97360248447204,45.65,36.32,Information Technology
2026-03-11,PHM,Strong Undervalued,cluster_1,11.18615107913669,36.5,-25.31,Consumer Discretionary
2026-03-11,PWR,Strong Overvalued,cluster_1,82.58418740849194,41.32,41.26,Industrials
2026-03-11,NOW,Strong Overvalued,cluster_1,69.82634730538922,35.27,34.56,Information Technology
2026-03-11,TPR,Strong Overvalued,cluster_1,57.468992248062015,27.09,30.38,Consumer Discretionary
2026-03-11,TER,Strong Overvalued,cluster_1,86.92774566473987,40.41,46.52,Information Technology
2026-03-11,UHS,Strong Undervalued,cluster_1,8.078388912949329,31.49,-23.41,Health Care
2026-03-11,VST,Strong Overvalued,cluster_1,75.06849315068493,46.02,29.05,Utilities
2026-03-11,WBD,Strong Overvalued,cluster_1,95.72413793103448,60.93,34.79,Communication Services
2026-03-11,COR,Overvalued (Index only),cluster_2,42.17844311377246,35.12,7.06,Health Care
2026-03-11,KLAC,Overvalued (Index only),cluster_2,42.372120151647714,27.43,14.94,Information Technology
2026-03-11,LLY,Overvalued (Index only),cluster_2,43.6698648059311,20.54,23.13,Health Care
2026-03-11,AES,Strong Undervalued,cluster_3,10.84732824427481,17.02,-6.17,Utilities
2026-03-11,CMCSA,Strong Undervalued,cluster_3,5.764378478664193,11.2,-5.44,Communication Services
2026-03-11,EIX,Strong Undervalued,cluster_3,6.154112554112554,11.23,-5.08,Utilities
2026-03-11,PRU,Strong Undervalued,cluster_3,9.556556556556556,13.96,-4.4,Financials
2026-03-11,TROW,Strong Undervalued,cluster_3,9.647186147186147,15.09,-5.44,Financials
2026-03-11,ADI,Strong Overvalued,cluster_4,58.177007299270066,35.17,23.01,Information Technology
2026-03-11,BAC,Strong Undervalued,cluster_4,12.745406824146984,26.94,-14.19,Financials
2026-03-11,COF,Strong Overvalued,cluster_4,55.020833333333336,42.08,12.94,Financials
2026-03-11,GLW,Strong Overvalued,cluster_4,74.43715846994535,29.94,44.5,Information Technology
2026-03-11,LEN,Strong Undervalued,cluster_4,12.370927318295738,25.56,-13.19,Consumer Discretionary
2026-03-11,STT,Strong Undervalued,cluster_4,13.037234042553193,24.54,-11.5,Financials
2026-03-11,WFC,Strong Undervalued,cluster_4,12.507987220447284,29.22,-16.71,Financials
2026-03-11,CTVA,Overvalued (Index only),cluster_5,43.605714285714285,30.1,13.51,Materials
2026-03-11,EA,Overvalued (Index only),cluster_5,75.21428571428571,29.62,45.59,Communication Services
2026-03-11,LHX,Overvalued (Index only),cluster_5,42.35597189695551,26.06,16.3,Industrials
2026-03-11,MNST,Overvalued (Index only),cluster_5,39.53608247422681,20.96,18.58,Consumer Staples
2026-03-11,PANW,Overvalued (Index only),cluster_5,91.9888888888889,28.04,63.95,Information Technology
2026-03-11,RTX,Overvalued (Index only),cluster_5,41.649899396378274,23.51,18.14,Industrials
2026-03-11,ROL,Overvalued (Index only),cluster_5,51.63302752293578,30.8,20.83,Industrials
2026-03-11,TPL,Overvalued (Index only),cluster_5,74.60744985673352,24.85,49.76,Energy
2026-03-11,WMT,Overvalued (Index only),cluster_5,45.83150183150183,28.53,17.3,Consumer Staples
2026-03-11,AMP,Strong Undervalued,cluster_7,12.580253723110868,28.06,-15.48,Financials
2026-03-11,ANET,Strong Overvalued,cluster_7,50.77090909090909,32.14,18.63,Information Technology
2026-03-11,ADSK,Strong Overvalued,cluster_7,48.53728489483747,32.05,16.49,Information Technology
2026-03-11,CHTR,Strong Undervalued,cluster_7,6.057166528583265,31.35,-25.29,Communication Services
2026-03-11,CTAS,Strong Overvalued,cluster_7,42.57700650759219,23.45,19.13,Industrials
2026-03-11,FIX,Strong Overvalued,cluster_7,47.8430152143845,31.99,15.85,Industrials
2026-03-11,DAL,Strong Undervalued,cluster_7,7.737597911227154,27.35,-19.61,Industrials
2026-03-11,HWM,Strong Overvalued,cluster_7,68.43935309973045,27.79,40.65,Industrials
2026-03-11,PYPL,Strong Undervalued,cluster_7,8.321626617375232,28.76,-20.44,Financials
2026-03-11,RCL,Strong Undervalued,cluster_7,18.24775928297055,34.08,-15.83,Consumer Discretionary
2026-03-16,AMP,Strong Undervalued,cluster_0,12.181868283273628,27.54,-15.36,Financials
2026-03-16,ANET,Strong Overvalued,cluster_0,48.57090909090909,31.1,17.47,Information Technology
2026-03-16,ADSK,Strong Overvalued,cluster_0,48.116858237547895,30.98,17.14,Information Technology
2026-03-16,CHTR,Strong Undervalued,cluster_0,6.024019878520154,29.95,-23.93,Communication Services
2026-03-16,CTAS,Strong Overvalued,cluster_0,42.05194805194805,22.69,19.36,Industrials
2026-03-16,FIX,Strong Overvalued,cluster_0,47.16200345423143,31.06,16.1,Industrials
2026-03-16,DAL,Strong Undervalued,cluster_0,7.673629242819843,26.98,-19.31,Industrials
2026-03-16,HWM,Strong Overvalued,cluster_0,63.64247311827957,26.87,36.77,Industrials
2026-03-16,PYPL,Strong Undervalued,cluster_0,8.299445471349353,28.4,-20.1,Financials
2026-03-16,RCL,Strong Undervalued,cluster_0,17.448143405889887,33.81,-16.36,Consumer Discretionary
2026-03-16,APA,Strong Undervalued,cluster_1,8.639097744360901,15.46,-6.82,Energy
2026-03-16,KR,Strong Overvalued,cluster_1,49.090909090909086,23.41,25.68,Consumer Staples
2026-03-16,OXY,Strong Overvalued,cluster_1,42.87407407407407,22.97,19.9,Energy
2026-03-16,PNC,Strong Undervalued,cluster_1,12.123568414707655,22.38,-10.26,Financials
2026-03-16,AES,Strong Undervalued,cluster_2,10.83206106870229,16.61,-5.78,Utilities
2026-03-16,CMCSA,Strong Undervalued,cluster_2,5.595547309833025,10.92,-5.32,Communication Services
2026-03-16,EIX,Strong Undervalued,cluster_2,6.21038961038961,10.92,-4.71,Utilities
2026-03-16,PRU,Strong Undervalued,cluster_2,9.20920920920921,13.68,-4.47,Financials
2026-03-16,TROW,Strong Undervalued,cluster_2,9.446969696969695,14.89,-5.44,Financials
2026-03-16,CTVA,Overvalued (Index only),cluster_3,45.262857142857136,29.29,15.97,Materials
2026-03-16,EA,Overvalued (Index only),cluster_3,74.62172284644195,30.24,44.38,Communication Services
2026-03-16,LHX,Overvalued (Index only),cluster_3,42.032786885245905,24.34,17.69,Industrials
2026-03-16,MNST,Overvalued (Index only),cluster_3,39.74742268041237,20.58,19.17,Consumer Staples
2026-03-16,PANW,Overvalued (Index only),cluster_3,92.7861111111111,28.45,64.34,Information Technology
2026-03-16,RTX,Overvalued (Index only),cluster_3,41.15090543259558,22.42,18.73,Industrials
2026-03-16,ROL,Overvalued (Index only),cluster_3,50.57798165137615,31.0,19.58,Industrials
2026-03-16,TPL,Overvalued (Index only),cluster_3,76.3117816091954,24.67,51.64,Energy
2026-03-16,WMT,Overvalued (Index only),cluster_3,46.34432234432234,28.76,17.58,Consumer Staples
2026-03-16,COR,Overvalued (Index only),cluster_4,42.01080432172869,35.45,6.56,Health Care
2026-03-16,KLAC,Overvalued (Index only),cluster_4,41.323623652781826,26.51,14.81,Information Technology
2026-03-16,LLY,Overvalued (Index only),cluster_4,42.92287581699347,21.77,21.15,Health Care
2026-03-16,MSI,Overvalued (Index only),cluster_4,37.16575019638649,24.8,12.37,Information Technology
2026-03-16,ADI,Strong Overvalued,cluster_5,55.85218978102189,33.76,22.09,Information Technology
2026-03-16,BAC,Strong Undervalued,cluster_5,12.262467191601049,25.98,-13.72,Financials
2026-03-16,COF,Strong Overvalued,cluster_5,53.50892857142857,38.84,14.67,Financials
2026-03-16,GLW,Strong Overvalued,cluster_5,70.55737704918033,28.99,41.57,Information Technology
2026-03-16,LEN,Strong Undervalued,cluster_5,13.663309352517985,25.17,-11.51,Consumer Discretionary
2026-03-16,STT,Strong Undervalued,cluster_5,12.908510638297871,23.59,-10.68,Financials
2026-03-16,WFC,Strong Undervalued,cluster_5,11.837060702875398,28.21,-16.37,Financials
2026-03-16,APTV,Strong Overvalued,cluster_7,94.0,56.37,37.63,Consumer Discretionary
2026-03-16,TECH,Strong Overvalued,cluster_7,95.94339622641508,2.9,93.04,Health Care
2026-03-16,AVGO,Strong Overvalued,cluster_7,62.92187500000001,31.67,31.25,Information Technology
2026-03-16,CDNS,Strong Overvalued,cluster_7,70.8716049382716,23.2,47.67,Information Technology
2026-03-16,COST,Strong Overvalued,cluster_7,52.35877466251297,22.8,29.56,Consumer Staples
2026-03-16,DASH,Strong Overvalued,cluster_7,75.75586854460094,51.1,24.66,Consumer Discretionary
2026-03-16,DHI,Strong Undervalued,cluster_7,12.78343949044586,40.46,-27.68,Consumer Discretionary
2026-03-16,EPAM,Strong Undervalued,cluster_7,20.407738095238095,53.31,-32.9,Information Technology
2026-03-16,FSLR,Strong Undervalued,cluster_7,13.788326300984528,41.17,-27.38,Information Technology
2026-03-16,PODD,Strong Overvalued,cluster_7,63.17241379310345,35.63,27.54,Health Care
2026-03-16,MPWR,Strong Overvalued,cluster_7,81.97741433021807,43.81,38.17,Information Technology
2026-03-16,PHM,Strong Undervalued,cluster_7,10.718525179856115,35.05,-24.33,Consumer Discretionary
2026-03-16,PWR,Strong Overvalued,cluster_7,81.96774193548387,39.09,42.88,Industrials
2026-03-16,NOW,Strong Overvalued,cluster_7,68.03592814371258,33.4,34.64,Information Technology
2026-03-16,TPR,Strong Overvalued,cluster_7,54.86486486486486,27.05,27.81,Consumer Discretionary
2026-03-16,TER,Strong Overvalued,cluster_7,82.54178674351586,39.71,42.83,Information Technology
2026-03-16,UHS,Strong Undervalued,cluster_7,8.333477695972283,30.51,-22.18,Health Care
2026-03-16,VST,Strong Overvalued,cluster_7,72.91284403669724,44.02,28.89,Utilities
2026-03-16,WBD,Strong Overvalued,cluster_7,93.58620689655172,57.84,35.75,Communication Services
2026-03-23,COR,Overvalued (Index only),cluster_0,39.19784172661871,30.4,8.8,Health Care
2026-03-23,KLAC,Overvalued (Index only),cluster_0,43.66754079254079,25.97,17.7,Information Technology
2026-03-23,LLY,Overvalued (Index only),cluster_0,39.52484742807324,23.87,15.65,Health Care
2026-03-23,ADI,Strong Overvalued,cluster_1,56.46532846715328,33.46,23.01,Information Technology
2026-03-23,BAC,Strong Undervalued,cluster_1,12.377952755905511,25.88,-13.5,Financials
2026-03-23,COF,Strong Overvalued,cluster_1,54.00595238095239,38.85,15.16,Financials
2026-03-23,GLW,Strong Overvalued,cluster_1,68.07650273224043,28.81,39.27,Information Technology
2026-03-23,LEN,Strong Undervalued,cluster_1,13.028776978417266,25.39,-12.36,Consumer Discretionary
2026-03-23,STT,Strong Undervalued,cluster_1,12.975531914893615,23.7,-10.72,Financials
2026-03-23,WFC,Strong Undervalued,cluster_1,12.396166134185304,27.78,-15.38,Financials
2026-03-23,ANET,Strong Overvalued,cluster_2,47.54347826086957,29.93,17.61,Information Technology
2026-03-23,ADSK,Strong Overvalued,cluster_2,47.41682600382409,30.16,17.26,Information Technology
2026-03-23,CHTR,Strong Undervalued,cluster_2,5.88262910798122,27.99,-22.11,Communication Services
2026-03-23,FIX,Strong Overvalued,cluster_2,46.946366782006926,30.67,16.28,Industrials
2026-03-23,DAL,Strong Undervalued,cluster_2,8.281984334203655,26.65,-18.37,Industrials
2026-03-23,HWM,Strong Overvalued,cluster_2,62.48918918918919,25.52,36.97,Industrials
2026-03-23,LRCX,Strong Overvalued,cluster_2,46.98765432098765,30.79,16.2,Information Technology
2026-03-23,PYPL,Strong Undervalued,cluster_2,8.134935304990757,27.83,-19.7,Financials
2026-03-23,RCL,Strong Undervalued,cluster_2,16.889814221652784,33.9,-17.01,Consumer Discretionary
2026-03-23,KR,Strong Overvalued,cluster_3,47.532467532467535,22.86,24.67,Consumer Staples
2026-03-23,OXY,Strong Overvalued,cluster_3,44.97037037037037,22.12,22.85,Energy
2026-03-23,PNC,Strong Undervalued,cluster_3,12.165862484921592,21.86,-9.69,Financials
2026-03-23,APTV,Strong Overvalued,cluster_4,90.8,57.51,33.29,Consumer Discretionary
2026-03-23,TECH,Strong Overvalued,cluster_4,97.1320754716981,6.4,90.73,Health Care
2026-03-23,AVGO,Strong Overvalued,cluster_4,60.51953125,31.56,28.96,Information Technology
2026-03-23,CDNS,Strong Overvalued,cluster_4,69.92610837438424,22.92,47.01,Information Technology
2026-03-23,COST,Strong Overvalued,cluster_4,50.51064935064935,22.74,27.77,Consumer Staples
2026-03-23,DASH,Strong Overvalued,cluster_4,73.53990610328638,50.72,22.82,Consumer Discretionary
2026-03-23,EPAM,Strong Undervalued,cluster_4,20.450892857142858,53.03,-32.58,Information Technology
2026-03-23,FSLR,Strong Undervalued,cluster_4,13.569317382125265,40.47,-26.9,Information Technology
2026-03-23,PODD,Strong Overvalued,cluster_4,65.44668587896253,35.01,30.44,Health Care
2026-03-23,MPWR,Strong Overvalued,cluster_4,83.3086515978176,44.22,39.09,Information Technology
2026-03-23,PHM,Strong Undervalued,cluster_4,10.301258992805757,35.03,-24.73,Consumer Discretionary
2026-03-23,PWR,Strong Overvalued,cluster_4,81.91592920353982,39.55,42.37,Industrials
2026-03-23,NOW,Strong Overvalued,cluster_4,66.09580838323353,33.74,32.36,Information Technology
2026-03-23,SMCI,Strong Undervalued,cluster_4,14.985401459854014,44.42,-29.43,Information Technology
2026-03-23,TPR,Strong Overvalued,cluster_4,54.604651162790695,25.77,28.83,Consumer Discretionary
2026-03-23,TER,Strong Overvalued,cluster_4,84.05491329479769,38.51,45.54,Information Technology
2026-03-23,UHS,Strong Undervalued,cluster_4,8.044155844155844,30.12,-22.08,Health Care
2026-03-23,VST,Strong Overvalued,cluster_4,66.98165137614679,44.24,22.74,Utilities
2026-03-23,WBD,Strong Overvalued,cluster_4,94.55172413793105,58.33,36.22,Communication Services
2026-03-23,AES,Strong Undervalued,cluster_5,10.763358778625951,16.11,-5.35,Utilities
2026-03-23,CMCSA,Strong Undervalued,cluster_5,5.38404452690167,10.85,-5.47,Communication Services
2026-03-23,EIX,Strong Undervalued,cluster_5,6.038961038961038,10.83,-4.79,Utilities
2026-03-23,PRU,Strong Undervalued,cluster_5,9.312312312312311,13.41,-4.1,Financials
2026-03-23,TROW,Strong Undervalued,cluster_5,9.327922077922077,14.85,-5.52,Financials
2026-03-23,EA,Strong Overvalued,cluster_7,75.09737827715355,29.34,45.76,Communication Services
2026-03-23,LHX,Strong Overvalued,cluster_7,41.31733021077284,24.3,17.02,Industrials
2026-03-23,MNST,Strong Overvalued,cluster_7,37.98453608247423,20.06,17.92,Consumer Staples
2026-03-23,PANW,Strong Overvalued,cluster_7,91.03351955307262,27.84,63.19,Information Technology
2026-03-23,RTX,Strong Overvalued,cluster_7,40.03232323232323,21.94,18.09,Industrials
2026-03-23,ROL,Strong Overvalued,cluster_7,48.86238532110091,30.41,18.45,Industrials
2026-03-23,TPL,Strong Overvalued,cluster_7,74.62787356321839,24.16,50.47,Energy
2026-03-23,WMT,Strong Overvalued,cluster_7,43.5970695970696,28.02,15.58,Consumer Staples
2026-03-31,EA,Strong Overvalued,cluster_1,75.8689138576779,27.96,47.91,Communication Services
2026-03-31,MNST,Strong Overvalued,cluster_1,36.76288659793814,18.49,18.27,Consumer Staples
2026-03-31,OXY,Strong Overvalued,cluster_1,49.06666666666666,12.06,37.01,Energy
2026-03-31,PANW,Strong Overvalued,cluster_1,85.27624309392264,26.45,58.83,Information Technology
2026-03-31,ROL,Strong Overvalued,cluster_1,48.66055045871559,30.02,18.64,Industrials
2026-03-31,TPL,Strong Overvalued,cluster_1,67.15086206896552,22.75,44.4,Energy
2026-03-31,WMT,Strong Overvalued,cluster_1,45.23809523809524,27.0,18.24,Consumer Staples
2026-03-31,APTV,Strong Overvalued,cluster_2,88.85333333333334,54.15,34.7,Consumer Discretionary
2026-03-31,TECH,Strong Overvalued,cluster_2,98.188679245283,10.73,87.46,Health Care
2026-03-31,AVGO,Strong Overvalued,cluster_2,57.19493177387915,31.2,25.99,Information Technology
2026-03-31,CDNS,Strong Overvalued,cluster_2,66.7192118226601,22.2,44.52,Information Technology
2026-03-31,COST,Strong Overvalued,cluster_2,51.82423296931877,21.97,29.85,Consumer Staples
2026-03-31,EPAM,Strong Undervalued,cluster_2,20.295081967213115,52.25,-31.95,Information Technology
2026-03-31,FSLR,Strong Undervalued,cluster_2,13.007042253521126,40.86,-27.85,Information Technology
2026-03-31,PODD,Strong Overvalued,cluster_2,59.94524495677233,34.74,25.21,Health Care
2026-03-31,MPWR,Strong Overvalued,cluster_2,77.96882307092751,43.38,34.59,Information Technology
2026-03-31,PHM,Strong Undervalued,cluster_2,10.226618705035971,34.68,-24.45,Consumer Discretionary
2026-03-31,PWR,Strong Overvalued,cluster_2,78.72861356932152,37.14,41.59,Industrials
2026-03-31,NOW,Strong Overvalued,cluster_2,62.8562874251497,31.67,31.19,Information Technology
2026-03-31,SMCI,Strong Undervalued,cluster_2,15.372262773722625,43.25,-27.88,Information Technology
2026-03-31,TPR,Strong Overvalued,cluster_2,53.27626459143968,27.64,25.64,Consumer Discretionary
2026-03-31,TER,Strong Overvalued,cluster_2,79.4109195402299,39.22,40.19,Information Technology
2026-03-31,UHS,Strong Undervalued,cluster_2,7.879705755084379,30.05,-22.17,Health Care
2026-03-31,VST,Strong Overvalued,cluster_2,67.6788990825688,43.21,24.47,Utilities
2026-03-31,WBD,Strong Overvalued,cluster_2,93.41379310344828,55.36,38.05,Communication Services
2026-03-31,FITB,Strong Undervalued,cluster_3,12.543909348441929,21.54,-9.0,Financials
2026-03-31,KR,Strong Overvalued,cluster_3,47.870129870129865,22.19,25.68,Consumer Staples
2026-03-31,PNC,Strong Undervalued,cluster_3,12.148192771084336,21.36,-9.21,Financials
2026-03-31,AES,Strong Undervalued,cluster_4,10.702290076335878,16.31,-5.61,Utilities
2026-03-31,CMCSA,Strong Undervalued,cluster_4,5.361781076066791,11.06,-5.7,Communication Services
2026-03-31,EIX,Strong Undervalued,cluster_4,6.21991341991342,11.01,-4.79,Utilities
2026-03-31,PRU,Strong Undervalued,cluster_4,9.457457457457458,13.58,-4.12,Financials
2026-03-31,TROW,Strong Undervalued,cluster_4,9.635281385281385,14.84,-5.2,Financials
2026-03-31,ADSK,Overvalued (Index only),cluster_5,45.06309751434034,28.47,16.59,Information Technology
2026-03-31,CHTR,Undervalued (Index only),cluster_5,6.101629384148025,26.32,-20.22,Communication Services
2026-03-31,FIX,Overvalued (Index only),cluster_5,44.05467128027682,29.11,14.94,Industrials
2026-03-31,DAL,Undervalued (Index only),cluster_5,8.249347258485638,26.23,-17.98,Industrials
2026-03-31,GEV,Overvalued (Index only),cluster_5,46.30878186968839,25.32,20.99,Industrials
2026-03-31,HWM,Overvalued (Index only),cluster_5,60.26756756756757,24.16,36.11,Industrials
2026-03-31,MU,Undervalued (Index only),cluster_5,15.200755786490316,30.46,-15.26,Information Technology
2026-03-31,PYPL,Undervalued (Index only),cluster_5,8.256931608133087,27.44,-19.18,Financials
2026-03-31,RCL,Undervalued (Index only),cluster_5,16.75448717948718,32.85,-16.1,Consumer Discretionary
2026-03-31,ADI,Strong Overvalued,cluster_6,55.51282051282052,33.6,21.91,Information Technology
2026-03-31,BAC,Strong Undervalued,cluster_6,12.396325459317584,25.45,-13.05,Financials
2026-03-31,COF,Strong Overvalued,cluster_6,52.85756676557863,36.97,15.89,Financials
2026-03-31,GLW,Strong Overvalued,cluster_6,70.24590163934427,28.91,41.34,Information Technology
2026-03-31,LEN,Strong Undervalued,cluster_6,12.21294964028777,24.78,-12.57,Consumer Discretionary
2026-03-31,STT,Strong Undervalued,cluster_6,13.129787234042553,22.86,-9.73,Financials
2026-03-31,WFC,Strong Undervalued,cluster_6,12.268370607028752,27.78,-15.51,Financials
2026-03-31,COR,Overvalued (Index only),cluster_7,37.16187050359712,30.68,6.48,Health Care
2026-03-31,IDXX,Overvalued (Index only),cluster_7,42.55844155844156,18.39,24.17,Health Care
2026-03-31,KLAC,Overvalued (Index only),cluster_7,40.32020997375328,25.22,15.1,Information Technology
2026-03-31,LLY,Overvalued (Index only),cluster_7,38.61628919860627,21.84,16.78,Health Care
2026-04-06,ADI,Strong Overvalued,cluster_1,58.0912408759124,32.96,25.13,Information Technology
2026-04-06,BAC,Strong Undervalued,cluster_1,12.960629921259844,27.39,-14.43,Financials
2026-04-06,COF,Strong Overvalued,cluster_1,53.982195845697326,39.54,14.44,Financials
2026-04-06,GLW,Strong Overvalued,cluster_1,80.83060109289616,27.91,52.92,Information Technology
2026-04-06,LEN,Strong Undervalued,cluster_1,12.444604316546762,26.88,-14.44,Consumer Discretionary
2026-04-06,STT,Strong Undervalued,cluster_1,13.702127659574469,26.07,-12.37,Financials
2026-04-06,WFC,Strong Undervalued,cluster_1,12.875399361022364,28.25,-15.37,Financials
2026-04-06,CTVA,Strong Overvalued,cluster_2,48.83428571428571,27.57,21.26,Materials
2026-04-06,EA,Strong Overvalued,cluster_2,76.25468164794007,31.48,44.77,Communication Services
2026-04-06,MNST,Strong Overvalued,cluster_2,37.30412371134021,21.12,16.18,Consumer Staples
2026-04-06,PANW,Strong Overvalued,cluster_2,90.67222222222225,29.22,61.45,Information Technology
2026-04-06,RTX,Strong Overvalued,cluster_2,39.55846774193549,20.14,19.42,Industrials
2026-04-06,ROL,Strong Overvalued,cluster_2,49.47706422018348,33.24,16.24,Industrials
2026-04-06,TPL,Strong Overvalued,cluster_2,63.73601147776184,26.63,37.11,Energy
2026-04-06,WMT,Strong Overvalued,cluster_2,46.07692307692308,29.55,16.53,Consumer Staples
2026-04-06,AMP,Strong Undervalued,cluster_3,11.960859977949283,27.84,-15.88,Financials
2026-04-06,ADSK,Strong Overvalued,cluster_3,45.43511450381679,30.39,15.05,Information Technology
2026-04-06,CHTR,Strong Undervalued,cluster_3,6.071546961325966,27.34,-21.27,Communication Services
2026-04-06,FIX,Strong Overvalued,cluster_3,49.0207540643376,31.36,17.66,Industrials
2026-04-06,DAL,Strong Undervalued,cluster_3,8.715404699738905,26.55,-17.83,Industrials
2026-04-06,GEV,Strong Overvalued,cluster_3,50.76666666666667,26.93,23.84,Industrials
2026-04-06,HWM,Strong Overvalued,cluster_3,62.88648648648648,25.95,36.94,Industrials
2026-04-06,LULU,Strong Undervalued,cluster_3,11.73474001507159,27.2,-15.47,Consumer Discretionary
2026-04-06,PYPL,Strong Undervalued,cluster_3,8.380776340110906,27.83,-19.45,Financials
2026-04-06,RCL,Strong Undervalued,cluster_3,17.51536491677337,36.31,-18.79,Consumer Discretionary
2026-04-06,SOLV,Strong Undervalued,cluster_3,7.158783783783783,24.27,-17.11,Health Care
2026-04-06,AMD,Strong Overvalued,cluster_4,83.33333333333334,58.83,24.5,Information Technology
2026-04-06,APTV,Strong Overvalued,cluster_4,81.32000000000001,59.61,21.71,Consumer Discretionary
2026-04-06,AVGO,Strong Overvalued,cluster_4,61.31578947368421,29.73,31.59,Information Technology
2026-04-06,CDNS,Strong Overvalued,cluster_4,68.48157248157248,25.97,42.51,Information Technology
2026-04-06,COST,Strong Overvalued,cluster_4,52.917622523461944,22.55,30.37,Consumer Staples
2026-04-06,DHI,Strong Undervalued,cluster_4,12.710646041856233,33.36,-20.65,Consumer Discretionary
2026-04-06,EPAM,Strong Undervalued,cluster_4,20.534226190476193,55.99,-35.46,Information Technology
2026-04-06,FSLR,Strong Undervalued,cluster_4,13.735583684950772,44.08,-30.34,Information Technology
2026-04-06,PODD,Strong Overvalued,cluster_4,58.87896253602305,39.12,19.76,Health Care
2026-04-06,MPWR,Strong Overvalued,cluster_4,86.97433903576983,39.37,47.6,Information Technology
2026-04-06,PHM,Strong Undervalued,cluster_4,10.547661870503598,33.23,-22.68,Consumer Discretionary
2026-04-06,PWR,Strong Overvalued,cluster_4,82.68879056047197,40.25,42.44,Industrials
2026-04-06,NOW,Strong Overvalued,cluster_4,61.07784431137725,35.31,25.77,Information Technology
2026-04-06,SMCI,Strong Undervalued,cluster_4,16.94890510948905,49.98,-33.03,Information Technology
2026-04-06,TPR,Strong Overvalued,cluster_4,54.728682170542626,25.81,28.92,Consumer Discretionary
2026-04-06,TER,Strong Overvalued,cluster_4,89.22478386167147,41.43,47.79,Information Technology
2026-04-06,UAL,Strong Undervalued,cluster_4,9.040196078431372,30.78,-21.74,Industrials
2026-04-06,UHS,Strong Undervalued,cluster_4,7.652663490688609,31.84,-24.19,Health Care
2026-04-06,VST,Strong Overvalued,cluster_4,69.34862385321101,41.71,27.64,Utilities
2026-04-06,WBD,Strong Overvalued,cluster_4,94.20689655172414,59.83,34.38,Communication Services
2026-04-06,AES,Strong Undervalued,cluster_5,10.916030534351146,16.62,-5.7,Utilities
2026-04-06,CMCSA,Strong Undervalued,cluster_5,5.181818181818182,10.84,-5.66,Communication Services
2026-04-06,EIX,Strong Undervalued,cluster_5,6.360173160173159,10.71,-4.35,Utilities
2026-04-06,PRU,Strong Undervalued,cluster_5,9.767767767767769,13.39,-3.62,Financials
2026-04-06,TROW,Strong Undervalued,cluster_5,9.758658008658008,15.0,-5.24,Financials
2026-04-06,KR,Strong Overvalued,cluster_7,46.98051948051947,23.5,23.48,Consumer Staples
2026-04-06,OXY,Strong Overvalued,cluster_7,46.64444444444444,23.5,23.14,Energy
2026-04-13,CASY,Strong Overvalued,cluster_0,42.37485648679678,24.3,18.07,Consumer Staples
2026-04-13,CTVA,Strong Overvalued,cluster_0,47.902857142857144,29.5,18.4,Materials
2026-04-13,EA,Strong Overvalued,cluster_0,75.93258426966293,26.85,49.08,Communication Services
2026-04-13,MNST,Strong Overvalued,cluster_0,39.03092783505155,18.86,20.17,Consumer Staples
2026-04-13,OXY,Strong Overvalued,cluster_0,42.940740740740736,-6.57,49.51,Energy
2026-04-13,PANW,Strong Overvalued,cluster_0,86.51666666666667,25.16,61.36,Information Technology
2026-04-13,RTX,Strong Overvalued,cluster_0,40.71919191919192,24.84,15.88,Industrials
2026-04-13,ROL,Strong Overvalued,cluster_0,49.752293577981646,28.45,21.3,Industrials
2026-04-13,TPL,Strong Overvalued,cluster_0,58.90373563218391,22.76,36.14,Energy
2026-04-13,WMT,Strong Overvalued,cluster_0,46.442124542124546,25.72,20.72,Consumer Staples
2026-04-13,AES,Strong Undervalued,cluster_3,10.98473282442748,17.69,-6.71,Utilities
2026-04-13,PRU,Strong Undervalued,cluster_3,9.6996996996997,12.52,-2.82,Financials
2026-04-13,AMD,Strong Overvalued,cluster_4,93.5267175572519,43.18,50.35,Information Technology
2026-04-13,ADI,Strong Overvalued,cluster_4,64.12820512820512,39.49,24.64,Information Technology
2026-04-13,APO,Strong Undervalued,cluster_4,18.823104693140795,39.94,-21.12,Financials
2026-04-13,APTV,Strong Overvalued,cluster_4,79.53333333333333,45.49,34.04,Consumer Discretionary
2026-04-13,BAC,Strong Undervalued,cluster_4,13.79002624671916,37.76,-23.97,Financials
2026-04-13,AVGO,Strong Overvalued,cluster_4,72.42690058479532,24.76,47.67,Information Technology
2026-04-13,COF,Strong Overvalued,cluster_4,57.44047619047619,33.25,24.19,Financials
2026-04-13,GLW,Strong Overvalued,cluster_4,93.57377049180327,35.43,58.14,Information Technology
2026-04-13,DASH,Strong Overvalued,cluster_4,71.97169811320755,41.04,30.93,Consumer Discretionary
2026-04-13,DHI,Strong Undervalued,cluster_4,12.990892531876137,36.09,-23.1,Consumer Discretionary
2026-04-13,EPAM,Strong Undervalued,cluster_4,18.224702380952383,41.89,-23.67,Information Technology
2026-04-13,GNRC,Strong Overvalued,cluster_4,76.96282527881041,44.24,32.72,Industrials
2026-04-13,IR,Strong Overvalued,cluster_4,58.88275862068966,40.7,18.18,Industrials
2026-04-13,PODD,Strong Overvalued,cluster_4,56.58908045977011,27.43,29.16,Health Care
2026-04-13,ISRG,Strong Overvalued,cluster_4,57.40382165605096,31.69,25.71,Health Care
2026-04-13,KEYS,Strong Overvalued,cluster_4,56.873684210526314,24.49,32.38,Information Technology
2026-04-13,LEN,Strong Undervalued,cluster_4,12.801438848920863,43.18,-30.38,Consumer Discretionary
2026-04-13,MGM,Strong Overvalued,cluster_4,49.10526315789474,30.41,18.7,Consumer Discretionary
2026-04-13,PHM,Strong Undervalued,cluster_4,10.821043165467628,29.56,-18.74,Consumer Discretionary
2026-04-13,PWR,Strong Overvalued,cluster_4,86.20913107511046,30.04,56.17,Industrials
2026-04-13,NOW,Strong Overvalued,cluster_4,49.70059880239521,24.79,24.91,Information Technology
2026-04-13,LUV,Strong Overvalued,cluster_4,50.07594936708861,20.15,29.93,Industrials
2026-04-13,STT,Strong Undervalued,cluster_4,14.83191489361702,39.74,-24.91,Financials
2026-04-13,SMCI,Strong Undervalued,cluster_4,18.43795620437956,36.95,-18.51,Information Technology
2026-04-13,SYF,Strong Undervalued,cluster_4,7.8028017241379315,27.69,-19.89,Financials
2026-04-13,SNPS,Strong Overvalued,cluster_4,60.25192012288787,38.04,22.21,Information Technology
2026-04-13,VST,Strong Overvalued,cluster_4,70.97706422018348,37.15,33.83,Utilities
2026-04-13,DIS,Strong Undervalued,cluster_4,14.605301914580265,37.82,-23.21,Communication Services
2026-04-13,WBD,Strong Overvalued,cluster_4,94.62068965517244,45.64,48.98,Communication Services
2026-04-13,WFC,Strong Undervalued,cluster_4,13.642172523961662,34.07,-20.43,Financials
2026-04-13,HBAN,Strong Undervalued,cluster_6,11.784172661870503,19.1,-7.32,Financials
2026-04-13,KR,Strong Overvalued,cluster_6,44.14935064935064,22.92,21.23,Consumer Staples
2026-04-13,RF,Strong Undervalued,cluster_6,11.956521739130435,18.24,-6.28,Financials
2026-04-13,USB,Strong Undervalued,cluster_6,12.047619047619047,18.07,-6.02,Financials
2026-04-21,CASY,Strong Overvalued,cluster_0,44.0625,24.79,19.27,Consumer Staples
2026-04-21,CTVA,Strong Overvalued,cluster_0,45.88,29.51,16.37,Materials
2026-04-21,EA,Strong Overvalued,cluster_0,76.45112781954887,27.33,49.12,Communication Services
2026-04-21,MNST,Strong Overvalued,cluster_0,39.80927835051547,19.44,20.37,Consumer Staples
2026-04-21,OXY,Strong Overvalued,cluster_0,40.35555555555555,-12.41,52.77,Energy
2026-04-21,PANW,Strong Overvalued,cluster_0,94.2,25.67,68.53,Information Technology
2026-04-21,RTX,Strong Overvalued,cluster_0,39.55353535353535,24.66,14.89,Industrials
2026-04-21,ROL,Strong Overvalued,cluster_0,50.366972477064216,28.98,21.39,Industrials
2026-04-21,TPL,Strong Overvalued,cluster_0,62.47413793103448,23.35,39.12,Energy
2026-04-21,WMT,Strong Overvalued,cluster_0,47.02941176470588,26.18,20.85,Consumer Staples
2026-04-21,AMP,Strong Undervalued,cluster_1,12.57823691460055,30.65,-18.07,Financials
2026-04-21,ANET,Strong Overvalued,cluster_1,60.67272727272727,36.92,23.75,Information Technology
2026-04-21,CHTR,Strong Undervalued,cluster_1,6.757525545429439,28.38,-21.62,Communication Services
2026-04-21,FIX,Strong Overvalued,cluster_1,58.134602076124565,38.86,19.27,Industrials
2026-04-21,GEV,Strong Overvalued,cluster_1,55.879232505643344,29.94,25.94,Industrials
2026-04-21,HWM,Strong Overvalued,cluster_1,68.90026954177898,30.0,38.9,Industrials
2026-04-21,LULU,Strong Undervalued,cluster_1,12.579939668174962,28.89,-16.31,Consumer Discretionary
2026-04-21,PYPL,Strong Undervalued,cluster_1,9.512014787430685,32.42,-22.91,Financials
2026-04-21,RCL,Strong Undervalued,cluster_1,18.082639333760408,46.96,-28.88,Consumer Discretionary
2026-04-21,SOLV,Strong Undervalued,cluster_1,7.887387387387387,22.32,-14.43,Health Care
2026-04-21,TPR,Strong Overvalued,cluster_1,59.538759689922486,33.29,26.25,Consumer Discretionary
2026-04-21,UAL,Strong Undervalued,cluster_1,9.697058823529412,35.17,-25.47,Industrials
2026-04-21,URI,Strong Undervalued,cluster_1,21.054173146708138,39.5,-18.45,Industrials
2026-04-21,VRT,Strong Overvalued,cluster_1,92.47352941176472,44.43,48.04,Industrials
2026-04-21,HBAN,Strong Undervalued,cluster_2,12.273381294964029,18.95,-6.68,Financials
2026-04-21,KR,Strong Overvalued,cluster_2,44.08441558441558,22.41,21.67,Consumer Staples
2026-04-21,RF,Strong Undervalued,cluster_2,11.746887966804978,18.03,-6.28,Financials
2026-04-21,USB,Strong Undervalued,cluster_2,11.949685534591197,17.9,-5.95,Financials
2026-04-21,ADI,Strong Overvalued,cluster_3,69.408014571949,40.26,29.15,Information Technology
2026-04-21,APTV,Strong Overvalued,cluster_3,81.10666666666667,43.18,37.93,Consumer Discretionary
2026-04-21,BAC,Strong Undervalued,cluster_3,13.420398009950253,38.64,-25.22,Financials
2026-04-21,AVGO,Strong Overvalued,cluster_3,78.052734375,29.14,48.91,Information Technology
2026-04-21,CDNS,Strong Overvalued,cluster_3,78.83663366336634,21.96,56.88,Information Technology
2026-04-21,COF,Strong Overvalued,cluster_3,61.40597014925373,35.71,25.7,Financials
2026-04-21,GLW,Strong Overvalued,cluster_3,89.88043478260869,37.05,52.83,Information Technology
2026-04-21,COST,Strong Overvalued,cluster_3,51.808930425752855,23.13,28.68,Consumer Staples
2026-04-21,DASH,Strong Overvalued,cluster_3,89.1079812206573,37.49,51.62,Consumer Discretionary
2026-04-21,DHI,Strong Undervalued,cluster_3,13.952684258416742,37.3,-23.35,Consumer Discretionary
2026-04-21,EPAM,Strong Undervalued,cluster_3,19.657228017883757,41.14,-21.48,Information Technology
2026-04-21,FSLR,Strong Undervalued,cluster_3,13.54609429978888,34.24,-20.69,Information Technology
2026-04-21,GNRC,Strong Overvalued,cluster_3,80.76579925650557,41.43,39.34,Industrials
2026-04-21,GS,Strong Undervalued,cluster_3,17.21016081871345,36.87,-19.66,Financials
2026-04-21,PODD,Strong Overvalued,cluster_3,57.72126436781609,30.73,26.99,Health Care
2026-04-21,ISRG,Strong Overvalued,cluster_3,59.16137229987294,33.24,25.92,Health Care
2026-04-21,KEYS,Strong Overvalued,cluster_3,59.21201413427561,29.14,30.07,Information Technology
2026-04-21,LEN,Strong Undervalued,cluster_3,13.542446043165468,42.79,-29.25,Consumer Discretionary
2026-04-21,PHM,Strong Undervalued,cluster_3,11.456834532374105,32.61,-21.15,Consumer Discretionary
2026-04-21,PWR,Strong Overvalued,cluster_3,89.22861356932154,33.05,56.18,Industrials
2026-04-21,NOW,Strong Overvalued,cluster_3,59.71257485029941,29.33,30.38,Information Technology
2026-04-21,LUV,Strong Overvalued,cluster_3,52.936708860759495,28.99,23.95,Industrials
2026-04-21,STT,Strong Undervalued,cluster_3,15.246700507614214,40.1,-24.85,Financials
2026-04-21,SYF,Strong Undervalued,cluster_3,8.467672413793103,31.28,-22.81,Financials
2026-04-21,SNPS,Strong Overvalued,cluster_3,70.91538461538461,38.54,32.38,Information Technology
2026-04-21,UHS,Strong Undervalued,cluster_3,7.78345604157644,29.13,-21.35,Health Care
2026-04-21,VST,Strong Overvalued,cluster_3,72.87671232876713,37.59,35.29,Utilities
2026-04-21,DIS,Strong Undervalued,cluster_3,15.655375552282768,38.61,-22.95,Communication Services
2026-04-21,WBD,Strong Overvalued,cluster_3,94.55172413793105,42.76,51.79,Communication Services
2026-04-21,WFC,Strong Undervalued,cluster_3,12.669242658423494,36.39,-23.72,Financials
2026-04-21,AES,Strong Undervalued,cluster_6,11.053435114503817,18.58,-7.53,Utilities
2026-04-27,ADI,Strong Overvalued,cluster_0,73.04753199268738,39.4,33.65,Information Technology
2026-04-27,APTV,Strong Overvalued,cluster_0,80.13333333333334,44.22,35.91,Consumer Discretionary
2026-04-27,BAC,Strong Undervalued,cluster_0,12.947761194029852,37.85,-24.9,Financials
2026-04-27,AVGO,Strong Overvalued,cluster_0,82.5703125,26.15,56.42,Information Technology
2026-04-27,COF,Strong Overvalued,cluster_0,58.88923076923077,-81.02,139.91,Financials
2026-04-27,GLW,Strong Overvalued,cluster_0,96.11475409836063,36.11,60.0,Information Technology
2026-04-27,DASH,Strong Overvalued,cluster_0,83.38679245283018,38.71,44.68,Consumer Discretionary
2026-04-27,DHI,Strong Undervalued,cluster_0,15.014084507042254,37.03,-22.02,Consumer Discretionary
2026-04-27,EPAM,Strong Undervalued,cluster_0,17.705357142857142,41.62,-23.91,Information Technology
2026-04-27,FSLR,Strong Undervalued,cluster_0,13.64507042253521,33.09,-19.44,Information Technology
2026-04-27,GNRC,Strong Overvalued,cluster_0,81.82592592592593,42.43,39.4,Industrials
2026-04-27,PODD,Strong Overvalued,cluster_0,54.315186246418335,28.81,25.51,Health Care
2026-04-27,ISRG,Strong Overvalued,cluster_0,58.45090909090909,31.43,27.02,Health Care
2026-04-27,KEYS,Strong Overvalued,cluster_0,60.97715289982425,26.35,34.63,Information Technology
2026-04-27,LEN,Strong Undervalued,cluster_0,13.532374100719425,42.92,-29.39,Consumer Discretionary
2026-04-27,MGM,Strong Overvalued,cluster_0,52.026315789473685,31.53,20.5,Consumer Discretionary
2026-04-27,PHM,Strong Undervalued,cluster_0,12.32463768115942,32.36,-20.04,Consumer Discretionary
2026-04-27,PWR,Strong Overvalued,cluster_0,91.75330396475772,31.36,60.39,Industrials
2026-04-27,NOW,Strong Overvalued,cluster_0,53.67261904761905,26.14,27.53,Information Technology
2026-04-27,STT,Strong Undervalued,cluster_0,15.319105691056912,39.69,-24.37,Financials
2026-04-27,SYF,Strong Undervalued,cluster_0,7.898550724637681,29.02,-21.12,Financials
2026-04-27,SNPS,Strong Overvalued,cluster_0,76.93087557603687,38.04,38.89,Information Technology
2026-04-27,VST,Strong Overvalued,cluster_0,75.04566210045662,37.22,37.83,Utilities
2026-04-27,DIS,Strong Undervalued,cluster_0,15.110456553755522,38.13,-23.02,Communication Services
2026-04-27,WBD,Strong Overvalued,cluster_0,93.3448275862069,43.94,49.4,Communication Services
2026-04-27,WFC,Strong Undervalued,cluster_0,12.27511591962906,34.99,-22.71,Financials
2026-04-27,AES,Strong Undervalued,cluster_2,11.061068702290076,17.2,-6.14,Utilities
2026-04-27,CMCSA,Strong Undervalued,cluster_2,5.395098039215687,11.4,-6.0,Communication Services
2026-04-27,EIX,Strong Undervalued,cluster_2,5.961904761904761,11.07,-5.11,Utilities
2026-04-27,PRU,Strong Undervalued,cluster_2,9.43043043043043,13.8,-4.37,Financials
2026-04-27,TROW,Strong Undervalued,cluster_2,10.72077922077922,15.91,-5.19,Financials
2026-04-27,CASY,Strong Overvalued,cluster_3,45.88238668961561,28.33,17.55,Consumer Staples
2026-04-27,CTVA,Strong Overvalued,cluster_3,45.6,23.38,22.22,Materials
2026-04-27,EA,Strong Overvalued,cluster_3,75.6231343283582,31.78,43.84,Communication Services
2026-04-27,MNST,Strong Overvalued,cluster_3,40.32474226804124,19.97,20.35,Consumer Staples
2026-04-27,PANW,Strong Overvalued,cluster_3,99.18888888888888,28.8,70.39,Information Technology
2026-04-27,ROL,Strong Overvalued,cluster_3,51.92660550458715,31.0,20.93,Industrials
2026-04-27,TPL,Strong Overvalued,cluster_3,62.8810888252149,24.39,38.49,Energy
2026-04-27,WMT,Strong Overvalued,cluster_3,47.589743589743584,28.92,18.67,Consumer Staples
2026-04-27,CTSH,Strong Undervalued,cluster_4,12.085526315789474,18.72,-6.63,Information Technology
2026-04-27,KR,Strong Overvalued,cluster_4,43.65584415584416,23.58,20.08,Consumer Staples
2026-04-27,MKC,Strong Undervalued,cluster_4,8.447540983606558,16.67,-8.22,Consumer Staples
2026-04-27,OXY,Strong Overvalued,cluster_4,42.3111111111111,23.6,18.71,Energy
2026-05-04,KR,Strong Overvalued,cluster_1,44.006493506493506,23.57,20.44,Consumer Staples
2026-05-04,OXY,Strong Overvalued,cluster_1,43.48888888888889,23.74,19.75,Energy
2026-05-04,PNC,Strong Undervalued,cluster_1,12.817073170731708,20.63,-7.81,Financials
2026-05-04,WFC,Strong Undervalued,cluster_1,12.489953632148378,19.98,-7.49,Financials
2026-05-04,ADI,Strong Overvalued,cluster_2,72.43897996357012,40.59,31.85,Information Technology
2026-05-04,APTV,Strong Overvalued,cluster_2,80.65333333333334,41.57,39.08,Consumer Discretionary
2026-05-04,BAC,Strong Undervalued,cluster_2,13.243781094527366,37.71,-24.47,Financials
2026-05-04,AVGO,Strong Overvalued,cluster_2,81.96108949416342,30.58,51.38,Information Technology
2026-05-04,COF,Strong Overvalued,cluster_2,59.231481481481474,-61.21,120.44,Financials
2026-05-04,GLW,Strong Overvalued,cluster_2,76.45410628019324,34.88,41.57,Information Technology
2026-05-04,DHI,Strong Undervalued,cluster_2,14.08262910798122,38.72,-24.64,Consumer Discretionary
2026-05-04,EPAM,Strong Undervalued,cluster_2,16.71577380952381,40.12,-23.4,Information Technology
2026-05-04,GS,Strong Undervalued,cluster_2,16.862175976633807,36.18,-19.32,Financials
2026-05-04,PODD,Strong Overvalued,cluster_2,50.29885057471264,26.94,23.36,Health Care
2026-05-04,ISRG,Strong Overvalued,cluster_2,55.55582524271844,33.22,22.34,Health Care
2026-05-04,KEYS,Strong Overvalued,cluster_2,62.15343915343916,28.8,33.35,Information Technology
2026-05-04,LEN,Strong Undervalued,cluster_2,12.726618705035971,44.33,-31.6,Consumer Discretionary
2026-05-04,MGM,Strong Overvalued,cluster_2,52.73972602739726,33.01,19.73,Consumer Discretionary
2026-05-04,NTRS,Strong Undervalued,cluster_2,17.20502092050209,37.11,-19.9,Financials
2026-05-04,PHM,Strong Undervalued,cluster_2,11.529013539651835,31.79,-20.26,Consumer Discretionary
2026-05-04,STT,Strong Undervalued,cluster_2,15.431472081218274,43.27,-27.84,Financials
2026-05-04,SYF,Strong Undervalued,cluster_2,7.842650103519669,30.9,-23.06,Financials
2026-05-04,SNPS,Strong Overvalued,cluster_2,75.23384615384614,38.39,36.84,Information Technology
2026-05-04,TPR,Strong Overvalued,cluster_2,55.32558139534884,26.05,29.28,Consumer Discretionary
2026-05-04,TYL,Strong Overvalued,cluster_2,46.27586206896552,28.41,17.87,Information Technology
2026-05-04,UHS,Strong Undervalued,cluster_2,6.9728601252609606,24.84,-17.87,Health Care
2026-05-04,VST,Strong Overvalued,cluster_2,71.55760368663594,38.14,33.42,Utilities
2026-05-04,DIS,Strong Undervalued,cluster_2,15.181148748159057,39.86,-24.68,Communication Services
2026-05-04,WBD,Strong Overvalued,cluster_2,93.0,43.9,49.1,Communication Services
2026-05-04,CASY,Strong Overvalued,cluster_4,48.06900517538815,26.75,21.32,Consumer Staples
2026-05-04,CTVA,Strong Overvalued,cluster_4,46.2,24.56,21.64,Materials
2026-05-04,EA,Strong Overvalued,cluster_4,75.68913857677903,27.85,47.84,Communication Services
2026-05-04,MNST,Strong Overvalued,cluster_4,39.75257731958763,17.86,21.89,Consumer Staples
2026-05-04,ROL,Strong Overvalued,cluster_4,50.25688073394495,28.37,21.89,Industrials
2026-05-04,NOW,Strong Overvalued,cluster_4,54.26190476190476,29.04,25.22,Information Technology
2026-05-04,TPL,Strong Overvalued,cluster_4,62.12320916905444,19.13,42.99,Energy
2026-05-04,WMT,Strong Overvalued,cluster_4,48.382352941176464,26.87,21.51,Consumer Staples
2026-05-04,AES,Strong Undervalued,cluster_5,10.900763358778626,16.9,-6.0,Utilities
2026-05-04,CMCSA,Strong Undervalued,cluster_5,5.326470588235295,12.33,-7.0,Communication Services
2026-05-04,EIX,Strong Undervalued,cluster_5,7.595652173913043,12.95,-5.35,Utilities
2026-05-04,BEN,Strong Undervalued,cluster_5,22.77862595419847,104.19,-81.41,Financials
2026-05-04,TROW,Strong Undervalued,cluster_5,11.09656652360515,16.66,-5.56,Financials
2026-05-11,ADSK,Strong Overvalued,cluster_0,46.74952198852772,29.98,16.77,Information Technology
2026-05-11,CDNS,Strong Overvalued,cluster_0,84.7429906542056,27.07,57.67,Information Technology
2026-05-11,CHTR,Strong Undervalued,cluster_0,4.188801731133352,26.08,-21.89,Communication Services
2026-05-11,COST,Strong Overvalued,cluster_0,52.35028541774779,22.58,29.77,Consumer Staples
2026-05-11,DAL,Strong Undervalued,cluster_0,10.705109489051097,29.52,-18.81,Industrials
2026-05-11,HWM,Strong Overvalued,cluster_0,62.92093023255814,29.24,33.68,Industrials
2026-05-11,LULU,Strong Undervalued,cluster_0,9.89291101055807,26.07,-16.18,Consumer Discretionary
2026-05-11,PYPL,Strong Undervalued,cluster_0,8.512195121951219,31.42,-22.91,Financials
2026-05-11,UAL,Strong Undervalued,cluster_0,8.906976744186046,33.37,-24.46,Industrials
2026-05-11,AKAM,Strong Overvalued,cluster_2,50.07118644067796,23.72,26.35,Information Technology
2026-05-11,CASY,Strong Overvalued,cluster_2,49.25444126074499,25.31,23.94,Consumer Staples
2026-05-11,CTVA,Strong Overvalued,cluster_2,43.854054054054046,26.31,17.54,Materials
2026-05-11,EA,Strong Overvalued,cluster_2,57.105413105413106,26.7,30.41,Communication Services
2026-05-11,MNST,Strong Overvalued,cluster_2,41.69420289855073,17.47,24.22,Consumer Staples
2026-05-11,RTX,Strong Overvalued,cluster_2,32.97565543071161,19.92,13.06,Industrials
2026-05-11,ROL,Strong Overvalued,cluster_2,49.21788990825688,27.37,21.85,Industrials
2026-05-11,TPL,Strong Overvalued,cluster_2,54.07407407407407,19.58,34.49,Energy
2026-05-11,WMT,Strong Overvalued,cluster_2,47.77655677655678,25.7,22.08,Consumer Staples
2026-05-11,FAST,Strong Overvalued,cluster_4,39.088495575221245,19.41,19.68,Industrials
2026-05-11,BEN,Strong Undervalued,cluster_4,23.70229007633588,69.32,-45.62,Financials
2026-05-11,HBAN,Strong Undervalued,cluster_4,12.4,19.28,-6.88,Financials
2026-05-11,KR,Strong Overvalued,cluster_4,42.62337662337662,22.8,19.82,Consumer Staples
2026-05-11,MKC,Strong Undervalued,cluster_4,7.921311475409836,17.06,-9.14,Consumer Staples
2026-05-11,RF,Strong Undervalued,cluster_4,11.46473029045643,18.17,-6.71,Financials
2026-05-11,TFC,Strong Undervalued,cluster_4,12.155940594059404,19.81,-7.65,Financials
2026-05-11,USB,Strong Undervalued,cluster_4,11.641509433962266,18.16,-6.52,Financials
2026-05-11,AES,Strong Undervalued,cluster_5,7.463541666666667,14.31,-6.85,Utilities
2026-05-11,ADI,Strong Overvalued,cluster_6,76.28571428571428,37.49,38.8,Information Technology
2026-05-11,BAC,Strong Undervalued,cluster_6,12.732009925558312,35.07,-22.34,Financials
2026-05-11,TECH,Strong Overvalued,cluster_6,69.08571428571429,37.4,31.69,Health Care
2026-05-11,AVGO,Strong Overvalued,cluster_6,83.984375,24.99,58.99,Information Technology
2026-05-11,COF,Strong Overvalued,cluster_6,58.122699386503065,-25.91,84.03,Financials
2026-05-11,C,Strong Undervalued,cluster_6,15.519159456118665,36.51,-20.99,Financials
2026-05-11,GLW,Strong Overvalued,cluster_6,89.875,32.96,56.92,Information Technology
2026-05-11,DHI,Strong Undervalued,cluster_6,13.874999999999998,33.61,-19.74,Consumer Discretionary
2026-05-11,EPAM,Strong Undervalued,cluster_6,14.257183908045976,33.78,-19.52,Information Technology
2026-05-11,GS,Strong Undervalued,cluster_6,17.095290251916758,33.07,-15.97,Financials
2026-05-11,IR,Strong Overvalued,cluster_6,51.182432432432435,35.52,15.66,Industrials
2026-05-11,KEYS,Strong Overvalued,cluster_6,63.32161687170474,26.24,37.08,Information Technology
2026-05-11,LEN,Strong Undervalued,cluster_6,12.716546762589926,38.6,-25.88,Consumer Discretionary
2026-05-11,MGM,Strong Overvalued,cluster_6,53.136986301369866,29.81,23.33,Consumer Discretionary
2026-05-11,NTRS,Strong Undervalued,cluster_6,16.81446540880503,33.76,-16.95,Financials
2026-05-11,PHM,Strong Undervalued,cluster_6,11.368471953578336,29.62,-18.25,Consumer Discretionary
2026-05-11,NOW,Strong Overvalued,cluster_6,54.27380952380953,24.35,29.92,Information Technology
2026-05-11,STT,Strong Undervalued,cluster_6,15.176649746192895,37.15,-21.97,Financials
2026-05-11,SYF,Strong Undervalued,cluster_6,7.571428571428571,27.86,-20.29,Financials
2026-05-11,SNPS,Strong Overvalued,cluster_6,79.33640552995392,34.46,44.88,Information Technology
2026-05-11,UHS,Strong Undervalued,cluster_6,7.096450939457203,25.16,-18.06,Health Care
2026-05-11,DIS,Strong Undervalued,cluster_6,17.2832,35.32,-18.04,Communication Services
2026-05-11,WST,Strong Overvalued,cluster_6,43.456,26.7,16.76,Health Care
2026-05-11,WDAY,Strong Overvalued,cluster_6,49.35521235521236,32.42,16.94,Information Technology
2026-05-19,AKAM,Strong Overvalued,cluster_1,50.935810810810814,22.06,28.88,Information Technology
2026-05-19,CASY,Strong Overvalued,cluster_1,49.046991404011465,22.94,26.11,Consumer Staples
2026-05-19,CI,Strong Undervalued,cluster_1,2.520794865031214,19.79,-17.27,Health Care
2026-05-19,CTVA,Strong Overvalued,cluster_1,43.82702702702702,27.06,16.77,Materials
2026-05-19,EA,Strong Overvalued,cluster_1,57.11647727272727,24.39,32.73,Communication Services
2026-05-19,KR,Strong Overvalued,cluster_1,44.36363636363636,24.84,19.52,Consumer Staples
2026-05-19,MNST,Strong Overvalued,cluster_1,42.772946859903385,16.63,26.14,Consumer Staples
2026-05-19,ROL,Strong Overvalued,cluster_1,50.100917431192656,25.24,24.86,Industrials
2026-05-19,TPL,Strong Overvalued,cluster_1,52.887824897400826,18.89,34.0,Energy
2026-05-19,WMT,Strong Overvalued,cluster_1,48.84249084249085,23.54,25.3,Consumer Staples
2026-05-19,AES,Strong Undervalued,cluster_2,7.567708333333333,19.52,-11.95,Utilities
2026-05-19,HBAN,Strong Undervalued,cluster_2,11.976923076923075,18.3,-6.32,Financials
2026-05-19,PRU,Strong Undervalued,cluster_2,10.605561277033985,18.43,-7.82,Financials
2026-05-19,TFC,Strong Undervalued,cluster_2,11.646039603960396,18.72,-7.07,Financials
2026-05-19,VICI,Strong Undervalued,cluster_2,9.76027397260274,19.17,-9.41,Real Estate
2026-05-19,ADSK,Strong Overvalued,cluster_5,46.4675572519084,30.5,15.97,Information Technology
2026-05-19,CHTR,Strong Undervalued,cluster_5,3.8216508795669824,20.84,-17.02,Communication Services
2026-05-19,FIX,Strong Overvalued,cluster_5,53.47260668973472,36.31,17.16,Industrials
2026-05-19,HWM,Strong Overvalued,cluster_5,59.48842592592592,25.7,33.79,Industrials
2026-05-19,LULU,Strong Undervalued,cluster_5,9.069381598793363,23.75,-14.68,Consumer Discretionary
2026-05-19,PYPL,Strong Undervalued,cluster_5,8.327392120075046,26.72,-18.39,Financials
2026-05-19,RCL,Strong Undervalued,cluster_5,15.411226357535082,36.53,-21.12,Consumer Discretionary
2026-05-19,SPG,Strong Undervalued,cluster_5,13.947112038970076,28.15,-14.2,Real Estate
2026-05-19,UAL,Strong Undervalued,cluster_5,8.278175313059034,27.98,-19.7,Industrials
2026-05-26,ADSK,Strong Overvalued,cluster_0,46.07839388145315,29.76,16.32,Information Technology
2026-05-26,CDNS,Strong Overvalued,cluster_0,86.8813953488372,26.71,60.17,Information Technology
2026-05-26,CHTR,Strong Undervalued,cluster_0,3.927218614718615,25.91,-21.98,Communication Services
2026-05-26,COST,Strong Overvalued,cluster_0,53.47061882475299,23.47,30.0,Consumer Staples
2026-05-26,HWM,Strong Overvalued,cluster_0,59.52436194895593,29.46,30.06,Industrials
2026-05-26,LULU,Strong Undervalued,cluster_0,9.591251885369534,25.71,-16.12,Consumer Discretionary
2026-05-26,PYPL,Strong Undervalued,cluster_0,8.298311444652906,34.25,-25.95,Financials
2026-05-26,UAL,Strong Undervalued,cluster_0,8.940966010733453,33.47,-24.53,Industrials
2026-05-26,AKAM,Strong Overvalued,cluster_2,49.73986486486486,25.29,24.45,Information Technology
2026-05-26,CASY,Strong Overvalued,cluster_2,47.3877082136703,27.66,19.73,Consumer Staples
2026-05-26,CTVA,Strong Overvalued,cluster_2,43.005405405405405,26.94,16.07,Materials
2026-05-26,EA,Strong Overvalued,cluster_2,57.09375,29.19,27.9,Communication Services
2026-05-26,MNST,Strong Overvalued,cluster_2,41.92753623188406,18.35,23.58,Consumer Staples
2026-05-26,RTX,Strong Overvalued,cluster_2,33.21013133208255,18.77,14.44,Industrials
2026-05-26,ROL,Strong Overvalued,cluster_2,49.04587155963303,30.01,19.04,Industrials
2026-05-26,NOW,Strong Overvalued,cluster_2,61.15568862275449,29.84,31.32,Information Technology
2026-05-26,TPL,Strong Overvalued,cluster_2,55.223901098901095,21.34,33.88,Energy
2026-05-26,WMT,Strong Overvalued,cluster_2,42.348591549295776,27.18,15.17,Consumer Staples
2026-05-26,AES,Strong Undervalued,cluster_3,7.645833333333333,15.49,-7.84,Utilities
2026-05-26,CMCSA,Strong Undervalued,cluster_3,4.942156862745098,12.41,-7.47,Communication Services
2026-05-26,BEN,Strong Undervalued,cluster_3,23.679389312977097,63.8,-40.12,Financials
2026-05-26,CI,Strong Undervalued,cluster_5,2.517059444249033,19.31,-16.79,Health Care
2026-05-26,KR,Strong Overvalued,cluster_5,43.66883116883117,22.71,20.96,Consumer Staples
2026-05-26,MRK,Strong Overvalued,cluster_5,34.481690140845075,24.36,10.12,Health Care
2026-05-26,PNC,Strong Undervalued,cluster_5,12.738524113887271,21.08,-8.34,Financials
2026-05-26,WFC,Strong Undervalued,cluster_5,11.808346213292118,20.6,-8.79,Financials
2026-05-26,ADI,Strong Overvalued,cluster_6,59.17585692995529,37.0,22.18,Information Technology
2026-05-26,BAC,Strong Undervalued,cluster_6,12.853598014888336,35.27,-22.42,Financials
2026-05-26,TECH,Strong Overvalued,cluster_6,68.87142857142858,38.62,30.25,Health Care
2026-05-26,AVGO,Strong Overvalued,cluster_6,80.57198443579767,26.43,54.14,Information Technology
2026-05-26,COF,Strong Overvalued,cluster_6,57.78153846153846,-54.38,112.16,Financials
2026-05-26,C,Strong Undervalued,cluster_6,15.46229913473424,36.36,-20.9,Financials
2026-05-26,GLW,Strong Overvalued,cluster_6,93.29326923076924,32.72,60.57,Information Technology
2026-05-26,DHI,Strong Undervalued,cluster_6,13.495774647887323,34.61,-21.11,Consumer Discretionary
2026-05-26,EW,Strong Overvalued,cluster_6,46.36756756756757,28.27,18.1,Health Care
2026-05-26,EPAM,Strong Undervalued,cluster_6,14.754310344827584,34.96,-20.21,Information Technology
2026-05-26,ISRG,Strong Overvalued,cluster_6,53.16747572815534,28.52,24.65,Health Care
2026-05-26,KEYS,Strong Overvalued,cluster_6,55.89677419354839,25.85,30.05,Information Technology
2026-05-26,LEN,Strong Undervalued,cluster_6,12.785611510791366,39.75,-26.96,Consumer Discretionary
2026-05-26,MGM,Strong Overvalued,cluster_6,52.602739726027394,30.25,22.35,Consumer Discretionary
2026-05-26,NTRS,Strong Undervalued,cluster_6,17.567539267015707,34.16,-16.59,Financials
2026-05-26,ODFL,Strong Overvalued,cluster_6,43.84791666666667,25.76,18.09,Industrials
2026-05-26,PHM,Strong Undervalued,cluster_6,11.260154738878144,29.72,-18.46,Consumer Discretionary
2026-05-26,PWR,Strong Overvalued,cluster_6,98.96580027359782,29.85,69.12,Industrials
2026-05-26,STT,Strong Undervalued,cluster_6,15.629441624365482,38.4,-22.77,Financials
2026-05-26,SYF,Strong Undervalued,cluster_6,7.435817805383023,28.27,-20.83,Financials
2026-05-26,SNPS,Strong Overvalued,cluster_6,80.605222734255,34.87,45.74,Information Technology
2026-05-26,UHS,Strong Undervalued,cluster_6,6.588726513569938,24.53,-17.94,Health Care
2026-05-26,DIS,Strong Undervalued,cluster_6,16.48,36.42,-19.94,Communication Services
2026-06-01,CI,Strong Undervalued,cluster_0,2.439539178612259,18.89,-16.45,Health Care
2026-06-01,CFG,Strong Undervalued,cluster_0,14.753554502369669,22.57,-7.82,Financials
2026-06-01,KR,Strong Overvalued,cluster_0,40.357142857142854,22.29,18.07,Consumer Staples
2026-06-01,MRK,Strong Overvalued,cluster_0,33.44225352112676,23.54,9.9,Health Care
2026-06-01,PNC,Strong Undervalued,cluster_0,12.855813953488372,21.32,-8.46,Financials
2026-06-01,WFC,Strong Undervalued,cluster_0,11.984544049459045,20.93,-8.95,Financials
2026-06-01,AES,Strong Undervalued,cluster_4,7.640625,17.66,-10.02,Utilities
2026-06-01,BEN,Strong Undervalued,cluster_4,23.679389312977097,37.86,-14.18,Financials
2026-06-01,PRU,Strong Undervalued,cluster_4,10.364572605561277,16.13,-5.77,Financials
2026-06-01,VICI,Strong Undervalued,cluster_4,9.664383561643836,16.25,-6.59,Real Estate
2026-06-01,AKAM,Strong Overvalued,cluster_5,50.52027027027027,24.77,25.75,Information Technology
2026-06-01,CASY,Strong Overvalued,cluster_5,44.037887485648675,27.71,16.33,Consumer Staples
2026-06-01,CTVA,Strong Overvalued,cluster_5,42.21621621621621,26.06,16.16,Materials
2026-06-01,EA,Strong Overvalued,cluster_5,57.47008547008547,29.02,28.45,Communication Services
2026-06-01,MNST,Strong Overvalued,cluster_5,42.55072463768117,18.1,24.45,Consumer Staples
2026-06-01,RTX,Strong Overvalued,cluster_5,33.644194756554306,17.49,16.15,Industrials
2026-06-01,ROL,Strong Overvalued,cluster_5,43.6697247706422,30.06,13.61,Industrials
2026-06-01,NOW,Strong Overvalued,cluster_5,74.02976190476191,28.72,45.31,Information Technology
2026-06-01,TPL,Strong Overvalued,cluster_5,53.97524071526823,21.43,32.55,Energy
2026-06-01,WMT,Strong Overvalued,cluster_5,40.75704225352113,27.07,13.69,Consumer Staples
2026-06-01,CHTR,Strong Undervalued,cluster_6,3.8974567099567103,20.12,-16.22,Communication Services
2026-06-01,HWM,Strong Overvalued,cluster_6,59.91879350348028,26.5,33.42,Industrials
2026-06-01,LULU,Strong Undervalued,cluster_6,9.89291101055807,22.45,-12.56,Consumer Discretionary
2026-06-01,SPG,Strong Undervalued,cluster_6,14.249652294853965,34.03,-19.78,Real Estate
2026-06-01,UAL,Strong Undervalued,cluster_6,10.268336314847945,29.19,-18.92,Industrials
2026-06-08,CI,Strong Undervalued,cluster_0,2.545774338228828,18.62,-16.07,Health Care
2026-06-08,CFG,Strong Undervalued,cluster_0,15.161137440758294,23.96,-8.8,Financials
2026-06-08,CTSH,Strong Undervalued,cluster_0,11.54229934924078,20.96,-9.42,Information Technology
2026-06-08,FAST,Strong Overvalued,cluster_0,41.4070796460177,20.78,20.63,Industrials
2026-06-08,KR,Strong Overvalued,cluster_0,41.27922077922078,22.33,18.95,Consumer Staples
2026-06-08,MRK,Strong Overvalued,cluster_0,34.02535211267606,23.29,10.74,Health Care
2026-06-08,PNC,Strong Undervalued,cluster_0,13.261904761904765,22.46,-9.2,Financials
2026-06-08,AKAM,Strong Overvalued,cluster_1,50.445945945945944,27.72,22.73,Information Technology
2026-06-08,CASY,Strong Overvalued,cluster_1,43.68749999999999,25.22,18.47,Consumer Staples
2026-06-08,CHTR,Strong Undervalued,cluster_1,3.5756427604871446,22.62,-19.04,Communication Services
2026-06-08,CTVA,Strong Overvalued,cluster_1,41.63783783783784,27.12,14.52,Materials
2026-06-08,COST,Strong Overvalued,cluster_1,48.78865461847389,24.73,24.06,Consumer Staples
2026-06-08,EA,Strong Overvalued,cluster_1,57.83475783475784,27.49,30.34,Communication Services
2026-06-08,MNST,Strong Overvalued,cluster_1,43.26086956521739,16.7,26.56,Consumer Staples
2026-06-08,RTX,Strong Overvalued,cluster_1,34.02067669172932,20.99,13.03,Industrials
2026-06-08,ROL,Strong Overvalued,cluster_1,43.211009174311926,26.84,16.37,Industrials
2026-06-08,TPL,Strong Overvalued,cluster_1,53.46913580246914,17.82,35.65,Energy
2026-06-08,WMT,Strong Overvalued,cluster_1,41.859154929577464,24.27,17.59,Consumer Staples
2026-06-08,ANET,Strong Overvalued,cluster_3,52.83219178082192,36.46,16.37,Information Technology
2026-06-08,FIX,Strong Overvalued,cluster_3,53.18546293625613,38.7,14.49,Industrials
2026-06-08,HWM,Strong Overvalued,cluster_3,58.44547563805105,27.59,30.86,Industrials
2026-06-08,LRCX,Strong Overvalued,cluster_3,57.43939393939393,41.54,15.9,Information Technology
2026-06-08,LULU,Strong Undervalued,cluster_3,9.249392712550607,23.2,-13.95,Consumer Discretionary
2026-06-08,RCL,Strong Undervalued,cluster_3,17.094017094017094,41.19,-24.1,Consumer Discretionary
2026-06-08,SPG,Strong Undervalued,cluster_3,14.61501042390549,30.76,-16.14,Real Estate
2026-06-08,UAL,Strong Undervalued,cluster_3,9.45706618962433,32.03,-22.57,Industrials
2026-06-08,AES,Strong Undervalued,cluster_6,7.640625,17.72,-10.08,Utilities
2026-06-08,BEN,Strong Undervalued,cluster_6,23.916030534351144,41.27,-17.35,Financials
2026-06-08,PRU,Strong Undervalued,cluster_6,10.77445932028836,16.12,-5.35,Financials
2026-06-08,VICI,Strong Undervalued,cluster_6,9.54109589041096,16.21,-6.67,Real Estate
2026-06-15,AES,Strong Undervalued,cluster_0,7.645833333333333,18.44,-10.79,Utilities
2026-06-15,BEN,Strong Undervalued,cluster_0,24.52671755725191,39.96,-15.43,Financials
2026-06-15,PRU,Strong Undervalued,cluster_0,11.1740473738414,16.74,-5.57,Financials
2026-06-15,VICI,Strong Undervalued,cluster_0,9.767123287671232,16.86,-7.09,Real Estate
2026-06-15,ADI,Strong Overvalued,cluster_1,62.07875185735512,36.3,25.78,Information Technology
2026-06-15,BAC,Strong Undervalued,cluster_1,13.900744416873447,34.82,-20.92,Financials
2026-06-15,TECH,Strong Overvalued,cluster_1,77.14285714285715,38.15,38.99,Health Care
2026-06-15,COF,Strong Overvalued,cluster_1,56.84,-52.69,109.53,Financials
2026-06-15,GLW,Strong Overvalued,cluster_1,86.15384615384615,32.61,53.54,Information Technology
2026-06-15,DHI,Strong Undervalued,cluster_1,14.468544600938968,35.17,-20.7,Consumer Discretionary
2026-06-15,ISRG,Strong Overvalued,cluster_1,50.00729927007299,29.74,20.27,Health Care
2026-06-15,KEYS,Strong Overvalued,cluster_1,56.468599033816425,25.83,30.64,Information Technology
2026-06-15,LEN,Strong Undervalued,cluster_1,14.15360501567398,40.91,-26.76,Consumer Discretionary
2026-06-15,MGM,Strong Overvalued,cluster_1,67.08219178082192,30.76,36.32,Consumer Discretionary
2026-06-15,NTRS,Strong Undervalued,cluster_1,18.255497382198953,34.33,-16.07,Financials
2026-06-15,ODFL,Strong Overvalued,cluster_1,51.30480167014614,25.81,25.49,Industrials
2026-06-15,PHM,Strong Undervalued,cluster_1,11.92352371732817,29.78,-17.86,Consumer Discretionary
2026-06-15,PWR,Strong Overvalued,cluster_1,97.08367626886144,29.75,67.33,Industrials
2026-06-15,STT,Strong Undervalued,cluster_1,17.00101419878296,39.37,-22.37,Financials
2026-06-15,SYF,Strong Undervalued,cluster_1,7.594202898550725,29.03,-21.44,Financials
2026-06-15,UHS,Strong Undervalued,cluster_1,6.11356993736952,24.14,-18.03,Health Care
2026-06-15,DIS,Strong Undervalued,cluster_1,16.0064,37.11,-21.1,Communication Services
2026-06-15,WFC,Strong Undervalued,cluster_1,12.94126738794436,30.42,-17.48,Financials
2026-06-15,WST,Strong Overvalued,cluster_1,44.07774798927614,26.81,17.27,Health Care
2026-06-15,AMAT,Strong Overvalued,cluster_4,53.46371347785109,38.85,14.61,Information Technology
2026-06-15,ANET,Strong Overvalued,cluster_4,56.09621993127148,39.37,16.73,Information Technology
2026-06-15,AVGO,Strong Overvalued,cluster_4,63.678333333333335,33.28,30.4,Information Technology
2026-06-15,CDNS,Strong Overvalued,cluster_4,90.15456674473069,29.66,60.49,Information Technology
2026-06-15,FIX,Strong Overvalued,cluster_4,54.34471780028944,33.79,20.55,Industrials
2026-06-15,DAL,Strong Undervalued,cluster_4,12.125547445255476,32.93,-20.8,Industrials
2026-06-15,HWM,Strong Overvalued,cluster_4,61.40835266821347,31.33,30.08,Industrials
2026-06-15,LULU,Strong Undervalued,cluster_4,9.617004048582997,27.09,-17.47,Consumer Discretionary
2026-06-15,PYPL,Strong Undervalued,cluster_4,7.791744840525328,31.39,-23.6,Financials
2026-06-15,PTC,Strong Undervalued,cluster_4,10.920268972142171,28.3,-17.38,Information Technology
2026-06-15,RCL,Strong Undervalued,cluster_4,17.950000000000003,38.92,-20.97,Consumer Discretionary
2026-06-15,UAL,Strong Undervalued,cluster_4,10.33273703041145,37.26,-26.93,Industrials
2026-06-15,AKAM,Strong Overvalued,cluster_5,45.101351351351354,29.14,15.96,Information Technology
2026-06-15,CASY,Strong Overvalued,cluster_5,46.71920668058455,26.37,20.35,Consumer Staples
2026-06-15,CHTR,Strong Undervalued,cluster_5,3.944279145252908,27.34,-23.4,Communication Services
2026-06-15,COO,Strong Overvalued,cluster_5,57.52542372881356,38.29,19.24,Health Care
2026-06-15,CTVA,Strong Overvalued,cluster_5,41.15675675675676,26.89,14.27,Materials
2026-06-15,COST,Strong Overvalued,cluster_5,49.513608870967744,29.78,19.73,Consumer Staples
2026-06-15,EA,Strong Overvalued,cluster_5,57.74715909090909,29.33,28.42,Communication Services
2026-06-15,MNST,Strong Overvalued,cluster_5,44.84541062801932,17.52,27.33,Consumer Staples
2026-06-15,ROL,Strong Overvalued,cluster_5,43.293577981651374,29.58,13.71,Industrials
2026-06-15,NOW,Strong Overvalued,cluster_5,60.80357142857144,34.06,26.74,Information Technology
2026-06-15,TPL,Strong Overvalued,cluster_5,52.04807692307693,19.48,32.57,Energy
2026-06-15,WMT,Strong Overvalued,cluster_5,42.61971830985916,25.75,16.87,Consumer Staples
2026-06-15,CTSH,Strong Undervalued,cluster_6,11.316702819956616,20.9,-9.58,Information Technology
2026-06-15,FAST,Strong Overvalued,cluster_6,41.21238938053098,21.19,20.02,Industrials
2026-06-15,KR,Strong Overvalued,cluster_6,42.01948051948052,23.24,18.78,Consumer Staples
2026-06-15,MRK,Strong Overvalued,cluster_6,33.29577464788733,24.46,8.84,Health Care
2026-06-15,RTX,Strong Overvalued,cluster_6,34.49812030075188,20.9,13.6,Industrials
2026-06-23,AKAM,Strong Overvalued,cluster_0,40.79054054054054,27.25,13.54,Information Technology
2026-06-23,CASY,Strong Overvalued,cluster_0,43.497384937238486,23.96,19.54,Consumer Staples
2026-06-23,CTVA,Strong Overvalued,cluster_0,42.627027027027026,26.28,16.35,Materials
2026-06-23,EA,Strong Overvalued,cluster_0,57.82621082621083,26.34,31.49,Communication Services
2026-06-23,MNST,Strong Overvalued,cluster_0,44.93719806763285,16.43,28.51,Consumer Staples
2026-06-23,RTX,Strong Overvalued,cluster_0,34.11444652908068,19.98,14.13,Industrials
2026-06-23,ROL,Strong Overvalued,cluster_0,40.74311926605504,26.34,14.4,Industrials
2026-06-23,TPL,Strong Overvalued,cluster_0,49.534979423868315,17.77,31.76,Energy
2026-06-23,WMT,Strong Overvalued,cluster_0,41.260563380281695,23.78,17.48,Consumer Staples
2026-06-23,AES,Strong Undervalued,cluster_3,7.630208333333334,17.54,-9.91,Utilities
2026-06-23,BEN,Strong Undervalued,cluster_3,25.900763358778622,37.55,-11.65,Financials
2026-06-23,PRU,Strong Undervalued,cluster_3,11.149330587023686,15.92,-4.77,Financials
2026-06-23,VICI,Strong Undervalued,cluster_3,8.934931506849315,16.37,-7.44,Real Estate
2026-06-23,APH,Strong Overvalued,cluster_5,47.48137535816619,27.47,20.01,Information Technology
2026-06-23,CAT,Strong Overvalued,cluster_5,51.01197604790419,35.2,15.81,Industrials
2026-06-23,CHTR,Strong Undervalued,cluster_5,3.3966450216450217,18.74,-15.34,Communication Services
2026-06-23,FIX,Strong Overvalued,cluster_5,59.519297235023046,36.59,22.93,Industrials
2026-06-23,HWM,Strong Overvalued,cluster_5,64.89814814814815,26.24,38.66,Industrials
2026-06-23,LULU,Strong Undervalued,cluster_5,8.536842105263158,21.88,-13.34,Consumer Discretionary
2026-06-23,PYPL,Strong Undervalued,cluster_5,7.943714821763603,29.42,-21.48,Financials
2026-06-23,PTC,Strong Undervalued,cluster_5,11.047070124879925,24.22,-13.17,Information Technology
2026-06-23,SPG,Strong Undervalued,cluster_5,14.921418636995826,32.99,-18.07,Real Estate
2026-06-23,UAL,Strong Undervalued,cluster_5,10.615384615384617,30.53,-19.91,Industrials
2026-06-23,CTSH,Strong Undervalued,cluster_6,9.073752711496743,20.72,-11.65,Information Technology
2026-06-23,FAST,Strong Overvalued,cluster_6,40.8141592920354,20.48,20.33,Industrials
2026-06-23,MRK,Strong Overvalued,cluster_6,32.52957746478874,22.86,9.67,Health Care
