Ticker,Market Cap,PE Ratio (TTM),PE Ratio (Current),Dividend Yield,Beta,Payout Ratio,Return on Equity (ROE),Retention Ratio,EPS Growth (ROE x Retention),Sector,Predicted PE (Index),PE Difference (Index),Valuation Signal (Index),Index R²,Index Adj R²,Index F p-value,Index Residual SE
MMM,81683275776,25.847502,25.271666666666665,2.06,1.131,0.48669997,0.75501,0.51330003,0.3875466556503,Industrials,26.75,-1.48,Fairly Valued,0.0951,0.088,0.0,15.2439
AOS,9800606720,18.407793,18.3012987012987,1.99,1.304,0.3584,0.29197,0.6416,0.187327952,Industrials,30.9,-12.6,Fairly Valued,0.0951,0.088,0.0,15.2439
ABT,192682983424,29.807796,30.282258064516128,2.24,0.744,0.6344,0.12961,0.3656,0.047385416,Health Care,25.52,4.76,Fairly Valued,0.0951,0.088,0.0,15.2439
ACN,125243252736,16.690908,17.30247933884298,3.11,1.251,0.5017,0.25016,0.4982999999999999,0.1246547279999999,Information Technology,30.44,-13.14,Fairly Valued,0.0951,0.088,0.0,15.2439
ADBE,112296378368,16.390652,16.922708208508087,0.0,1.532,0.0,0.55426,1.0,0.55426,Information Technology,31.3,-14.38,Fairly Valued,0.0951,0.088,0.0,15.2439
AMD,334066778112,78.504715,77.65517241379311,0.0,2.022,0.0,0.07082,1.0,0.07082,Information Technology,39.65,38.01,Overvalued,0.0951,0.088,0.0,15.2439
AES,10164652032,10.889314,10.83206106870229,4.96,0.941,0.5373,0.01954,0.4627,0.0090411579999999,Utilities,28.35,-17.52,Undervalued,0.0951,0.088,0.0,15.2439
AFL,57100132352,16.214077,16.15542521994135,2.21,0.65,0.3402,0.13118,0.6597999999999999,0.0865525639999999,Financials,25.4,-9.24,Fairly Valued,0.0951,0.088,0.0,15.2439
A,33032843264,25.781456,25.748344370860927,0.87,1.312,0.22049999,0.19945998,0.77950001,0.1554790564045998,Health Care,31.78,-6.03,Fairly Valued,0.0951,0.088,0.0,15.2439
ABNB,79183806464,32.774193,33.25806451612903,0.0,1.163,0.0,0.30233,1.0,0.30233,Consumer Discretionary,29.69,3.57,Fairly Valued,0.0951,0.088,0.0,15.2439
AKAM,15168336896,34.10098,33.26058631921824,0.0,0.704,0.0,0.091730006,1.0,0.091730006,Information Technology,27.07,6.19,Fairly Valued,0.0951,0.088,0.0,15.2439
ALGN,12292210688,30.322124,30.98230088495575,0.0,1.823,0.0,0.103870004,1.0,0.103870004,Health Care,38.29,-7.31,Fairly Valued,0.0951,0.088,0.0,15.2439
ALLE,12901578752,20.129704,20.190860215053764,1.38,1.008,0.2742,0.36084,0.7258,0.2618976719999999,Industrials,27.54,-7.35,Fairly Valued,0.0951,0.088,0.0,15.2439
LNT,18442141696,22.840763,22.805732484076433,2.87,0.611,0.6465,0.11299,0.3535,0.039941965,Utilities,24.26,-1.45,Fairly Valued,0.0951,0.088,0.0,15.2439
ALL,54179405824,5.483452,5.455476753349093,2.08,0.206,0.105100006,0.39518002,0.894899994,0.3536465975269199,Financials,19.6,-14.14,Fairly Valued,0.0951,0.088,0.0,15.2439
GOOGL,3731077726208,28.531914,28.340425531914892,0.27,1.112,0.076799996,0.35705003,0.923200004,0.3296285891242001,Communication Services,28.66,-0.32,Fairly Valued,0.0951,0.088,0.0,15.2439
GOOG,3727690563584,28.532406,28.334259259259255,0.27,1.112,0.076799996,0.35705003,0.923200004,0.3296285891242001,Communication Services,28.66,-0.33,Fairly Valued,0.0951,0.088,0.0,15.2439
AMZN,2300708388864,29.891214,29.775453277545328,0.0,1.42,0.0,0.22286,1.0,0.22286,Consumer Discretionary,33.06,-3.28,Fairly Valued,0.0951,0.088,0.0,15.2439
AEE,30766049280,20.80374,20.637383177570097,2.7,0.531,0.53080004,0.11337,0.4691999599999999,0.0531931994651999,Utilities,23.79,-3.15,Fairly Valued,0.0951,0.088,0.0,15.2439
AEP,71829110784,19.940691,19.7987987987988,2.88,0.573,0.56159997,0.12486,0.43840003,0.0547386277458,Utilities,24.08,-4.28,Fairly Valued,0.0951,0.088,0.0,15.2439
AXP,209398710272,19.751936,19.84275503573749,1.24,1.152,0.2133,0.33992,0.7867,0.267415064,Financials,29.16,-9.32,Fairly Valued,0.0951,0.088,0.0,15.2439
AIG,42216431616,14.40884,14.294659300184165,2.32,0.58,0.3223,0.07399,0.6777,0.0501430229999999,Financials,25.15,-10.86,Fairly Valued,0.0951,0.088,0.0,15.2439
AWK,26161866752,23.553604,24.20562390158172,2.4,0.759,0.5707,0.10496,0.4293,0.045059328,Utilities,25.97,-1.76,Fairly Valued,0.0951,0.088,0.0,15.2439
AMP,42763104256,12.6905155,12.723462917011304,1.39,1.271,0.1731,0.60508,0.8269,0.5003406519999999,Financials,28.51,-15.79,Undervalued,0.0951,0.088,0.0,15.2439
AME,52312678400,35.5626,35.22222222222222,0.6,1.013,0.19379999,0.14594,0.80620001,0.1176568294593999,Industrials,29.21,6.01,Fairly Valued,0.0951,0.088,0.0,15.2439
AMGN,203190763520,26.525686,26.528501055594653,2.67,0.425,0.669,1.0610299,0.3309999999999999,0.3512008969,Health Care,19.21,7.32,Fairly Valued,0.0951,0.088,0.0,15.2439
APH,169164554240,41.327328,40.85885885885886,0.73,1.214,0.22309999,0.36851,0.77690001,0.2862954226851,Information Technology,29.47,11.39,Fairly Valued,0.0951,0.088,0.0,15.2439
ADI,156786769920,58.71115,58.447897623400365,1.27,1.021,0.7239,0.07862,0.2761,0.021706982,Information Technology,27.87,30.58,Overvalued,0.0951,0.088,0.0,15.2439
AON,69482119168,19.004702,19.56731334509112,0.9,0.828,0.171,0.4694,0.829,0.3891326,Financials,24.96,-5.39,Fairly Valued,0.0951,0.088,0.0,15.2439
APA,11473607680,8.14035,8.167919799498748,3.07,0.708,0.25059998,0.2532,0.74940002,0.1897480850639999,Energy,25.38,-17.21,Undervalued,0.0951,0.088,0.0,15.2439
APO,62859767808,19.548737,19.51985559566787,1.89,1.638,0.35970002,0.14698,0.64029998,0.0941112910604,Financials,35.21,-15.69,Undervalued,0.0951,0.088,0.0,15.2439
AMAT,279977623552,36.146515,34.727459016393446,0.54,1.634,0.1826,0.38863,0.8174,0.317666162,Information Technology,33.55,1.18,Fairly Valued,0.0951,0.088,0.0,15.2439
APTV,15585807360,96.17333,97.13333333333333,0.0,1.534,0.0,0.01948,1.0,0.01948,Consumer Discretionary,35.1,62.03,Overvalued,0.0951,0.088,0.0,15.2439
ACGL,34826596352,8.27931,8.243103448275862,0.0,0.365,0.0,0.19540001,1.0,0.19540001,Financials,23.04,-14.8,Fairly Valued,0.0951,0.088,0.0,15.2439
ADM,33130747904,30.87444,30.457399103139014,3.06,0.683,0.91480005,0.04721,0.08519995,0.0040222896395,Consumer Staples,24.18,6.28,Fairly Valued,0.0951,0.088,0.0,15.2439
ANET,177149935616,51.34124,50.06204379562043,0.0,1.46,0.0,0.314,1.0,0.314,Information Technology,32.41,17.65,Overvalued,0.0951,0.088,0.0,15.2439
AJG,54667173888,36.97913,37.874782608695654,1.29,0.672,0.45299998,0.06906,0.54700002,0.0377758213812,Financials,25.55,12.32,Fairly Valued,0.0951,0.088,0.0,15.2439
AIZ,11070430208,13.048996,12.967532467532466,1.53,0.547,0.19370002,0.15899,0.80629998,0.1281936338202,Financials,24.59,-11.62,Fairly Valued,0.0951,0.088,0.0,15.2439
T,196200513536,9.103619,9.05592105263158,4.03,0.576,0.2738,0.18805,0.7262,0.1365619099999999,Communication Services,24.49,-15.43,Undervalued,0.0951,0.088,0.0,15.2439
ATO,30707140608,24.199492,24.15123859191656,2.16,0.698,0.4707,0.09237,0.5293,0.0488914409999999,Utilities,25.71,-1.56,Fairly Valued,0.0951,0.088,0.0,15.2439
ADSK,53951881216,48.566795,49.76145038167939,0.0,1.467,0.0,0.39675,1.0,0.39675,Information Technology,31.65,18.11,Overvalued,0.0951,0.088,0.0,15.2439
ADP,88012087296,20.883877,21.404990403071015,3.05,0.854,0.6071,0.73843,0.3929,0.290129147,Industrials,24.47,-3.07,Fairly Valued,0.0951,0.088,0.0,15.2439
AVB,24898762752,23.762838,23.87972972972973,4.03,0.745,0.94589996,0.088879995,0.05410004,0.0048084112846998,Real Estate,24.79,-0.91,Fairly Valued,0.0951,0.088,0.0,15.2439
AVY,13572030464,20.084187,20.076222980659843,2.13,0.97,0.4209,0.30212998,0.5791,0.174963471418,Materials,27.42,-7.34,Fairly Valued,0.0951,0.088,0.0,15.2439
BKR,59847602176,23.292309,23.115384615384617,1.53,0.879,0.3538,0.14552,0.6462,0.094035024,Energy,27.53,-4.41,Fairly Valued,0.0951,0.088,0.0,15.2439
BALL,16692924416,18.875757,18.906060606060606,1.28,1.115,0.24239999,0.16122,0.75760001,0.1221402736122,Materials,30.07,-11.16,Fairly Valued,0.0951,0.088,0.0,15.2439
BAC,355412443136,12.774278,12.572178477690288,2.34,1.263,0.28350002,0.10217,0.71649998,0.0732048029566,Financials,31.91,-19.34,Undervalued,0.0951,0.088,0.0,15.2439
BDX,60093886464,27.102942,26.86437908496732,2.54,0.307,0.6814,0.0696,0.3186,0.02217456,Health Care,21.2,5.66,Fairly Valued,0.0951,0.088,0.0,15.2439
BRK-B,1069477134336,15.976151,16.023203351595228,0.0,0.688,0.0,0.09809,1.0,0.09809,Financials,27.07,-11.05,Fairly Valued,0.0951,0.088,0.0,15.2439
BBY,13764406272,12.998651,13.087301587301583,5.82,1.444,0.754,0.37041,0.246,0.09112086,Consumer Discretionary,31.98,-18.89,Undervalued,0.0951,0.088,0.0,15.2439
BIIB,27856603136,21.594141,21.41524459613197,0.0,0.145,0.0,0.07394,1.0,0.07394,Health Care,21.76,-0.34,Fairly Valued,0.0951,0.088,0.0,15.2439
BLK,151418126336,27.546406,27.098754951895867,2.39,1.487,0.5902,0.107159995,0.4098,0.043914165951,Financials,33.22,-6.12,Fairly Valued,0.0951,0.088,0.0,15.2439
XYZ,40400609280,31.659525,31.209523809523812,0.0,2.675,0.0,0.060100004,1.0,0.060100004,Financials,47.8,-16.59,Undervalued,0.0951,0.088,0.0,15.2439
BK,80976183296,15.691892,15.554054054054053,1.84,1.076,0.2703,0.12898,0.7297,0.094116706,Financials,29.85,-14.3,Fairly Valued,0.0951,0.088,0.0,15.2439
BSX,104738570240,36.383503,37.0618556701031,0.0,0.7,0.0,0.12445,1.0,0.12445,Health Care,26.67,10.39,Fairly Valued,0.0951,0.088,0.0,15.2439
BMY,123634319360,17.546242,17.523121387283236,4.16,0.266,0.71970004,0.40442002,0.28029996,0.1133589154291992,Health Care,19.86,-2.34,Fairly Valued,0.0951,0.088,0.0,15.2439
AVGO,1646643773440,67.832016,67.529296875,0.75,1.257,0.47169998,0.33370999,0.52830002,0.1762989943911998,Information Technology,29.84,37.69,Overvalued,0.0951,0.088,0.0,15.2439
BR,21819166720,20.696568,20.931339977851607,2.06,0.977,0.4104,0.41793,0.5896,0.246411528,Industrials,26.86,-5.93,Fairly Valued,0.0951,0.088,0.0,15.2439
BRO,23561449472,21.838608,22.48101265822785,0.89,0.798,0.19459999,0.11226,0.80540001,0.0904142051226,Financials,27.38,-4.9,Fairly Valued,0.0951,0.088,0.0,15.2439
BF-B,11685474304,14.811047,14.465116279069766,3.68,0.396,0.5294,0.20417,0.4706,0.096082402,Consumer Staples,22.07,-7.6,Fairly Valued,0.0951,0.088,0.0,15.2439
BLDR,10563613696,24.552055,24.408740359897173,0.0,1.564,0.0,0.10064,1.0,0.10064,Industrials,35.76,-11.35,Fairly Valued,0.0951,0.088,0.0,15.2439
BG,23172712448,24.290062,24.09533468559838,2.36,0.743,0.5639,0.05964,0.4361,0.026009004,Consumer Staples,26.02,-1.92,Fairly Valued,0.0951,0.088,0.0,15.2439
CHRW,21073584128,36.857883,37.74688796680498,1.38,0.903,0.5155,0.32911,0.4845,0.159453795,Industrials,26.47,11.28,Fairly Valued,0.0951,0.088,0.0,15.2439
CDNS,81328087040,72.790115,73.5925925925926,0.0,1.025,0.0,0.21855,1.0,0.21855,Information Technology,28.8,44.79,Overvalued,0.0951,0.088,0.0,15.2439
CPB,7448884224,12.878866,13.036082474226804,6.17,-0.064,0.80410004,0.14815,0.1958999599999999,0.0290225790739999,Consumer Staples,17.11,-4.07,Fairly Valued,0.0951,0.088,0.0,15.2439
COF,115887628288,55.45685,55.276785714285715,1.72,1.139,0.77379996,0.02394,0.22620004,0.0054152289576,Financials,28.96,26.32,Overvalued,0.0951,0.088,0.0,15.2439
CCL,36006703104,12.868813,13.064356435643564,0.57,2.459,0.0,0.25632998,1.0,0.25632998,Consumer Discretionary,43.93,-30.87,Undervalued,0.0951,0.088,0.0,15.2439
CARR,49590620160,35.10651,34.74556213017752,1.63,1.289,0.5325,0.10925,0.4675,0.051074375,Industrials,31.3,3.45,Fairly Valued,0.0951,0.088,0.0,15.2439
CVNA,71057014784,38.418247,38.89336492890995,0.0,3.673,0.0,0.67946,1.0,0.67946,Consumer Discretionary,52.59,-13.7,Fairly Valued,0.0951,0.088,0.0,15.2439
CAT,339856162816,38.587677,37.45058448459086,0.86,1.531,0.3105,0.43526,0.6895,0.30011177,Industrials,32.17,5.28,Fairly Valued,0.0951,0.088,0.0,15.2439
CBOE,29897803776,27.43948,28.741594620557155,0.93,0.336,0.2591,0.2336,0.7409,0.17307424,Financials,21.66,7.08,Fairly Valued,0.0951,0.088,0.0,15.2439
CBRE,40139345920,35.033768,35.56883116883117,0.0,1.341,0.0,0.13572,1.0,0.13572,Real Estate,33.05,2.52,Fairly Valued,0.0951,0.088,0.0,15.2439
CDW,15568558080,14.799505,14.943069306930692,2.09,1.046,0.31,0.43018,0.69,0.2968242,Information Technology,27.48,-12.54,Fairly Valued,0.0951,0.088,0.0,15.2439
COR,69038940160,42.65625,43.48557692307692,0.66,0.646,0.2701,1.33467,0.7299,0.974175633,Health Care,14.33,29.16,Overvalued,0.0951,0.088,0.0,15.2439
CNP,28541143040,27.268751,27.174999999999997,2.12,0.539,0.55,0.096429996,0.4499999999999999,0.0433934982,Utilities,23.85,3.32,Fairly Valued,0.0951,0.088,0.0,15.2439
CF,17325664256,12.3835,12.379041248606466,1.8,0.689,0.22299999,0.23401,0.77700001,0.1818257723401,Materials,25.36,-12.98,Fairly Valued,0.0951,0.088,0.0,15.2439
SCHW,167156449280,20.230106,20.296774193548384,1.36,0.919,0.2323,0.18101999,0.7677,0.138969046323,Financials,27.98,-7.68,Fairly Valued,0.0951,0.088,0.0,15.2439
CHTR,28437708800,6.0687656,6.153272576636288,0.0,1.023,0.0,0.28667998,1.0,0.28667998,Communication Services,28.65,-22.5,Undervalued,0.0951,0.088,0.0,15.2439
CMG,46035107840,30.539473,30.956140350877195,0.0,1.019,0.0,0.47355,1.0,0.47355,Consumer Discretionary,26.59,4.37,Fairly Valued,0.0951,0.088,0.0,15.2439
CB,128596680704,12.719346,12.627481510315295,1.2,0.489,0.1488,0.14337,0.8512,0.122036544,Financials,24.27,-11.64,Fairly Valued,0.0951,0.088,0.0,15.2439
CHD,24552099840,33.85596,33.85761589403973,1.2,0.426,0.39069998,0.1762,0.60930002,0.107358663524,Consumer Staples,22.67,11.19,Fairly Valued,0.0951,0.088,0.0,15.2439
CI,70873825280,11.9567375,12.15232086525462,2.31,0.234,0.2723,0.1513,0.7277,0.11010101,Health Care,21.36,-9.21,Fairly Valued,0.0951,0.088,0.0,15.2439
CINF,25652563968,10.838497,10.765985497692814,2.17,0.636,0.22940001,0.16036,0.77059999,0.1235734143964,Financials,25.38,-14.61,Fairly Valued,0.0951,0.088,0.0,15.2439
CTAS,78661386240,42.36797,43.45670995670996,0.9,0.944,0.36360002,0.43396,0.63639998,0.2761721353208,Industrials,26.32,17.14,Overvalued,0.0951,0.088,0.0,15.2439
CSCO,311543791616,28.36331,27.4136690647482,2.2,0.829,0.5899,0.23754999,0.4101,0.097419250899,Information Technology,26.08,1.33,Fairly Valued,0.0951,0.088,0.0,15.2439
C,192355123200,15.731045,15.24892703862661,2.25,1.131,0.3319,0.06831,0.6681,0.0456379109999999,Financials,30.65,-15.4,Undervalued,0.0951,0.088,0.0,15.2439
CFG,25376192512,15.306995,15.106217616580311,3.16,1.085,0.4456,0.07241,0.5544,0.040144104,Financials,29.81,-14.7,Fairly Valued,0.0951,0.088,0.0,15.2439
CME,110059339776,27.406895,27.899731423455684,1.63,0.26,0.44799998,0.1475,0.5520000199999999,0.0814200029499999,Financials,21.06,6.84,Fairly Valued,0.0951,0.088,0.0,15.2439
CMS,23640373248,21.917614,21.943181818181817,2.95,0.432,0.6156,0.108559996,0.3843999999999999,0.0417304624623999,Utilities,22.57,-0.63,Fairly Valued,0.0951,0.088,0.0,15.2439
KO,335977185280,25.692436,25.592105263157897,2.65,0.332,0.6711,0.43323,0.3288999999999999,0.142489347,Consumer Staples,20.35,5.24,Fairly Valued,0.0951,0.088,0.0,15.2439
CTSH,30493603840,13.855264,14.177631578947372,2.04,0.983,0.2719,0.15158,0.7281,0.1103653979999999,Information Technology,28.76,-14.58,Fairly Valued,0.0951,0.088,0.0,15.2439
COIN,53470404608,44.45964,44.79596412556054,0.0,3.709,0.0,0.10055,1.0,0.10055,Financials,58.33,-13.53,Fairly Valued,0.0951,0.088,0.0,15.2439
CMCSA,112723877888,5.739332,5.758812615955473,4.25,0.78,0.18370001,0.2141,0.81629999,0.174769827859,Communication Services,26.52,-20.76,Undervalued,0.0951,0.088,0.0,15.2439
FIX,49370501120,48.567314,47.61970853573907,0.16,1.602,0.0675,0.49238998,0.9325,0.45915365635,Industrials,32.11,15.51,Overvalued,0.0951,0.088,0.0,15.2439
COP,141473529856,18.226772,18.42992125984252,2.87,0.279,0.5008,0.12357,0.4992,0.061686144,Energy,21.32,-2.89,Fairly Valued,0.0951,0.088,0.0,15.2439
ED,40487579648,19.904085,19.857904085257548,3.07,0.345,0.6028,0.08767,0.3972,0.034822524,Utilities,21.83,-1.97,Fairly Valued,0.0951,0.088,0.0,15.2439
STZ,26148898816,23.542318,23.347962382445143,2.74,0.422,0.6389,0.14454001,0.3611,0.0521933976109999,Consumer Staples,22.27,1.08,Fairly Valued,0.0951,0.088,0.0,15.2439
CEG,117471297536,43.85338,43.6472972972973,0.53,1.107,0.20959999,0.16364,0.7904000099999999,0.1293410576364,Utilities,29.95,13.7,Fairly Valued,0.0951,0.088,0.0,15.2439
COO,14815938560,40.427807,40.54545454545454,0.0,1.03,0.0,0.04868,1.0,0.04868,Health Care,30.68,9.87,Fairly Valued,0.0951,0.088,0.0,15.2439
CPRT,35613372416,23.138365,23.628930817610065,0.0,1.106,0.0,0.17129,1.0,0.17129,Industrials,30.45,-6.82,Fairly Valued,0.0951,0.088,0.0,15.2439
GLW,118894452736,75.726776,70.51912568306011,0.87,1.022,0.612,0.14904,0.388,0.05782752,Information Technology,28.0,42.52,Overvalued,0.0951,0.088,0.0,15.2439
CPAY,22855297024,21.722075,21.648936170212767,0.0,0.819,0.0,0.29071,1.0,0.29071,Financials,26.45,-4.8,Fairly Valued,0.0951,0.088,0.0,15.2439
CTVA,52747636736,44.605713,44.74285714285714,0.92,0.721,0.4,0.04974,0.6,0.029844,Materials,26.29,18.45,Overvalued,0.0951,0.088,0.0,15.2439
COST,446037622784,53.726467,53.75935828877005,0.52,0.993,0.271,0.29650998,0.729,0.21615577542,Consumer Staples,27.73,26.03,Overvalued,0.0951,0.088,0.0,15.2439
CTRA,23636158464,13.897321,13.919642857142856,2.82,0.353,0.39290002,0.12275,0.60709998,0.074521522545,Energy,22.39,-8.47,Fairly Valued,0.0951,0.088,0.0,15.2439
CRH,71597752320,19.404718,19.321234119782215,1.41,1.203,0.26860002,0.15684,0.73139998,0.1147127728632,Materials,30.92,-11.6,Fairly Valued,0.0951,0.088,0.0,15.2439
CSX,76613738496,26.753248,26.363636363636363,1.38,1.263,0.3377,0.22511,0.6623,0.149090353,Industrials,30.9,-4.54,Fairly Valued,0.0951,0.088,0.0,15.2439
CMI,77874200576,27.467348,26.812378167641327,1.42,1.127,0.3727,0.23928,0.6273,0.150100344,Industrials,29.39,-2.58,Fairly Valued,0.0951,0.088,0.0,15.2439
DHR,139546869760,39.2326,39.52286282306163,0.8,0.964,0.2545,0.07053,0.7455,0.052580115,Health Care,29.08,10.44,Fairly Valued,0.0951,0.088,0.0,15.2439
DRI,23539578880,21.213837,21.136268343815512,2.98,0.599,0.608,0.54104,0.392,0.21208768,Consumer Discretionary,22.65,-1.51,Fairly Valued,0.0951,0.088,0.0,15.2439
DVA,10210516992,16.077896,16.05894736842105,0.0,0.931,0.0,0.64848,1.0,0.64848,Health Care,24.39,-8.33,Fairly Valued,0.0951,0.088,0.0,15.2439
DECK,15511622656,15.117898,14.818181818181817,0.0,1.161,0.0,0.39688,1.0,0.39688,Consumer Discretionary,28.95,-14.13,Fairly Valued,0.0951,0.088,0.0,15.2439
DE,161975238656,33.80327,33.792559188275085,1.08,0.961,0.3655,0.19566,0.6345000000000001,0.12414627,Industrials,27.99,5.8,Fairly Valued,0.0951,0.088,0.0,15.2439
DAL,39214747648,7.838277,7.908616187989556,1.24,1.35,0.0881,0.27693,0.9119,0.252532467,Industrials,31.85,-23.94,Undervalued,0.0951,0.088,0.0,15.2439
DVN,27722713088,10.7182255,10.748201438848922,2.14,0.619,0.23020001,0.17736,0.76979999,0.1365317262264,Energy,25.08,-14.33,Fairly Valued,0.0951,0.088,0.0,15.2439
DXCM,26450903040,32.44976,32.889952153110045,0.0,1.526,0.0,0.34497002,1.0,0.34497002,Health Care,32.93,-0.04,Fairly Valued,0.0951,0.088,0.0,15.2439
FANG,51630018560,31.723778,31.968531468531474,2.3,0.569,0.6981,0.03735,0.3018999999999999,0.0112759649999999,Energy,23.83,8.14,Fairly Valued,0.0951,0.088,0.0,15.2439
DG,32665638912,25.630396,25.132987910189986,1.62,0.22,0.4076,0.16450001,0.5924,0.097449805924,Consumer Staples,20.68,4.45,Fairly Valued,0.0951,0.088,0.0,15.2439
DLTR,24164069376,22.4375,21.941287878787875,0.0,0.692,0.0,0.20066999,1.0,0.20066999,Consumer Staples,26.04,-4.1,Fairly Valued,0.0951,0.088,0.0,15.2439
D,55442583552,18.181557,18.129682997118152,4.24,0.67,0.76949996,0.09741,0.23050004,0.0224530088964,Utilities,24.6,-6.47,Fairly Valued,0.0951,0.088,0.0,15.2439
DASH,74254327808,79.87149,82.51869158878505,0.0,1.902,0.0,0.10439,1.0,0.10439,Consumer Discretionary,38.19,44.33,Overvalued,0.0951,0.088,0.0,15.2439
DOV,29180717056,26.661654,26.441102756892228,0.98,1.249,0.2597,0.15285,0.7403,0.113154855,Industrials,31.4,-4.96,Fairly Valued,0.0951,0.088,0.0,15.2439
DHI,42739236864,13.359419,13.4385805277525,1.22,1.407,0.15010001,0.13477,0.8498999899999999,0.1145410216523,Consumer Discretionary,33.49,-20.05,Undervalued,0.0951,0.088,0.0,15.2439
DTE,30966917120,21.197723,21.18918918918919,3.03,0.434,0.6309,0.12177,0.3691,0.044945307,Utilities,22.51,-1.32,Fairly Valued,0.0951,0.088,0.0,15.2439
DUK,101353840640,20.687302,20.80634920634921,3.25,0.466,0.6688,0.09724,0.3312,0.032205888,Utilities,22.81,-2.0,Fairly Valued,0.0951,0.088,0.0,15.2439
ETN,140384894976,34.66571,33.79022988505747,1.24,1.167,0.39810002,0.21525998,0.60189998,0.1295649776568004,Industrials,29.86,3.93,Fairly Valued,0.0951,0.088,0.0,15.2439
EBAY,41089060864,21.339201,21.809859154929576,1.33,1.371,0.2723,0.40847,0.7277,0.297243619,Consumer Discretionary,30.85,-9.04,Fairly Valued,0.0951,0.088,0.0,15.2439
ECL,80500244480,39.09443,38.77028885832188,0.98,0.979,0.36810002,0.22516,0.63189998,0.1422785994968,Materials,27.97,10.8,Fairly Valued,0.0951,0.088,0.0,15.2439
EIX,27597205504,6.2095237,6.123809523809523,4.96,0.777,0.2909,0.24103001,0.7091000000000001,0.170914380091,Utilities,26.08,-19.96,Undervalued,0.0951,0.088,0.0,15.2439
EW,49655496704,47.23481,46.552486187845304,0.0,0.934,0.0,0.10353,1.0,0.10353,Health Care,29.14,17.41,Overvalued,0.0951,0.088,0.0,15.2439
EA,50038226944,74.887634,74.63295880149813,0.38,0.754,0.2846,0.10027,0.7154,0.071733158,Communication Services,26.52,48.11,Overvalued,0.0951,0.088,0.0,15.2439
ELV,63719645184,11.452202,11.067830226100751,2.45,0.468,0.2713,0.1325,0.7287,0.09655275,Health Care,23.81,-12.74,Fairly Valued,0.0951,0.088,0.0,15.2439
EME,32809349120,25.998934,25.511883646683216,0.22,1.14,0.0355,0.3849,0.9645,0.37123605,Industrials,28.73,-3.22,Fairly Valued,0.0951,0.088,0.0,15.2439
EMR,80009961472,34.875,34.588235294117645,1.57,1.243,0.5239,0.09646,0.4760999999999999,0.045924606,Industrials,30.92,3.67,Fairly Valued,0.0951,0.088,0.0,15.2439
ETR,47727009792,26.946291,26.764705882352946,2.37,0.602,0.624,0.10774,0.376,0.04051024,Utilities,24.22,2.54,Fairly Valued,0.0951,0.088,0.0,15.2439
EOG,70600204288,14.266996,14.4375,3.1,0.427,0.4326,0.16829,0.5674,0.095487746,Energy,22.76,-8.32,Fairly Valued,0.0951,0.088,0.0,15.2439
EPAM,7792247296,21.021608,21.797317436661697,0.0,1.768,0.0,0.10335,1.0,0.10335,Information Technology,37.87,-16.07,Undervalued,0.0951,0.088,0.0,15.2439
EQT,38754930688,18.755287,18.80060422960725,1.06,0.722,0.1926,0.09007,0.8074,0.072722518,Energy,26.83,-8.03,Fairly Valued,0.0951,0.088,0.0,15.2439
EFX,24318472192,37.347744,38.46052631578947,1.01,1.532,0.35529998,0.13757,0.6447000199999999,0.0886913817513999,Industrials,34.03,4.43,Fairly Valued,0.0951,0.088,0.0,15.2439
EQR,24316512256,21.163822,21.221843003412967,4.45,0.735,0.9435,0.100200005,0.0564999999999999,0.0056613002824999,Real Estate,24.74,-3.52,Fairly Valued,0.0951,0.088,0.0,15.2439
ERIE,12986188800,23.231995,23.915809167446213,2.29,0.411,0.5199,0.26194,0.4800999999999999,0.125757394,Financials,21.91,2.01,Fairly Valued,0.0951,0.088,0.0,15.2439
ESS,17579524096,24.471605,24.57555341674687,4.03,0.722,0.9885,0.12235,0.0114999999999999,0.0014070249999999,Real Estate,24.41,0.17,Fairly Valued,0.0951,0.088,0.0,15.2439
EG,13227774976,8.666313,8.680867954485315,2.44,0.326,0.2116,0.10847,0.7884,0.0855177479999999,Financials,22.8,-14.12,Fairly Valued,0.0951,0.088,0.0,15.2439
EVRG,19025864704,22.57377,22.52322404371585,3.34,0.604,0.737,0.08569,0.263,0.02253647,Utilities,24.01,-1.49,Fairly Valued,0.0951,0.088,0.0,15.2439
ES,27655325696,16.151316,16.19517543859649,4.27,0.753,0.66010004,0.10777,0.33989996,0.0366310186892,Utilities,25.71,-9.51,Fairly Valued,0.0951,0.088,0.0,15.2439
EXC,50239373312,17.990843,18.0,3.42,0.515,0.5861,0.09936,0.4139,0.041125104,Utilities,23.55,-5.55,Fairly Valued,0.0951,0.088,0.0,15.2439
EXE,25738240000,14.143329,14.249669749009248,2.96,0.473,0.42139998,0.100659996,0.57860002,0.0582418756987999,Energy,23.62,-9.37,Fairly Valued,0.0951,0.088,0.0,15.2439
EXPE,28222232576,23.478083,24.62181447502548,0.7,1.41,0.16309999,0.48672,0.83690001,0.4073359728672,Consumer Discretionary,30.62,-6.0,Fairly Valued,0.0951,0.088,0.0,15.2439
EXPD,19079219200,23.926052,24.410084033613447,1.06,1.107,0.2588,0.35431,0.7412000000000001,0.262614572,Industrials,28.57,-4.16,Fairly Valued,0.0951,0.088,0.0,15.2439
XOM,624056205312,22.387146,22.48729446935725,2.74,0.348,0.597,0.110810004,0.403,0.044656431612,Energy,21.77,0.72,Fairly Valued,0.0951,0.088,0.0,15.2439
FFIV,16338585600,23.82726,23.63960231980116,0.0,0.994,0.0,0.20844,1.0,0.20844,Information Technology,28.97,-5.33,Fairly Valued,0.0951,0.088,0.0,15.2439
FDS,7937516544,13.493638,14.061068702290076,1.99,0.751,0.2761,0.28831,0.7239,0.208707609,Financials,25.5,-11.44,Fairly Valued,0.0951,0.088,0.0,15.2439
FAST,53437468672,42.692657,42.93577981651376,1.92,0.862,0.8028,0.33291,0.1972,0.065649852,Industrials,25.69,17.25,Overvalued,0.0951,0.088,0.0,15.2439
FRT,9318976512,22.939104,22.764957264957268,4.21,1.011,0.953,0.12235,0.047,0.00575045,Real Estate,27.49,-4.73,Fairly Valued,0.0951,0.088,0.0,15.2439
FDX,86463520768,20.290144,19.994462901439647,1.61,1.281,0.3132,0.15886,0.6868000000000001,0.109105048,Industrials,31.58,-11.59,Fairly Valued,0.0951,0.088,0.0,15.2439
FITB,42403528704,13.320113,13.308781869688383,3.41,0.967,0.4363,0.121929996,0.5637,0.0687319387451999,Financials,28.38,-15.07,Fairly Valued,0.0951,0.088,0.0,15.2439
FSLR,21097340928,13.845071,13.759154929577464,0.0,1.648,0.0,0.1745,1.0,0.1745,Information Technology,35.99,-22.23,Undervalued,0.0951,0.088,0.0,15.2439
FE,29451458560,28.954546,28.954545454545453,3.65,0.601,1.0,0.09195,0.0,0.0,Utilities,23.05,5.9,Fairly Valued,0.0951,0.088,0.0,15.2439
FTV,17916473344,35.477985,35.44025157232704,0.46,0.998,0.1761,0.06396,0.8239,0.052696644,Industrials,29.74,5.7,Fairly Valued,0.0951,0.088,0.0,15.2439
FOXA,24898430976,14.035971,14.211031175059953,0.94,0.537,0.1319,0.16823,0.8681,0.1460404629999999,Communication Services,24.56,-10.35,Fairly Valued,0.0951,0.088,0.0,15.2439
FOX,24901988352,12.791367,12.959232613908872,1.04,0.537,0.1319,0.16823,0.8681,0.1460404629999999,Communication Services,24.57,-11.61,Fairly Valued,0.0951,0.088,0.0,15.2439
FCX,89753247744,41.085526,39.796052631578945,0.99,1.438,0.39470002,0.13946,0.6052999800000001,0.0844151352108,Materials,32.97,6.83,Fairly Valued,0.0951,0.088,0.0,15.2439
GRMN,46359011328,28.038418,28.245634458672875,1.73,0.949,0.4016,0.19783,0.5984,0.118381472,Consumer Discretionary,27.8,0.45,Fairly Valued,0.0951,0.088,0.0,15.2439
IT,11473239040,16.495337,17.24248704663212,0.0,1.083,0.0,0.86861,1.0,0.86861,Information Technology,23.97,-6.73,Fairly Valued,0.0951,0.088,0.0,15.2439
GE,348605415424,41.054657,39.99130434782609,0.58,1.369,0.17889999,0.44692,0.82110001,0.3669660164691999,Industrials,30.39,9.6,Fairly Valued,0.0951,0.088,0.0,15.2439
GEHC,33495330816,16.152748,16.621978021978023,0.19,1.181,0.0308,0.22378,0.9692,0.216887576,Health Care,30.68,-14.06,Fairly Valued,0.0951,0.088,0.0,15.2439
GEN,13564670976,22.675259,23.247422680412377,2.22,1.095,0.5155,0.26902,0.4845,0.13034019,Information Technology,28.73,-5.48,Fairly Valued,0.0951,0.088,0.0,15.2439
GNRC,12506747904,79.22676,76.99256505576209,0.0,1.769,0.0,0.06283,1.0,0.06283,Industrials,37.36,39.63,Overvalued,0.0951,0.088,0.0,15.2439
GD,96940130304,23.190166,23.41397153945666,1.66,0.372,0.38830003,0.17658001,0.61169997,0.1080139868195997,Industrials,22.2,1.21,Fairly Valued,0.0951,0.088,0.0,15.2439
GIS,22893338624,9.226881,9.333333333333332,5.62,-0.095,0.5204,0.27173,0.4796,0.130321708,Consumer Staples,16.97,-7.64,Fairly Valued,0.0951,0.088,0.0,15.2439
GM,71503822848,23.440367,22.84097859327217,0.96,1.356,0.1743,0.04318,0.8257,0.035653726,Consumer Discretionary,33.6,-10.76,Fairly Valued,0.0951,0.088,0.0,15.2439
GILD,185058574336,22.019203,21.658788774002954,2.24,0.374,0.4661,0.40655,0.5339,0.217057045,Health Care,20.89,0.77,Fairly Valued,0.0951,0.088,0.0,15.2439
GPN,20865243136,16.827314,16.884875846501128,1.34,0.732,0.22569999,0.04824,0.77430001,0.0373522324824,Financials,27.16,-10.28,Fairly Valued,0.0951,0.088,0.0,15.2439
GL,11411093504,10.187989,10.093105899076049,0.93,0.455,0.076799996,0.20589,0.923200004,0.1900776488235599,Financials,23.61,-13.52,Fairly Valued,0.0951,0.088,0.0,15.2439
GS,251834990592,16.354694,16.206271912738604,2.16,1.336,0.2728,0.13861,0.7272000000000001,0.100797192,Financials,32.4,-16.19,Undervalued,0.0951,0.088,0.0,15.2439
HAL,29801998336,23.606667,23.1,1.96,0.753,0.45330003,0.12274,0.5466999699999999,0.0671019543177999,Energy,26.15,-3.05,Fairly Valued,0.0951,0.088,0.0,15.2439
HIG,38539837440,10.3664665,10.348837209302324,1.74,0.516,0.16219999,0.21656,0.83780001,0.1814339701656,Financials,23.92,-13.57,Fairly Valued,0.0951,0.088,0.0,15.2439
HSIC,9254346752,24.039755,23.88379204892966,0.0,0.852,0.0,0.08701,1.0,0.08701,Health Care,28.72,-4.84,Fairly Valued,0.0951,0.088,0.0,15.2439
HOLX,16859455488,31.336098,31.365145228215766,0.0,0.728,0.0,0.108559996,1.0,0.108559996,Health Care,27.18,4.19,Fairly Valued,0.0951,0.088,0.0,15.2439
HD,357020303360,25.237862,24.881069669247008,2.64,1.044,0.6465,1.45541,0.3535,0.514487435,Consumer Discretionary,24.02,0.86,Fairly Valued,0.0951,0.088,0.0,15.2439
HON,163669475328,32.042217,31.344327176781004,2.0,0.904,0.605,0.26136,0.395,0.1032372,Industrials,26.69,4.65,Fairly Valued,0.0951,0.088,0.0,15.2439
HST,13491385344,17.604546,17.418181818181818,4.17,1.154,0.72730005,0.11489,0.27269995,0.0313304972555,Real Estate,29.58,-12.16,Fairly Valued,0.0951,0.088,0.0,15.2439
HWM,102589202432,68.700806,68.50134770889487,0.18,1.188,0.118599996,0.30443,0.881400004,0.2683246032177199,Industrials,29.65,38.85,Overvalued,0.0951,0.088,0.0,15.2439
HUBB,26156040192,29.746674,29.489721886336156,1.16,0.997,0.32529998,0.24542,0.67470002,0.1655848789083999,Industrials,28.12,1.37,Fairly Valued,0.0951,0.088,0.0,15.2439
HUM,21084770304,17.768099,18.14329268292683,1.98,0.415,0.35979998,0.07039,0.64020002,0.0450636794078,Health Care,23.38,-5.24,Fairly Valued,0.0951,0.088,0.0,15.2439
HBAN,32831889408,11.63669,11.597122302158274,3.85,0.967,0.44599998,0.10095,0.5540000199999999,0.0559263020189999,Financials,28.47,-16.87,Undervalued,0.0951,0.088,0.0,15.2439
HII,16651065344,27.588427,27.931079323797135,1.28,0.28,0.35279998,0.124239996,0.64720002,0.0804081278959999,Industrials,21.63,6.3,Fairly Valued,0.0951,0.088,0.0,15.2439
IBM,235610800128,22.526907,22.72017937219731,2.65,0.706,0.6023,0.35158002,0.3977,0.139823373954,Information Technology,24.42,-1.7,Fairly Valued,0.0951,0.088,0.0,15.2439
IEX,14862854144,31.026564,30.874999999999996,1.44,0.96,0.4399,0.1234,0.5601,0.06911634,Industrials,28.22,2.65,Fairly Valued,0.0951,0.088,0.0,15.2439
IDXX,48422649856,46.432625,46.74196018376723,0.0,1.696,0.0,0.66202,1.0,0.66202,Health Care,31.09,15.65,Overvalued,0.0951,0.088,0.0,15.2439
ITW,79816990720,26.426529,26.3912213740458,2.33,1.123,0.59290004,0.93718004,0.40709996,0.3815259567967984,Industrials,26.3,0.09,Fairly Valued,0.0951,0.088,0.0,15.2439
INCY,19460632576,15.255071,15.148205928237129,0.0,0.844,0.0,0.2987,1.0,0.2987,Health Care,26.69,-11.54,Fairly Valued,0.0951,0.088,0.0,15.2439
IR,34633166848,60.45131,59.76551724137931,0.09,1.289,0.0552,0.057729997,0.9448,0.0545433011655999,Industrials,32.84,26.93,Overvalued,0.0951,0.088,0.0,15.2439
PODD,16701062144,67.97851,68.87679083094555,0.0,1.435,0.0,0.18124,1.0,0.18124,Health Care,33.28,35.6,Overvalued,0.0951,0.088,0.0,15.2439
IBKR,116178903040,30.783781,30.400900900900897,0.47,1.251,0.1363,0.23507999,0.8637,0.2030385873629999,Financials,31.02,-0.62,Fairly Valued,0.0951,0.088,0.0,15.2439
ICE,92055330816,27.980936,28.734835355285966,1.25,1.051,0.3328,0.11885,0.6672,0.07929672,Financials,29.45,-0.72,Fairly Valued,0.0951,0.088,0.0,15.2439
INTU,126904115200,29.709446,30.85798045602606,0.98,1.282,0.2915,0.23457001,0.7085,0.166192852085,Information Technology,31.08,-0.22,Fairly Valued,0.0951,0.088,0.0,15.2439
ISRG,174212694016,62.49172,62.873885350318474,0.0,1.68,0.0,0.16690001,1.0,0.16690001,Health Care,35.85,27.02,Overvalued,0.0951,0.088,0.0,15.2439
IQV,29587195904,22.238522,22.774234693877553,0.0,1.411,0.0,0.21438,1.0,0.21438,Health Care,33.1,-10.33,Fairly Valued,0.0951,0.088,0.0,15.2439
JBHT,20717606912,35.610474,35.59083469721767,0.83,1.207,0.2876,0.15787,0.7123999999999999,0.1124665879999999,Industrials,30.84,4.75,Fairly Valued,0.0951,0.088,0.0,15.2439
JBL,27255504896,39.991615,38.78683385579937,0.13,1.183,0.050100002,0.47823003,0.949899998,0.4542707045405399,Information Technology,28.15,10.64,Fairly Valued,0.0951,0.088,0.0,15.2439
JKHY,12395308032,24.571018,24.61836441893831,1.37,0.726,0.33290002,0.24284,0.6670999799999999,0.1619985591432,Financials,25.43,-0.81,Fairly Valued,0.0951,0.088,0.0,15.2439
J,15759475712,35.305557,35.62698412698413,1.07,0.734,0.3377,0.09726,0.6623,0.064415298,Industrials,26.38,9.25,Fairly Valued,0.0951,0.088,0.0,15.2439
JNJ,588931137536,22.13587,21.973731884057973,2.14,0.326,0.466,0.35029998,0.534,0.18706018932,Health Care,20.69,1.28,Fairly Valued,0.0951,0.088,0.0,15.2439
JCI,83277725696,45.65772,44.66107382550336,1.2,1.389,0.5168,0.12640001,0.4831999999999999,0.061076484832,Industrials,32.17,12.49,Fairly Valued,0.0951,0.088,0.0,15.2439
JPM,785014456320,14.531503,14.474288567149276,2.07,1.059,0.2897,0.16134001,0.7102999999999999,0.114599809103,Financials,29.41,-14.94,Fairly Valued,0.0951,0.088,0.0,15.2439
KDP,38368731136,18.457516,18.42483660130719,3.26,0.303,0.6013,0.08356,0.3987,0.033315372,Consumer Staples,21.44,-3.02,Fairly Valued,0.0951,0.088,0.0,15.2439
KEY,21733019648,13.121711,12.953947368421051,4.16,1.086,0.5395,0.09482,0.4605,0.04366461,Financials,29.45,-16.5,Undervalued,0.0951,0.088,0.0,15.2439
KEYS,49860657152,51.186066,49.738977072310405,0.0,1.137,0.0,0.17222999,1.0,0.17222999,Information Technology,30.54,19.2,Overvalued,0.0951,0.088,0.0,15.2439
KMI,74008182784,24.281021,24.30656934306569,3.51,0.648,0.85040003,0.09826,0.14959997,0.0146996930522,Energy,24.07,0.24,Fairly Valued,0.0951,0.088,0.0,15.2439
KKR,83823075328,38.67949,38.863247863247864,0.81,2.013,0.312,0.08558,0.688,0.05887904,Financials,39.31,-0.45,Fairly Valued,0.0951,0.088,0.0,15.2439
KLAC,193795801088,43.001167,41.66472303206997,0.53,1.448,0.21540001,1.00726,0.78459999,0.7902961859274,Information Technology,26.27,15.39,Overvalued,0.0951,0.088,0.0,15.2439
KR,48199901184,47.230522,47.642857142857146,1.91,0.59,0.8701,0.14405,0.1299,0.018712095,Consumer Staples,23.03,24.61,Overvalued,0.0951,0.088,0.0,15.2439
LHX,68224716800,42.709015,43.47306791569087,1.35,0.606,0.56270003,0.08191,0.43729997,0.0358192405427,Industrials,24.44,19.03,Overvalued,0.0951,0.088,0.0,15.2439
LH,22490769408,25.961721,26.18277511961723,1.05,0.974,0.2753,0.10509,0.7247,0.076158723,Health Care,28.94,-2.76,Fairly Valued,0.0951,0.088,0.0,15.2439
LRCX,275497615360,44.94672,43.26844262295082,0.49,1.787,0.20120001,0.65565,0.79879999,0.5237332134435,Information Technology,32.81,10.46,Fairly Valued,0.0951,0.088,0.0,15.2439
LW,6255532544,16.264492,16.576086956521742,3.32,0.428,0.5362,0.23164,0.4638,0.107434632,Consumer Staples,22.24,-5.66,Fairly Valued,0.0951,0.088,0.0,15.2439
LVS,37248245760,23.442554,22.94042553191489,1.95,0.888,0.4255,0.73263,0.5745,0.420895935,Consumer Discretionary,24.25,-1.31,Fairly Valued,0.0951,0.088,0.0,15.2439
LDOS,22368262144,15.718778,16.131176999101527,0.92,0.617,0.1463,0.31034002,0.8537,0.264937275074,Industrials,24.15,-8.02,Fairly Valued,0.0951,0.088,0.0,15.2439
LEN,24711356416,12.505639,12.523809523809524,2.0,1.403,0.25059998,0.08406,0.74940002,0.0629945656811999,Consumer Discretionary,33.57,-21.05,Undervalued,0.0951,0.088,0.0,15.2439
LII,18226448384,22.792763,22.67368421052632,1.01,1.142,0.2216,0.75833,0.7784,0.590284072,Industrials,26.01,-3.34,Fairly Valued,0.0951,0.088,0.0,15.2439
LLY,900997447680,43.787735,43.86211396259243,0.62,0.434,0.26139998,1.01159,0.73860002,0.7471603942318,Health Care,15.64,28.22,Overvalued,0.0951,0.088,0.0,15.2439
LIN,222450040832,32.857292,33.101984941820675,1.32,0.797,0.4107,0.17817,0.5892999999999999,0.1049955809999999,Materials,26.36,6.74,Fairly Valued,0.0951,0.088,0.0,15.2439
LMT,152236621824,30.571564,30.861988847583643,2.03,0.197,0.62119997,0.76865,0.3788000299999999,0.2911646430594999,Industrials,17.61,13.25,Fairly Valued,0.0951,0.088,0.0,15.2439
L,22655055872,13.737469,13.671679197994989,0.23,0.588,0.031400003,0.09431,0.968599997,0.09134866571707,Financials,26.04,-12.37,Fairly Valued,0.0951,0.088,0.0,15.2439
LULU,20007178240,11.732267,11.805285118219748,0.0,1.013,0.0,0.41017,1.0,0.41017,Consumer Discretionary,27.39,-15.58,Undervalued,0.0951,0.088,0.0,15.2439
MTB,32293507072,12.352734,12.266901822457376,2.88,0.588,0.3353,0.09797,0.6647000000000001,0.065120659,Financials,25.04,-12.77,Fairly Valued,0.0951,0.088,0.0,15.2439
MPC,65783840768,16.553705,16.316187594553703,1.77,0.708,0.2821,0.24193001,0.7179,0.173681554179,Energy,25.37,-9.05,Fairly Valued,0.0951,0.088,0.0,15.2439
MRSH,86224109568,20.902613,21.374109263657957,2.0,0.731,0.4069,0.29352,0.5931,0.1740867119999999,Financials,25.1,-3.73,Fairly Valued,0.0951,0.088,0.0,15.2439
MLM,36768940032,37.287155,37.46299694189602,0.54,1.149,0.1983,0.10159001,0.8017,0.0814447110169999,Materials,30.88,6.58,Fairly Valued,0.0951,0.088,0.0,15.2439
MKC,17174678528,21.836176,21.90443686006826,2.99,0.574,0.6143,0.14243001,0.3857,0.054935254857,Consumer Staples,23.87,-1.97,Fairly Valued,0.0951,0.088,0.0,15.2439
MDT,115966902272,25.230446,25.51396648044693,3.11,0.729,0.79050004,0.0939,0.20949996,0.019672046244,Health Care,25.06,0.45,Fairly Valued,0.0951,0.088,0.0,15.2439
MRK,293720424448,16.318695,16.08653846153846,2.9,0.264,0.45049998,0.36882,0.54950002,0.2026665973763999,Health Care,20.03,-3.94,Fairly Valued,0.0951,0.088,0.0,15.2439
META,1662461804544,27.966597,27.548510638297873,0.32,1.279,0.08939999,0.30238,0.91060001,0.2753472310238,Communication Services,30.81,-3.26,Fairly Valued,0.0951,0.088,0.0,15.2439
MET,46919671808,15.118896,15.025477707006369,3.21,0.745,0.4772,0.12020001,0.5227999999999999,0.062840565228,Financials,26.06,-11.03,Fairly Valued,0.0951,0.088,0.0,15.2439
MGM,9682127872,46.57895,46.89473684210526,0.0,1.396,0.0,0.1489,1.0,0.1489,Consumer Discretionary,33.37,13.52,Fairly Valued,0.0951,0.088,0.0,15.2439
MU,464430137344,39.261658,37.04281636536632,0.12,1.542,0.0437,0.22554001,0.9563,0.215683911563,Information Technology,34.12,2.92,Fairly Valued,0.0951,0.088,0.0,15.2439
MSFT,3020369690624,25.446463,25.63619286161553,0.89,1.108,0.21280001,0.34390998,0.78719999,0.2707259328169002,Information Technology,28.67,-3.03,Fairly Valued,0.0951,0.088,0.0,15.2439
MOH,7405571072,16.120796,16.371076233183857,0.0,0.5,0.0,0.11022,1.0,0.11022,Health Care,25.08,-8.71,Fairly Valued,0.0951,0.088,0.0,15.2439
MPWR,53327654912,84.490654,82.64591439688716,0.75,1.49,0.48520002,0.19173999,0.51479998,0.0987077430172002,Information Technology,32.59,50.06,Overvalued,0.0951,0.088,0.0,15.2439
MNST,75630108672,39.850513,39.03350515463917,0.0,0.437,0.0,0.26815,1.0,0.26815,Consumer Staples,22.55,16.48,Overvalued,0.0951,0.088,0.0,15.2439
MCO,81179557888,33.41062,33.89670329670329,0.89,1.442,0.2751,0.62078,0.7249,0.450003422,Financials,29.99,3.91,Fairly Valued,0.0951,0.088,0.0,15.2439
MS,258217820160,15.943137,15.730392156862743,2.49,1.207,0.3771,0.15614,0.6229,0.097259606,Financials,30.73,-15.0,Fairly Valued,0.0951,0.088,0.0,15.2439
MOS,8388488704,15.541176,15.83529411764706,3.27,0.946,0.5176,0.048249997,0.4824,0.0232757985528,Materials,28.3,-12.46,Fairly Valued,0.0951,0.088,0.0,15.2439
MSI,77101637632,36.364494,35.98036135113904,1.06,0.96,0.3514,1.04197,0.6486000000000001,0.6758217420000001,Information Technology,22.25,13.73,Fairly Valued,0.0951,0.088,0.0,15.2439
NDAQ,50121981952,28.407768,28.495145631067963,1.23,1.035,0.3398,0.15253,0.6602,0.100700306,Financials,29.06,-0.56,Fairly Valued,0.0951,0.088,0.0,15.2439
NTAP,19647586304,16.644295,16.880872483221477,2.07,1.349,0.349,1.12587,0.651,0.7329413699999999,Information Technology,26.62,-9.74,Fairly Valued,0.0951,0.088,0.0,15.2439
NFLX,410890633216,38.28656,38.86166007905138,0.0,1.714,0.0,0.42762002,1.0,0.42762002,Communication Services,33.94,4.92,Fairly Valued,0.0951,0.088,0.0,15.2439
NEM,130940641280,18.777779,18.30359937402191,0.89,0.389,0.1565,0.22343999,0.8435,0.188471631565,Materials,22.54,-4.24,Fairly Valued,0.0951,0.088,0.0,15.2439
NWSA,13886648320,31.467403,31.87012987012987,0.82,0.969,0.2597,0.06329,0.7403,0.0468535869999999,Communication Services,29.21,2.66,Fairly Valued,0.0951,0.088,0.0,15.2439
NWS,15102313472,35.493507,35.98701298701299,0.72,0.969,0.2597,0.06329,0.7403,0.0468535869999999,Communication Services,29.19,6.8,Fairly Valued,0.0951,0.088,0.0,15.2439
NEE,191538167808,27.857576,27.881818181818183,2.71,0.749,0.6867,0.083739996,0.3133,0.0262357407468,Utilities,25.58,2.3,Fairly Valued,0.0951,0.088,0.0,15.2439
NKE,83552837632,33.005848,33.058479532163744,2.9,1.286,0.9415,0.17950001,0.0584999999999999,0.010500750585,Consumer Discretionary,30.04,3.02,Fairly Valued,0.0951,0.088,0.0,15.2439
NI,22507808768,24.120512,24.11794871794872,2.55,0.616,0.5744,0.0907,0.4256,0.03860192,Utilities,24.59,-0.47,Fairly Valued,0.0951,0.088,0.0,15.2439
NDSN,15261835264,29.641388,29.41386782231853,1.21,0.99,0.3463,0.17473,0.6537,0.1142210009999999,Industrials,28.46,0.95,Fairly Valued,0.0951,0.088,0.0,15.2439
NSC,67968970752,23.719435,23.70141065830721,1.79,1.303,0.42349997,0.19248,0.57650003,0.1109647257744,Industrials,31.35,-7.65,Fairly Valued,0.0951,0.088,0.0,15.2439
NTRS,25899751424,15.946796,15.836384439359266,2.28,1.266,0.3547,0.13492,0.6453,0.087063876,Financials,31.51,-15.67,Undervalued,0.0951,0.088,0.0,15.2439
NOC,105470124032,25.421396,25.708290333677333,1.24,0.007,0.3091,0.26167,0.6909000000000001,0.180787803,Industrials,18.06,7.65,Fairly Valued,0.0951,0.088,0.0,15.2439
NCLH,9334129664,22.271738,22.51086956521739,0.0,2.044,0.0,0.23285,1.0,0.23285,Consumer Discretionary,39.43,-16.92,Undervalued,0.0951,0.088,0.0,15.2439
NRG,33726400512,39.60224,38.758104738154614,1.22,1.265,0.4389,0.41548002,0.5610999999999999,0.2331258392219999,Utilities,29.66,9.1,Fairly Valued,0.0951,0.088,0.0,15.2439
NUE,39148560384,22.74734,22.53590425531915,1.32,1.768,0.29389998,0.09361,0.70610002,0.0660980228722,Materials,37.05,-14.51,Fairly Valued,0.0951,0.088,0.0,15.2439
NVR,19354818560,15.620781,15.748172422485505,0.0,1.036,0.0,0.33185002,1.0,0.33185002,Consumer Discretionary,28.28,-12.53,Fairly Valued,0.0951,0.088,0.0,15.2439
NXPI,52587909120,26.210327,25.85012594458438,1.98,1.44,0.5102,0.20698999,0.4898,0.101383697102,Information Technology,32.5,-6.65,Fairly Valued,0.0951,0.088,0.0,15.2439
OXY,52661706752,39.551853,40.56296296296296,1.89,0.351,0.7111,0.05929,0.2889,0.017128881,Energy,21.43,19.13,Overvalued,0.0951,0.088,0.0,15.2439
ODFL,41405673472,40.997932,40.83229813664596,0.59,1.219,0.2314,0.2393,0.7686,0.18392598,Industrials,30.48,10.35,Fairly Valued,0.0951,0.088,0.0,15.2439
OKE,54120452096,15.8551655,15.859778597785978,4.84,0.88,0.7601,0.15489,0.2399,0.037158111,Energy,26.63,-10.77,Fairly Valued,0.0951,0.088,0.0,15.2439
ORCL,434347016192,28.406954,28.488721804511275,1.32,1.648,0.35709998,0.69026,0.64290002,0.4437681678052,Information Technology,31.9,-3.41,Fairly Valued,0.0951,0.088,0.0,15.2439
PCAR,63433388032,26.74501,26.75609756097561,1.09,1.046,0.2927,0.12922,0.7073,0.091397306,Industrials,29.45,-2.69,Fairly Valued,0.0951,0.088,0.0,15.2439
PKG,20059486208,25.983683,25.967365967365968,2.24,0.896,0.5828,0.17198,0.4172,0.071750056,Materials,27.03,-1.06,Fairly Valued,0.0951,0.088,0.0,15.2439
PANW,134803193856,91.77778,91.7222222222222,0.0,0.822,0.0,0.16259001,1.0,0.16259001,Information Technology,27.01,64.71,Overvalued,0.0951,0.088,0.0,15.2439
PH,120115847168,34.719627,34.00839109813936,0.77,1.218,0.2565,0.25781,0.7435,0.191681735,Industrials,30.32,3.69,Fairly Valued,0.0951,0.088,0.0,15.2439
PAYX,34514722816,21.753393,22.23981900452489,4.4,0.889,0.9548,0.40884998,0.0452,0.018480019096,Industrials,26.12,-3.88,Fairly Valued,0.0951,0.088,0.0,15.2439
PAYC,7238822912,16.337051,17.131350681536553,1.08,0.812,0.1856,0.27417,0.8144,0.223284048,Industrials,26.31,-9.18,Fairly Valued,0.0951,0.088,0.0,15.2439
PYPL,42200522752,8.336931,8.532347504621072,1.21,1.459,0.025899999,0.25732002,0.974100001,0.25065543173932,Financials,33.24,-24.71,Undervalued,0.0951,0.088,0.0,15.2439
PNR,15089418240,23.463104,23.460559796437657,1.13,1.212,0.2545,0.17478001,0.7455,0.130298497455,Industrials,30.9,-7.44,Fairly Valued,0.0951,0.088,0.0,15.2439
PEP,221427073024,27.035059,26.96661101836394,3.52,0.375,0.9371,0.42848,0.0628999999999999,0.0269513919999999,Consumer Staples,20.8,6.17,Fairly Valued,0.0951,0.088,0.0,15.2439
PCG,40266772480,15.525424,15.398305084745765,1.1,0.308,0.105900005,0.08207,0.894099995,0.07337878658965,Utilities,23.1,-7.7,Fairly Valued,0.0951,0.088,0.0,15.2439
PSX,65940426752,15.249768,15.106580166821132,3.12,0.871,0.4402,0.15427,0.5598000000000001,0.086360346,Energy,27.22,-12.11,Fairly Valued,0.0951,0.088,0.0,15.2439
PNW,12290033664,20.128712,20.055445544554455,3.59,0.492,0.7119,0.09059,0.2881,0.026098979,Utilities,22.97,-2.91,Fairly Valued,0.0951,0.088,0.0,15.2439
PNC,84424785920,12.586497,12.377335744424352,3.31,0.974,0.3978,0.12158,0.6022000000000001,0.073215476,Financials,28.55,-16.17,Undervalued,0.0951,0.088,0.0,15.2439
POOL,7949021696,19.668156,19.771428571428572,2.33,1.247,0.4562,0.33058998,0.5438000000000001,0.179774831124,Consumer Discretionary,30.03,-10.26,Fairly Valued,0.0951,0.088,0.0,15.2439
PPG,24146370560,15.612717,15.64306358381503,2.62,1.123,0.4017,0.21077,0.5983,0.126103691,Materials,29.51,-13.87,Fairly Valued,0.0951,0.088,0.0,15.2439
PPL,28647329792,23.981133,23.91509433962264,2.98,0.689,0.6855,0.08157,0.3145,0.025653765,Utilities,25.02,-1.1,Fairly Valued,0.0951,0.088,0.0,15.2439
PFG,19995435008,17.336191,17.259047619047617,3.45,0.876,0.58669996,0.10524,0.41330004,0.0434956962096,Financials,27.14,-9.88,Fairly Valued,0.0951,0.088,0.0,15.2439
PG,364892618752,23.134073,22.995555555555555,2.72,0.34,0.6188,0.31562,0.3812,0.120314344,Consumer Staples,20.87,2.13,Fairly Valued,0.0951,0.088,0.0,15.2439
PGR,122061873152,10.833593,10.75403016120645,6.72,0.29,0.7228,0.40448,0.2772,0.112121856,Financials,20.18,-9.43,Fairly Valued,0.0951,0.088,0.0,15.2439
PRU,33315780608,9.583083,9.602602602602603,5.68,0.966,0.5405,0.11359999,0.4595,0.052199195405,Financials,28.17,-18.57,Undervalued,0.0951,0.088,0.0,15.2439
PEG,41679159296,19.786636,19.755924170616115,3.19,0.582,0.59720004,0.12757,0.4027999599999999,0.0513851908971999,Utilities,24.07,-4.31,Fairly Valued,0.0951,0.088,0.0,15.2439
PTC,19100065792,23.67404,24.10324483775811,0.0,1.042,0.0,0.23141001,1.0,0.23141001,Information Technology,29.23,-5.13,Fairly Valued,0.0951,0.088,0.0,15.2439
PHM,24294858752,11.359713,11.390287769784171,0.82,1.298,0.08270001,0.17673999,0.91729999,0.1621235910596001,Consumer Discretionary,32.2,-20.81,Undervalued,0.0951,0.088,0.0,15.2439
PWR,85764841472,84.04985,83.29032258064515,0.08,1.109,0.060300004,0.12739,0.939699996,0.11970838249044,Industrials,30.3,52.99,Overvalued,0.0951,0.088,0.0,15.2439
QCOM,145649303552,27.49395,27.84475806451613,2.58,1.267,0.7097,0.2148,0.2903,0.06235644,Information Technology,30.36,-2.52,Fairly Valued,0.0951,0.088,0.0,15.2439
DGX,22508779520,23.12457,23.037714285714287,1.71,0.63,0.36,0.14751,0.64,0.0944064,Health Care,25.02,-1.98,Fairly Valued,0.0951,0.088,0.0,15.2439
RL,21209677824,23.809395,23.425459496255957,1.06,1.488,0.24229999,0.33846,0.75770001,0.2564511453845999,Consumer Discretionary,32.52,-9.09,Fairly Valued,0.0951,0.088,0.0,15.2439
RJF,29924587520,14.798828,14.7646484375,1.43,1.007,0.19940001,0.17124,0.80059999,0.1370947422876,Financials,29.03,-14.27,Fairly Valued,0.0951,0.088,0.0,15.2439
RTX,278799843328,41.876007,41.98185483870967,1.31,0.406,0.53830004,0.109519996,0.46169996,0.0505653777724001,Industrials,22.38,19.6,Overvalued,0.0951,0.088,0.0,15.2439
REGN,82604695552,18.827831,18.833734939759037,0.48,0.397,0.0849,0.14864999,0.9151,0.136029605849,Health Care,23.41,-4.58,Fairly Valued,0.0951,0.088,0.0,15.2439
RF,23715125248,11.758696,11.721739130434784,3.88,1.041,0.44779998,0.1165,0.55220002,0.06433130233,Financials,29.13,-17.41,Undervalued,0.0951,0.088,0.0,15.2439
RSG,69351530496,32.657433,33.54810495626822,1.09,0.521,0.3518,0.18301001,0.6482,0.118627088482,Industrials,23.68,9.87,Fairly Valued,0.0951,0.088,0.0,15.2439
RMD,36209127424,24.512352,24.99308300395257,0.95,0.887,0.2235,0.25676,0.7765,0.1993741399999999,Health Care,27.1,-2.11,Fairly Valued,0.0951,0.088,0.0,15.2439
RVTY,10296773632,44.08738,44.713592233009706,0.3,1.107,0.1359,0.03216,0.8641,0.027789456,Health Care,31.13,13.58,Fairly Valued,0.0951,0.088,0.0,15.2439
HOOD,71682555904,38.839027,38.707317073170735,0.0,2.479,0.0,0.21993999,1.0,0.21993999,Financials,43.75,-5.04,Fairly Valued,0.0951,0.088,0.0,15.2439
ROK,42252951552,42.949142,42.92,1.47,1.522,0.6069,0.23736,0.3931,0.093306216,Industrials,32.82,10.1,Fairly Valued,0.0951,0.088,0.0,15.2439
ROL,27263496192,51.99082,52.81651376146789,1.27,0.796,0.6228,0.38944,0.3772,0.1468967679999999,Industrials,24.98,27.84,Overvalued,0.0951,0.088,0.0,15.2439
ROP,38012157952,24.869719,25.567605633802817,1.0,0.927,0.2324,0.07929,0.7676000000000001,0.060863004,Information Technology,28.79,-3.22,Fairly Valued,0.0951,0.088,0.0,15.2439
ROST,69752905728,32.398037,32.046827794561935,0.84,0.98,0.2451,0.36678,0.7549,0.276882222,Consumer Discretionary,27.18,4.87,Fairly Valued,0.0951,0.088,0.0,15.2439
RCL,78286348288,18.401602,18.625,1.46,1.926,0.2242,0.47731,0.7758,0.370297098,Consumer Discretionary,36.1,-17.48,Undervalued,0.0951,0.088,0.0,15.2439
SPGI,132320567296,29.828669,30.394539249146757,0.87,1.221,0.2619,0.13087,0.7381,0.0965951469999999,Financials,31.25,-0.86,Fairly Valued,0.0951,0.088,0.0,15.2439
CRM,182433890304,24.993582,25.5186136071887,0.89,1.307,0.2133,0.123959996,0.7867,0.0975193288532,Information Technology,32.32,-6.8,Fairly Valued,0.0951,0.088,0.0,15.2439
SLB,72414674944,20.52766,20.080851063829787,2.5,0.709,0.48509997,0.13904001,0.51490003,0.0715917053202002,Energy,25.56,-5.48,Fairly Valued,0.0951,0.088,0.0,15.2439
SRE,61287854080,34.114548,34.00363636363637,2.81,0.7,0.9382,0.051909998,0.0617999999999999,0.0032080378763999,Utilities,24.19,9.81,Fairly Valued,0.0951,0.088,0.0,15.2439
NOW,124285288448,70.532936,73.0119760479042,0.0,1.019,0.0,0.15488,1.0,0.15488,Information Technology,29.31,43.7,Overvalued,0.0951,0.088,0.0,15.2439
SHW,82810044416,32.542843,32.4634858812074,0.96,1.244,0.308,0.59391,0.692,0.41098572,Materials,28.27,4.19,Fairly Valued,0.0951,0.088,0.0,15.2439
SPG,62972694528,13.676076,13.453069865913902,4.49,1.397,0.6034,1.04109,0.3965999999999999,0.412896294,Real Estate,29.05,-15.6,Undervalued,0.0951,0.088,0.0,15.2439
SNA,19490353152,19.51875,19.456770833333337,2.61,0.749,0.4617,0.18327999,0.5383,0.098659618617,Industrials,25.79,-6.33,Fairly Valued,0.0951,0.088,0.0,15.2439
SO,108502589440,24.727041,24.808673469387756,3.04,0.41,0.75,0.11043,0.25,0.0276075,Utilities,21.94,2.87,Fairly Valued,0.0951,0.088,0.0,15.2439
LUV,22434187264,54.911392,54.46835443037975,1.67,1.094,0.9114,0.04812,0.0886,0.004263432,Industrials,27.84,26.63,Overvalued,0.0951,0.088,0.0,15.2439
STT,34481119232,13.132979,12.971276595744682,2.76,1.416,0.3404,0.11078,0.6596,0.073070488,Financials,33.25,-20.28,Undervalued,0.0951,0.088,0.0,15.2439
STLD,26721781760,22.907385,22.823529411764707,1.11,1.395,0.25030002,0.13284001,0.7496999799999999,0.0995901528401998,Materials,33.06,-10.24,Fairly Valued,0.0951,0.088,0.0,15.2439
STE,22076696576,31.371687,31.76011157601116,1.08,1.036,0.33470002,0.10468,0.66529998,0.0696436019064,Health Care,29.38,2.38,Fairly Valued,0.0951,0.088,0.0,15.2439
SYK,138385965056,42.947147,43.458432304038006,0.96,0.869,0.4048,0.15079,0.5952,0.089750208,Health Care,27.21,16.25,Overvalued,0.0951,0.088,0.0,15.2439
SMCI,19230435328,23.375914,23.343065693430656,0.0,1.487,0.0,0.13193,1.0,0.13193,Information Technology,34.68,-11.34,Fairly Valued,0.0951,0.088,0.0,15.2439
SYF,23846928384,7.1346984,7.232758620689657,1.79,1.412,0.123900004,0.21304001,0.876099996,0.1866443519088399,Financials,32.97,-25.74,Undervalued,0.0951,0.088,0.0,15.2439
SNPS,83459743744,66.92473,67.16129032258065,0.0,1.156,0.0,0.055430003,1.0,0.055430003,Information Technology,31.57,35.59,Overvalued,0.0951,0.088,0.0,15.2439
SYY,40838414336,22.983826,22.830188679245285,2.55,0.595,0.5741,0.82345,0.4258999999999999,0.3507073549999999,Consumer Staples,21.39,1.44,Fairly Valued,0.0951,0.088,0.0,15.2439
TMUS,244695695360,22.507202,22.37654320987654,1.88,0.412,0.3765,0.18177,0.6234999999999999,0.1133335949999999,Communication Services,22.6,-0.22,Fairly Valued,0.0951,0.088,0.0,15.2439
TROW,19678429184,9.758658,9.79978354978355,5.74,1.553,0.5498,0.18791,0.4502,0.084597082,Financials,33.87,-24.07,Undervalued,0.0951,0.088,0.0,15.2439
TPR,30393559040,57.563953,56.3953488372093,1.1,1.597,0.5814,0.55337,0.4185999999999999,0.231640682,Consumer Discretionary,32.12,24.28,Overvalued,0.0951,0.088,0.0,15.2439
TRGP,50682601472,27.739517,27.616470588235295,1.7,0.853,0.44169998,0.51381,0.55830002,0.2868601332762,Energy,25.08,2.54,Fairly Valued,0.0951,0.088,0.0,15.2439
TGT,55133294592,14.9754,14.777367773677735,3.8,1.105,0.556,0.24034001,0.4439999999999999,0.1067109644399999,Consumer Staples,28.96,-14.18,Fairly Valued,0.0951,0.088,0.0,15.2439
TEL,61510361088,30.151081,29.674820143884897,1.38,1.245,0.40060002,0.16097,0.59939998,0.0964854147806,Information Technology,30.97,-1.3,Fairly Valued,0.0951,0.088,0.0,15.2439
TDY,30957602816,34.886772,34.60634920634921,0.0,0.975,0.0,0.08926,1.0,0.08926,Information Technology,29.82,4.79,Fairly Valued,0.0951,0.088,0.0,15.2439
TER,47755829248,87.90778,85.42939481268012,0.18,1.801,0.1383,0.19734,0.8617,0.1700478779999999,Information Technology,36.25,49.18,Overvalued,0.0951,0.088,0.0,15.2439
TPL,36128129024,75.2931,77.55603448275862,0.44,0.731,0.3061,0.37152,0.6939,0.257797728,Energy,24.41,53.15,Overvalued,0.0951,0.088,0.0,15.2439
TXT,16265029632,18.240234,18.38671875,0.08,0.935,0.0156,0.12242,0.9844,0.120510248,Industrials,29.22,-10.83,Fairly Valued,0.0951,0.088,0.0,15.2439
TMO,186994032640,28.358873,28.730704225352113,0.35,0.971,0.096999995,0.13024001,0.903000005,0.1176067296812,Health Care,29.19,-0.46,Fairly Valued,0.0951,0.088,0.0,15.2439
TJX,178893783040,33.00616,32.47227926078028,1.07,0.736,0.3388,0.59129,0.6612,0.390960948,Consumer Discretionary,23.23,9.24,Fairly Valued,0.0951,0.088,0.0,15.2439
TTD,13236921344,30.9,31.73333333333333,0.0,1.19,0.0,0.16317,1.0,0.16317,Communication Services,31.3,0.43,Fairly Valued,0.0951,0.088,0.0,15.2439
TSCO,26928132096,24.834951,24.597087378640776,1.89,0.698,0.4466,0.45183998,0.5534,0.250048244932,Consumer Discretionary,23.88,0.72,Fairly Valued,0.0951,0.088,0.0,15.2439
TT,96405463040,33.13796,32.58536585365854,0.98,1.188,0.2861,0.36956,0.7139,0.263828884,Industrials,29.23,3.36,Fairly Valued,0.0951,0.088,0.0,15.2439
TRV,67884888064,11.090743,11.00911078717201,1.45,0.502,0.1586,0.20698999,0.8414,0.174161377586,Financials,23.86,-12.85,Fairly Valued,0.0951,0.088,0.0,15.2439
TRMB,16472458240,39.33807,40.02840909090909,0.0,1.574,0.0,0.07322,1.0,0.07322,Information Technology,35.93,4.1,Fairly Valued,0.0951,0.088,0.0,15.2439
TFC,58529783808,12.265707,12.238219895287958,4.45,0.861,0.5445,0.08236,0.4555,0.03751498,Financials,27.23,-14.99,Fairly Valued,0.0951,0.088,0.0,15.2439
TYL,15185001472,49.063892,51.020833333333336,0.0,0.934,0.0,0.08901,1.0,0.08901,Information Technology,29.22,21.8,Overvalued,0.0951,0.088,0.0,15.2439
USB,81297907712,11.325866,11.283549783549784,3.91,1.041,0.4416,0.12184,0.5584,0.068035456,Financials,29.12,-17.84,Undervalued,0.0951,0.088,0.0,15.2439
UBER,151068655616,15.371037,15.610993657505285,0.0,1.215,0.0,0.39925998,1.0,0.39925998,Industrials,29.46,-13.85,Fairly Valued,0.0951,0.088,0.0,15.2439
ULTA,28994691072,24.80434,24.63444572305332,0.0,0.847,0.0,0.47967,1.0,0.47967,Consumer Discretionary,24.89,-0.26,Fairly Valued,0.0951,0.088,0.0,15.2439
UNP,150684352512,21.214495,21.18713450292398,2.18,0.952,0.4541,0.40377,0.5459,0.220418043,Industrials,26.69,-5.5,Fairly Valued,0.0951,0.088,0.0,15.2439
UAL,29997561856,9.084314,9.266666666666667,0.0,1.247,0.0,0.23987,1.0,0.23987,Industrials,31.3,-22.03,Undervalued,0.0951,0.088,0.0,15.2439
UPS,86175326208,15.471036,15.234756097560975,6.56,1.054,1.0,0.33772,0.0,0.0,Industrials,28.01,-12.78,Fairly Valued,0.0951,0.088,0.0,15.2439
URI,50665504768,20.644283,21.277676950998185,0.96,1.654,0.18540001,0.28357,0.81459999,0.2309961191643,Industrials,34.68,-13.4,Fairly Valued,0.0951,0.088,0.0,15.2439
UNH,258433466368,21.520786,21.55479969765684,3.1,0.38,0.65989995,0.12538,0.34010005,0.042641744269,Health Care,21.87,-0.32,Fairly Valued,0.0951,0.088,0.0,15.2439
UHS,11551483904,8.1896925,8.251624079688177,0.42,1.261,0.0346,0.21326,0.9654,0.205881204,Health Care,31.63,-23.38,Undervalued,0.0951,0.088,0.0,15.2439
VLO,67114295296,29.029022,28.489445910290236,2.22,0.734,0.5971,0.08299,0.4029,0.033436671,Energy,25.7,2.79,Fairly Valued,0.0951,0.088,0.0,15.2439
VLTO,22869428224,24.496012,25.01595744680851,0.55,1.106,0.1223,0.36498,0.8777,0.320342946,Industrials,28.53,-3.51,Fairly Valued,0.0951,0.088,0.0,15.2439
VZ,213920956416,12.492611,12.426108374384238,5.61,0.281,0.5037,0.17069,0.4962999999999999,0.084713447,Communication Services,21.16,-8.73,Fairly Valued,0.0951,0.088,0.0,15.2439
VRTX,128444768256,33.04706,30.12222222222222,0.0,0.315,0.0,0.22541,1.0,0.22541,Health Care,21.86,8.26,Fairly Valued,0.0951,0.088,0.0,15.2439
VICI,31673049088,11.353985,11.302681992337163,6.04,0.699,0.67620003,0.10217,0.32379997,0.0330826429349,Real Estate,25.18,-13.88,Fairly Valued,0.0951,0.088,0.0,15.2439
V,609110130688,29.664038,29.66854460093897,0.85,0.791,0.2291,0.53954,0.7709,0.415931386,Financials,23.99,5.68,Fairly Valued,0.0951,0.088,0.0,15.2439
VST,56743108608,76.8211,75.05504587155963,0.56,1.45,0.41349998,0.17656,0.58650002,0.1035524435312,Utilities,32.58,42.48,Overvalued,0.0951,0.088,0.0,15.2439
VMC,35960086528,33.393253,33.6601226993865,0.76,1.059,0.24049999,0.12972,0.75950001,0.0985223412972,Materials,29.68,3.98,Fairly Valued,0.0951,0.088,0.0,15.2439
WRB,25902245888,15.316855,15.334831460674156,0.53,0.336,0.0787,0.19700001,0.9213,0.181496109213,Financials,22.44,-7.11,Fairly Valued,0.0951,0.088,0.0,15.2439
GWW,53076471808,31.576805,31.549646393210747,0.81,1.092,0.2494,0.46098998,0.7505999999999999,0.346019078988,Industrials,27.62,3.93,Fairly Valued,0.0951,0.088,0.0,15.2439
WAB,42694848512,36.511696,36.111111111111114,0.43,0.979,0.1464,0.11096,0.8536,0.094715456,Industrials,29.26,6.85,Fairly Valued,0.0951,0.088,0.0,15.2439
WMT,999875280896,45.770073,45.379562043795616,0.8,0.657,0.3443,0.21847,0.6557,0.143250779,Consumer Staples,24.8,20.58,Overvalued,0.0951,0.088,0.0,15.2439
DIS,180140654592,14.960236,14.9720176730486,1.48,1.443,0.1841,0.12024,0.8159,0.098103816,Communication Services,33.87,-18.9,Undervalued,0.0951,0.088,0.0,15.2439
WBD,69220302848,96.2069,95.6896551724138,0.0,1.675,0.0,0.02078,1.0,0.02078,Communication Services,36.43,59.26,Overvalued,0.0951,0.088,0.0,15.2439
WM,95848710144,35.4158,36.73770491803278,1.39,0.533,0.4925,0.29696,0.5075000000000001,0.1507072,Industrials,22.93,13.81,Fairly Valued,0.0951,0.088,0.0,15.2439
WAT,29746450432,28.180298,28.407992565055764,0.0,1.203,0.0,0.29279,1.0,0.29279,Health Care,30.22,-1.81,Fairly Valued,0.0951,0.088,0.0,15.2439
WEC,37629796352,24.032225,24.031185031185032,3.3,0.534,0.7422,0.11576,0.2578,0.029842928,Utilities,23.2,0.83,Fairly Valued,0.0951,0.088,0.0,15.2439
WFC,247297081344,12.584664,12.5926517571885,2.28,1.071,0.2716,0.11732,0.7283999999999999,0.085455888,Financials,29.89,-17.3,Undervalued,0.0951,0.088,0.0,15.2439
WST,17036683264,34.786766,36.47941176470589,0.35,1.179,0.1252,0.16855,0.8748,0.14744754,Health Care,30.84,5.64,Fairly Valued,0.0951,0.088,0.0,15.2439
WDC,94574469120,26.120396,24.745986779981116,0.19,1.853,0.0307,0.41126,0.9693,0.398634318,Information Technology,35.72,-10.97,Fairly Valued,0.0951,0.088,0.0,15.2439
WSM,22670993408,20.914648,20.737885462555067,1.4,1.558,0.2811,0.56918997,0.7189,0.409190669433,Consumer Discretionary,31.71,-10.97,Fairly Valued,0.0951,0.088,0.0,15.2439
WMB,90713284608,34.700935,34.19626168224299,2.87,0.649,0.9346,0.18555,0.0654,0.01213497,Energy,23.6,10.6,Fairly Valued,0.0951,0.088,0.0,15.2439
WTW,27955245056,17.94499,18.11124769514444,1.3,0.622,0.22629999,0.20076,0.77370001,0.1553280140076,Financials,24.9,-6.79,Fairly Valued,0.0951,0.088,0.0,15.2439
WDAY,37927350272,54.845562,57.196911196911195,0.0,1.167,0.0,0.08231,1.0,0.08231,Information Technology,31.58,25.62,Overvalued,0.0951,0.088,0.0,15.2439
XEL,51394969600,24.087717,24.005847953216374,2.89,0.426,0.6667,0.09358,0.3333,0.031190214,Utilities,22.4,1.61,Fairly Valued,0.0951,0.088,0.0,15.2439
XYL,30180423680,31.622448,31.510204081632654,1.39,1.169,0.4082,0.08396,0.5918,0.049687528,Industrials,30.61,0.9,Fairly Valued,0.0951,0.088,0.0,15.2439
ZBRA,10950717440,26.393164,26.102564102564106,0.0,1.679,0.0,0.116809994,1.0,0.116809994,Information Technology,36.75,-10.65,Fairly Valued,0.0951,0.088,0.0,15.2439
ZBH,18436829184,26.205633,26.27605633802817,1.03,0.591,0.27040002,0.05599,0.7295999799999999,0.0408503028801999,Health Care,25.47,0.81,Fairly Valued,0.0951,0.088,0.0,15.2439
ZTS,53766950912,20.266678,20.32558139534884,1.73,0.954,0.33220002,0.65992,0.6677999800000001,0.4406945628016,Health Care,25.12,-4.79,Fairly Valued,0.0951,0.088,0.0,15.2439
