Ticker,Market Cap,PE Ratio (TTM),PE Ratio (Current),Dividend Yield,Beta,Payout Ratio,Return on Equity (ROE),Retention Ratio,EPS Growth (ROE x Retention),Sector,Predicted PE (Index),PE Difference (Index),Valuation Signal (Index),Index R²,Index Adj R²,Index F p-value,Index Residual SE
MMM,74740588544,27.61079,27.60886319845857,2.18,1.09,0.5723,0.71458,0.4276999999999999,0.3056258659999999,Industrials,28.25,-0.64,Fairly Valued,0.1785,0.1719,0.0,13.6988
AOS,8054704640,15.584,15.626666666666669,2.42,1.217,0.37330002,0.28267,0.6266999799999999,0.1771492833465999,Industrials,30.48,-14.85,Undervalued,0.1785,0.1719,0.0,13.6988
ABT,143020277760,23.0,23.619047619047617,2.99,0.647,0.67230004,0.123339996,0.32769996,0.0404185117556001,Health Care,23.99,-0.37,Fairly Valued,0.1785,0.1719,0.0,13.6988
ACN,106199482368,14.144262,14.788524590163934,3.61,1.071,0.5098,0.24763,0.4901999999999999,0.1213882259999999,Information Technology,29.13,-14.34,Undervalued,0.1785,0.1719,0.0,13.6988
ADBE,99073458176,14.2838,14.745920745920746,0.0,1.417,0.0,0.58774,1.0,0.58774,Information Technology,29.87,-15.12,Undervalued,0.1785,0.1719,0.0,13.6988
AES,10219621376,7.463594,7.463541666666667,4.91,0.957,0.3666,0.052600004,0.6334,0.0333168425336,Utilities,27.78,-20.32,Undervalued,0.1785,0.1719,0.0,13.6988
AFL,58543439872,13.145143,12.925714285714283,2.16,0.619,0.26860002,0.16469,0.73139998,0.1204542627062,Financials,22.11,-9.18,Fairly Valued,0.1785,0.1719,0.0,13.6988
A,31753195520,24.803532,25.52317880794702,0.88,1.219,0.22049999,0.19945998,0.77950001,0.1554790564045998,Health Care,30.23,-4.71,Fairly Valued,0.1785,0.1719,0.0,13.6988
APD,67539050496,31.993671,31.161392405063292,2.45,0.776,0.7566,0.12353,0.2433999999999999,0.0300672019999999,Materials,26.04,5.12,Fairly Valued,0.1785,0.1719,0.0,13.6988
ABNB,82133655552,34.111107,34.93580246913581,0.0,1.208,0.0,0.32325,1.0,0.32325,Consumer Discretionary,28.34,6.6,Fairly Valued,0.1785,0.1719,0.0,13.6988
AKAM,22519040000,52.284748,50.07118644067796,0.0,0.454,0.0,0.091680005,1.0,0.091680005,Information Technology,18.74,31.33,Overvalued,0.1785,0.1719,0.0,13.6988
ALGN,11719231488,27.455536,28.318791946308725,0.0,1.695,0.0,0.10824,1.0,0.10824,Health Care,36.85,-8.53,Fairly Valued,0.1785,0.1719,0.0,13.6988
ALLE,11361581056,18.061476,18.35655737704918,1.58,0.903,0.2842,0.34179002,0.7158,0.244653296316,Industrials,25.32,-6.96,Fairly Valued,0.1785,0.1719,0.0,13.6988
LNT,18719879168,22.792454,22.566037735849054,2.91,0.566,0.64699996,0.113120005,0.3530000399999999,0.0399313662898001,Utilities,22.79,-0.22,Fairly Valued,0.1785,0.1719,0.0,13.6988
ALL,54862835712,4.714112,4.714664897146649,2.03,0.207,0.090299994,0.45221,0.909700006,0.41137543971326,Financials,14.04,-9.33,Fairly Valued,0.1785,0.1719,0.0,13.6988
GOOGL,4736290390016,29.819221,30.565446224256295,0.22,1.267,0.0641,0.38884997,0.9359,0.3639246869229999,Communication Services,29.1,1.47,Fairly Valued,0.1785,0.1719,0.0,13.6988
GOOG,4693644279808,29.573282,30.30916030534351,0.22,1.267,0.0641,0.38884997,0.9359,0.3639246869229999,Communication Services,29.1,1.21,Fairly Valued,0.1785,0.1719,0.0,13.6988
AMZN,2898074009600,32.187588,32.57825567502987,0.0,1.468,0.0,0.24285,1.0,0.24285,Consumer Discretionary,32.61,-0.03,Fairly Valued,0.1785,0.1719,0.0,13.6988
AEE,30384822272,19.753597,19.616906474820144,2.75,0.511,0.518,0.117469996,0.482,0.0566205380719999,Utilities,21.59,-1.97,Fairly Valued,0.1785,0.1719,0.0,13.6988
AEP,70937681920,19.286242,19.254437869822485,2.92,0.552,0.55619997,0.12585,0.44380003,0.0558522337755,Utilities,22.28,-3.03,Fairly Valued,0.1785,0.1719,0.0,13.6988
AXP,213643231232,19.544943,19.72721598002497,1.2,1.084,0.21290001,0.34419,0.78709999,0.2709119455581,Financials,27.54,-7.81,Fairly Valued,0.1785,0.1719,0.0,13.6988
AIG,40104796160,13.316902,13.443661971830986,2.62,0.541,0.3169,0.07723,0.6831,0.052755813,Financials,21.59,-8.15,Fairly Valued,0.1785,0.1719,0.0,13.6988
AMT,82230124544,28.467743,28.47258064516129,3.9,0.9,0.8226,0.29952,0.1774,0.053134848,Real Estate,27.85,0.62,Fairly Valued,0.1785,0.1719,0.0,13.6988
AWK,24523329536,22.265959,22.17198581560284,2.86,0.634,0.5869,0.10217,0.4131,0.042206427,Utilities,23.59,-1.42,Fairly Valued,0.1785,0.1719,0.0,13.6988
AMP,41638981632,11.542112,11.601295788686768,1.46,1.201,0.1595,0.66936,0.8405,0.56259708,Financials,27.35,-15.75,Undervalued,0.1785,0.1719,0.0,13.6988
AME,53437538304,35.21828,35.105740181268885,0.59,1.033,0.1918,0.14626999,0.8082,0.1182154059179999,Industrials,27.73,7.38,Fairly Valued,0.1785,0.1719,0.0,13.6988
AMGN,177098391552,22.83844,23.098885793871865,3.04,0.435,0.6722,1.01318,0.3278,0.332120404,Health Care,18.96,4.14,Fairly Valued,0.1785,0.1719,0.0,13.6988
APH,150574546944,35.170975,36.79022988505747,0.78,1.297,0.2385,0.36825,0.7615000000000001,0.280422375,Information Technology,30.49,6.3,Fairly Valued,0.1785,0.1719,0.0,13.6988
ADI,204467224576,76.70605,76.28571428571428,0.98,1.194,0.7239,0.07862,0.2761,0.021706982,Information Technology,31.36,44.93,Overvalued,0.1785,0.1719,0.0,13.6988
AON,66293215232,17.054668,17.186263736263736,1.05,0.714,0.16360001,0.46447,0.83639999,0.3884827033553,Financials,21.4,-4.21,Fairly Valued,0.1785,0.1719,0.0,13.6988
APA,13009472512,8.579254,8.28904428904429,2.81,0.374,0.2331,0.26217,0.7669,0.201058173,Energy,18.05,-9.76,Fairly Valued,0.1785,0.1719,0.0,13.6988
AMAT,352680214528,45.579487,44.65205128205128,0.49,1.654,0.1826,0.38863,0.8174,0.317666162,Information Technology,35.1,9.55,Fairly Valued,0.1785,0.1719,0.0,13.6988
APTV,11842284544,33.309525,34.48809523809524,0.0,1.308,0.0,0.040799998,1.0,0.040799998,Consumer Discretionary,31.67,2.82,Fairly Valued,0.1785,0.1719,0.0,13.6988
ACGL,32751779840,7.210769,7.215384615384616,0.0,0.33,0.0,0.21305999,1.0,0.21305999,Financials,16.86,-9.64,Fairly Valued,0.1785,0.1719,0.0,13.6988
ADM,38358917120,35.53125,34.669642857142854,2.68,0.578,0.9152,0.047659997,0.0847999999999999,0.0040415677455999,Consumer Staples,23.67,11.0,Fairly Valued,0.1785,0.1719,0.0,13.6988
ANET,172248072192,47.00859,48.718213058419245,0.0,1.673,0.0,0.31520998,1.0,0.31520998,Information Technology,34.89,13.83,Overvalued,0.1785,0.1719,0.0,13.6988
AJG,50681810944,31.917477,32.17961165048544,1.41,0.545,0.42880002,0.07007,0.57119998,0.0400239825986,Financials,21.9,10.28,Fairly Valued,0.1785,0.1719,0.0,13.6988
AIZ,11995235328,12.408765,12.284469502819066,1.4,0.556,0.1722,0.18016,0.8278,0.1491364479999999,Financials,20.81,-8.53,Fairly Valued,0.1785,0.1719,0.0,13.6988
T,172006113280,8.143092,8.276315789473685,4.41,0.417,0.3651,0.18370001,0.6349,0.116631136349,Communication Services,19.54,-11.26,Fairly Valued,0.1785,0.1719,0.0,13.6988
ATO,30361047040,22.400246,22.274630541871925,2.21,0.648,0.46060002,0.096,0.53939998,0.05178239808,Utilities,23.42,-1.15,Fairly Valued,0.1785,0.1719,0.0,13.6988
ADSK,49509335040,44.833652,46.74952198852772,0.0,1.322,0.0,0.39675,1.0,0.39675,Information Technology,29.35,17.4,Overvalued,0.1785,0.1719,0.0,13.6988
ADP,84204019712,19.668533,19.8874883286648,3.19,0.841,0.6045,0.71208,0.3954999999999999,0.28162764,Industrials,25.0,-5.11,Fairly Valued,0.1785,0.1719,0.0,13.6988
AVB,25874147328,23.076302,22.838709677419356,3.87,0.798,0.8711,0.09719,0.1289,0.012527791,Real Estate,26.87,-4.03,Fairly Valued,0.1785,0.1719,0.0,13.6988
AVY,12389147648,18.239864,18.413288288288285,2.45,0.847,0.4234,0.30857,0.5766,0.177921462,Materials,25.31,-6.9,Fairly Valued,0.1785,0.1719,0.0,13.6988
BKR,64087633920,20.638977,20.415335463258785,1.44,0.97,0.29389998,0.17184,0.70610002,0.1213362274368,Energy,27.12,-6.7,Fairly Valued,0.1785,0.1719,0.0,13.6988
BALL,15394373632,16.857141,17.06122448979592,1.37,1.065,0.2332,0.16785999,0.7668,0.1287150403319999,Materials,28.28,-11.22,Fairly Valued,0.1785,0.1719,0.0,13.6988
BAC,359016529920,12.5533495,12.732009925558312,2.18,1.221,0.273,0.10644,0.727,0.07738188,Financials,30.99,-18.26,Undervalued,0.1785,0.1719,0.0,13.6988
BDX,39710883840,25.195805,26.124125874125877,2.81,0.285,0.7295,0.06672,0.2704999999999999,0.01804776,Health Care,19.07,7.05,Fairly Valued,0.1785,0.1719,0.0,13.6988
BRK-B,1030997671936,14.226489,14.164880952380951,0.0,0.622,0.0,0.10499,1.0,0.10499,Financials,21.66,-7.5,Fairly Valued,0.1785,0.1719,0.0,13.6988
BBY,12185555968,11.475199,11.785714285714285,6.46,1.247,0.754,0.37041,0.246,0.09112086,Consumer Discretionary,32.68,-20.89,Undervalued,0.1785,0.1719,0.0,13.6988
TECH,7469895168,68.15714,69.08571428571429,0.66,1.405,0.4571,0.053400002,0.5428999999999999,0.0289908610858,Health Care,33.93,35.16,Overvalued,0.1785,0.1719,0.0,13.6988
BIIB,29181214720,21.253225,20.8010752688172,0.0,0.195,0.0,0.077010006,1.0,0.077010006,Health Care,15.58,5.22,Fairly Valued,0.1785,0.1719,0.0,13.6988
BLK,167542489088,27.186146,27.3256926952141,2.11,1.456,0.5376,0.118990004,0.4624,0.0550209778496,Financials,35.12,-7.79,Fairly Valued,0.1785,0.1719,0.0,13.6988
XYZ,43555344384,57.171875,58.47656249999999,0.0,2.57,0.0,0.03743,1.0,0.03743,Financials,49.21,9.27,Fairly Valued,0.1785,0.1719,0.0,13.6988
BK,90622615552,16.380892,16.19106699751861,1.62,1.068,0.2556,0.13472,0.7444,0.1002855679999999,Financials,28.58,-12.39,Fairly Valued,0.1785,0.1719,0.0,13.6988
BSX,79193006080,22.292885,22.564853556485353,0.0,0.623,0.0,0.14661,1.0,0.14661,Health Care,21.27,1.29,Fairly Valued,0.1785,0.1719,0.0,13.6988
BMY,113192009728,15.526611,15.731092436974787,4.49,0.259,0.7003,0.38731998,0.2996999999999999,0.1160797980059999,Health Care,18.08,-2.35,Fairly Valued,0.1785,0.1719,0.0,13.6988
AVGO,2026911563776,83.61328,83.984375,0.6,1.44,0.47169998,0.33370999,0.52830002,0.1762989943911998,Information Technology,33.38,50.6,Overvalued,0.1785,0.1719,0.0,13.6988
BR,17174678528,15.898822,16.00642398286938,2.61,0.901,0.407,0.42314,0.593,0.25092202,Industrials,25.56,-9.55,Fairly Valued,0.1785,0.1719,0.0,13.6988
BRO,18728562688,17.998371,18.33387622149837,1.14,0.657,0.2052,0.11926,0.7948,0.094787848,Financials,22.65,-4.32,Fairly Valued,0.1785,0.1719,0.0,13.6988
BF-B,12440042496,15.767442,16.093023255813954,3.31,0.346,0.5294,0.20417,0.4706,0.096082402,Consumer Staples,19.02,-2.93,Fairly Valued,0.1785,0.1719,0.0,13.6988
BLDR,8078821888,28.66794,29.541984732824428,0.0,1.485,0.0,0.06958,1.0,0.06958,Industrials,34.08,-4.54,Fairly Valued,0.1785,0.1719,0.0,13.6988
BG,24617017344,33.389473,32.87894736842105,2.24,0.627,0.7368,0.04933,0.2632,0.012983656,Consumer Staples,23.96,8.92,Fairly Valued,0.1785,0.1719,0.0,13.6988
CHRW,20145682432,34.667343,34.76470588235294,1.47,0.943,0.5061,0.34838,0.4939,0.172064882,Industrials,26.86,7.9,Fairly Valued,0.1785,0.1719,0.0,13.6988
CDNS,100019159040,84.72663,84.7429906542056,0.0,1.131,0.0,0.20656,1.0,0.20656,Information Technology,27.66,57.08,Overvalued,0.1785,0.1719,0.0,13.6988
CPB,6083679232,11.089674,11.326086956521738,7.49,-0.005,0.8478,0.13891,0.1522,0.021142102,Consumer Staples,15.39,-4.06,Fairly Valued,0.1785,0.1719,0.0,13.6988
COF,114545442816,56.463192,58.122699386503065,1.69,1.05,0.86120003,0.03259,0.13879997,0.0045234910223,Financials,29.88,28.24,Overvalued,0.1785,0.1719,0.0,13.6988
CCL,35140022272,11.175903,11.62114537444934,0.57,2.331,0.0661,0.27853,0.9339,0.260119167,Consumer Discretionary,45.75,-34.13,Undervalued,0.1785,0.1719,0.0,13.6988
CARR,54876446720,44.046665,44.553333333333335,1.44,1.377,0.61,0.09907,0.39,0.0386373,Industrials,34.06,10.49,Fairly Valued,0.1785,0.1719,0.0,13.6988
CVNA,61169594368,44.7907,45.31395348837209,0.0,3.55,0.0,0.60172004,1.0,0.60172004,Consumer Discretionary,61.14,-15.83,Undervalued,0.1785,0.1719,0.0,13.6988
CASY,32387602432,50.072205,49.25444126074499,0.27,0.65,0.1269,0.17882,0.8731,0.156127742,Consumer Staples,21.72,27.53,Overvalued,0.1785,0.1719,0.0,13.6988
CAT,426900160512,46.11199,44.649253731343286,0.67,1.625,0.2958,0.51331,0.7041999999999999,0.361472902,Industrials,34.65,10.0,Fairly Valued,0.1785,0.1719,0.0,13.6988
CBOE,36325330944,29.641333,29.76601195559351,0.8,0.372,0.2383,0.2514,0.7617,0.19149138,Financials,17.92,11.85,Fairly Valued,0.1785,0.1719,0.0,13.6988
CBRE,42997186560,33.525112,33.40867579908676,0.0,1.278,0.0,0.15597,1.0,0.15597,Real Estate,30.48,2.93,Fairly Valued,0.1785,0.1719,0.0,13.6988
CDW,13113891840,12.503045,12.763702801461632,2.4,1.035,0.3057,0.44157,0.6942999999999999,0.3065820509999999,Information Technology,26.86,-14.1,Undervalued,0.1785,0.1719,0.0,13.6988
COR,50401038336,19.850573,20.006130268199232,0.92,0.645,0.1762,1.0713401,0.8238,0.88256997438,Health Care,16.9,3.11,Fairly Valued,0.1785,0.1719,0.0,13.6988
CNP,27605952512,25.88957,25.595092024539877,2.21,0.476,0.546,0.09561,0.4539999999999999,0.04340694,Utilities,21.21,4.39,Fairly Valued,0.1785,0.1719,0.0,13.6988
CF,19060785152,11.177477,10.362162162162162,1.74,0.417,0.18020001,0.273,0.81979999,0.22380539727,Materials,18.37,-8.01,Fairly Valued,0.1785,0.1719,0.0,13.6988
SCHW,153625051136,17.430418,17.616302186878727,1.44,0.797,0.22469999,0.19083,0.77530001,0.1479505009083,Financials,24.32,-6.7,Fairly Valued,0.1785,0.1719,0.0,13.6988
CHTR,20805455872,3.9862049,4.188801731133352,0.0,0.757,0.0,0.27504998,1.0,0.27504998,Communication Services,22.5,-18.31,Undervalued,0.1785,0.1719,0.0,13.6988
CMG,41002590208,29.325687,29.807339449541285,0.0,1.03,0.0,0.49231997,1.0,0.49231997,Consumer Discretionary,24.66,5.15,Fairly Valued,0.1785,0.1719,0.0,13.6988
CB,124000804864,11.312986,11.310686482661003,1.21,0.44,0.1372,0.15433,0.8628,0.133155924,Financials,19.21,-7.9,Fairly Valued,0.1785,0.1719,0.0,13.6988
CHD,21516847104,29.87171,30.73684210526316,1.32,0.482,0.3923,0.16779,0.6077,0.101965983,Consumer Staples,20.5,10.24,Fairly Valued,0.1785,0.1719,0.0,13.6988
CI,76608585728,11.912793,11.849444672974084,2.17,0.313,0.2582,0.16268998,0.7418,0.120683427164,Health Care,17.76,-5.91,Fairly Valued,0.1785,0.1719,0.0,13.6988
CINF,25184546816,9.308748,9.233847913093197,2.33,0.598,0.203,0.18735,0.7969999999999999,0.1493179499999999,Financials,21.49,-12.26,Fairly Valued,0.1785,0.1719,0.0,13.6988
CTAS,65510264832,34.544308,35.22573839662447,1.08,0.962,0.3671,0.41303003,0.6329,0.261406705987,Industrials,26.19,9.04,Fairly Valued,0.1785,0.1719,0.0,13.6988
CSCO,386220556288,35.17266,34.73741007194245,1.74,0.912,0.5899,0.23754999,0.4101,0.097419250899,Information Technology,27.11,7.63,Fairly Valued,0.1785,0.1719,0.0,13.6988
C,215567876096,15.622991,15.519159456118665,1.91,1.124,0.2917,0.07649,0.7082999999999999,0.054177867,Financials,29.8,-14.28,Undervalued,0.1785,0.1719,0.0,13.6988
CFG,26324402176,14.751185,15.101895734597155,2.89,1.041,0.41709998,0.07739,0.5829000200000001,0.0451106325478,Financials,28.98,-13.88,Undervalued,0.1785,0.1719,0.0,13.6988
CME,102513270784,24.118074,23.9769820971867,1.85,0.26,0.4309,0.15919,0.5690999999999999,0.090595029,Financials,17.53,6.45,Fairly Valued,0.1785,0.1719,0.0,13.6988
CMS,22631452672,20.23757,20.058011049723756,3.14,0.371,0.6079,0.103719994,0.3921,0.0406686096473999,Utilities,19.92,0.14,Fairly Valued,0.1785,0.1719,0.0,13.6988
KO,336174481408,24.570755,24.660377358490564,2.7,0.356,0.64779997,0.43372002,0.35220003,0.1527562040556006,Consumer Staples,19.0,5.66,Fairly Valued,0.1785,0.1719,0.0,13.6988
CTSH,23333091328,10.700651,11.210412147505425,2.55,0.803,0.2733,0.14876,0.7267,0.108103892,Information Technology,24.82,-13.61,Fairly Valued,0.1785,0.1719,0.0,13.6988
COIN,56717541376,79.14893,73.95588235294117,0.0,3.381,0.0,0.06686,1.0,0.06686,Financials,59.7,14.26,Overvalued,0.1785,0.1719,0.0,13.6988
CL,69080342528,33.461243,33.934108527131784,2.42,0.304,0.8062,3.6357698,0.1937999999999999,0.7046121872399999,Consumer Staples,13.68,20.25,Overvalued,0.1785,0.1719,0.0,13.6988
CMCSA,89037799424,4.8872547,4.979411764705882,5.2,0.689,0.2588,0.20918,0.7412000000000001,0.155044216,Communication Services,22.88,-17.9,Undervalued,0.1785,0.1719,0.0,13.6988
FIX,71909539840,59.10717,56.49218749999999,0.13,1.705,0.065,0.53294,0.935,0.4982989,Industrials,34.05,22.44,Overvalued,0.1785,0.1719,0.0,13.6988
COP,140871335936,19.598305,19.15762711864407,2.95,0.149,0.5492,0.112840004,0.4508,0.0508682738032,Energy,16.54,2.62,Fairly Valued,0.1785,0.1719,0.0,13.6988
ED,39270522880,17.969646,17.927487352445194,3.27,0.288,0.5797,0.08732,0.4203,0.0367005959999999,Utilities,18.71,-0.78,Fairly Valued,0.1785,0.1719,0.0,13.6988
STZ,24635015168,14.899999,15.438541666666667,2.78,0.424,0.4246,0.22636999,0.5754,0.130253292246,Consumer Staples,19.65,-4.21,Fairly Valued,0.1785,0.1719,0.0,13.6988
CEG,108442042368,40.394062,40.97570850202429,0.56,1.155,0.20959999,0.16364,0.7904000099999999,0.1293410576364,Utilities,29.41,11.57,Fairly Valued,0.1785,0.1719,0.0,13.6988
COO,11537115136,29.417912,29.85074626865672,0.0,0.894,0.0,0.04868,1.0,0.04868,Health Care,25.73,4.12,Fairly Valued,0.1785,0.1719,0.0,13.6988
CPRT,31962572800,20.867924,21.345911949685533,0.0,1.02,0.0,0.17129,1.0,0.17129,Industrials,26.79,-5.44,Fairly Valued,0.1785,0.1719,0.0,13.6988
GLW,179350470656,100.188705,89.875,0.6,1.136,0.5385,0.1674,0.4615,0.0772551,Information Technology,29.94,59.94,Overvalued,0.1785,0.1719,0.0,13.6988
CPAY,22597302272,20.485611,20.622901678657076,0.0,0.816,0.0,0.32124,1.0,0.32124,Financials,22.87,-2.25,Fairly Valued,0.1785,0.1719,0.0,13.6988
CTVA,55303049216,44.695946,43.854054054054046,0.89,0.593,0.3838,0.051370002,0.6162000000000001,0.0316541952324,Materials,22.46,21.39,Overvalued,0.1785,0.1719,0.0,13.6988
COST,439770578944,51.44006,52.35028541774779,0.58,0.908,0.27040002,0.29650998,0.7295999799999999,0.2163336754778003,Consumer Staples,25.44,26.91,Overvalued,0.1785,0.1719,0.0,13.6988
CRH,75005468672,20.825603,21.10575139146568,1.37,1.228,0.2783,0.15812,0.7217,0.114115204,Materials,30.8,-9.69,Fairly Valued,0.1785,0.1719,0.0,13.6988
CSX,83030941696,27.414112,27.503067484662576,1.25,1.238,0.3252,0.23684,0.6748000000000001,0.159819632,Industrials,30.72,-3.22,Fairly Valued,0.1785,0.1719,0.0,13.6988
CMI,96600629248,36.404575,35.33801352054082,1.15,1.268,0.4062,0.21993999,0.5938,0.130600366062,Industrials,31.51,3.83,Fairly Valued,0.1785,0.1719,0.0,13.6988
DHR,117762203648,32.30771,33.234951456310675,0.93,0.841,0.2636,0.0708,0.7363999999999999,0.0521371199999999,Health Care,25.62,7.61,Fairly Valued,0.1785,0.1719,0.0,13.6988
DRI,22357231616,20.547369,20.65578947368421,3.06,0.594,0.6217,0.51539004,0.3782999999999999,0.1949720521319999,Consumer Discretionary,22.09,-1.43,Fairly Valued,0.1785,0.1719,0.0,13.6988
DVA,12724355072,19.080364,19.11934552454283,0.0,0.836,0.0,0.80981004,1.0,0.80981004,Health Care,19.89,-0.77,Fairly Valued,0.1785,0.1719,0.0,13.6988
DECK,13772695552,13.7819605,14.264204545454543,0.0,1.141,0.0,0.39688,1.0,0.39688,Consumer Discretionary,27.06,-12.8,Fairly Valued,0.1785,0.1719,0.0,13.6988
DE,157802070016,32.988144,32.458498023715414,1.13,0.969,0.3655,0.19566,0.6345000000000001,0.12414627,Industrials,27.22,5.24,Fairly Valued,0.1785,0.1719,0.0,13.6988
DAL,47159054336,10.478832,10.705109489051097,1.02,1.252,0.103999995,0.2499,0.896000005,0.2239104012495,Industrials,30.03,-19.32,Undervalued,0.1785,0.1719,0.0,13.6988
DVN,53844631552,13.008357,12.70473537604457,2.28,0.478,0.2674,0.15178001,0.7325999999999999,0.1111940353259999,Energy,20.18,-7.48,Fairly Valued,0.1785,0.1719,0.0,13.6988
DXCM,22774224896,25.330473,26.012875536480685,0.0,1.398,0.0,0.35624,1.0,0.35624,Health Care,30.9,-4.89,Fairly Valued,0.1785,0.1719,0.0,13.6988
DG,23106144256,15.316789,16.538686131386864,2.08,0.282,0.3445,0.18992001,0.6555,0.1244925665549999,Consumer Staples,17.46,-0.92,Fairly Valued,0.1785,0.1719,0.0,13.6988
DLTR,17604151296,15.219697,15.865319865319863,0.0,0.609,0.0,0.31693,1.0,0.31693,Consumer Staples,20.0,-4.13,Fairly Valued,0.1785,0.1719,0.0,13.6988
D,54631768064,18.324482,18.25663716814159,4.31,0.636,0.78760004,0.09787,0.21239996,0.0207875840852,Utilities,24.32,-6.06,Fairly Valued,0.1785,0.1719,0.0,13.6988
DASH,68965556224,75.01422,77.69194312796209,0.0,1.871,0.0,0.09922,1.0,0.09922,Consumer Discretionary,38.59,39.1,Overvalued,0.1785,0.1719,0.0,13.6988
DOV,29684086784,27.554375,27.47875,0.94,1.213,0.2594,0.14998001,0.7405999999999999,0.1110751954059999,Industrials,30.54,-3.06,Fairly Valued,0.1785,0.1719,0.0,13.6988
DHI,41340235776,13.701127,13.874999999999998,1.22,1.414,0.1596,0.13084,0.8404,0.109957936,Consumer Discretionary,33.27,-19.4,Undervalued,0.1785,0.1719,0.0,13.6988
DTE,29652355072,23.4827,23.16309719934102,3.26,0.413,0.7418,0.10423,0.2582,0.0269121859999999,Utilities,20.91,2.25,Fairly Valued,0.1785,0.1719,0.0,13.6988
DUK,97293615104,19.229586,19.13251155624037,3.43,0.402,0.65230006,0.09661,0.34769994,0.0335912912034,Utilities,20.53,-1.4,Fairly Valued,0.1785,0.1719,0.0,13.6988
ETN,162519089152,40.873047,39.2099609375,1.1,1.24,0.4129,0.20844999,0.5871,0.1223809891289999,Industrials,31.16,8.05,Fairly Valued,0.1785,0.1719,0.0,13.6988
EBAY,47627878400,24.773672,24.862124711316397,1.15,1.385,0.2725,0.42875,0.7275,0.311915625,Consumer Discretionary,31.68,-6.82,Fairly Valued,0.1785,0.1719,0.0,13.6988
ECL,70415663104,33.81081,34.35405405405405,1.15,0.929,0.3735,0.22427,0.6265000000000001,0.140505155,Materials,26.56,7.79,Fairly Valued,0.1785,0.1719,0.0,13.6988
EIX,27047168000,7.640218,7.4945652173913055,5.09,0.675,0.3707,0.18864,0.6293,0.118711152,Utilities,23.18,-15.69,Undervalued,0.1785,0.1719,0.0,13.6988
EW,44636012544,41.9027,43.221621621621615,0.0,0.872,0.0,0.1046,1.0,0.1046,Health Care,24.9,18.32,Overvalued,0.1785,0.1719,0.0,13.6988
EA,50110803968,57.048435,57.105413105413106,0.38,0.656,0.2165,0.1349,0.7835,0.1056941499999999,Communication Services,22.36,34.75,Overvalued,0.1785,0.1719,0.0,13.6988
ELV,82717171712,16.146675,16.026706231454007,1.82,0.671,0.2903,0.12086,0.7097,0.0857743419999999,Health Care,23.13,-7.1,Fairly Valued,0.1785,0.1719,0.0,13.6988
EME,41617911808,31.39234,30.95868323815922,0.14,1.169,0.038599998,0.39229,0.961400002,0.37714760678458,Industrials,27.54,3.42,Fairly Valued,0.1785,0.1719,0.0,13.6988
EMR,78357929984,32.384235,32.710648148148145,1.57,1.255,0.50119996,0.12328,0.49880004,0.0614920689312,Industrials,32.04,0.67,Fairly Valued,0.1785,0.1719,0.0,13.6988
ETR,51703439360,28.805485,28.46683673469388,2.29,0.529,0.6327,0.10751,0.3672999999999999,0.0394884229999999,Utilities,22.18,6.29,Fairly Valued,0.1785,0.1719,0.0,13.6988
EOG,70855573504,13.080629,12.785644051130776,3.14,0.279,0.3923,0.18195,0.6077,0.110571015,Energy,17.66,-4.87,Fairly Valued,0.1785,0.1719,0.0,13.6988
EPAM,5116821504,14.071839,14.257183908045976,0.0,1.453,0.0,0.10932,1.0,0.10932,Information Technology,33.51,-19.25,Undervalued,0.1785,0.1719,0.0,13.6988
EQT,35577188352,10.793169,10.618595825426944,1.18,0.588,0.1224,0.13402,0.8776,0.117615952,Energy,21.39,-10.77,Fairly Valued,0.1785,0.1719,0.0,13.6988
EFX,20393881600,29.763205,30.95598591549296,1.27,1.347,0.36270002,0.1437,0.63729998,0.091580007126,Industrials,32.82,-1.86,Fairly Valued,0.1785,0.1719,0.0,13.6988
ERIE,11263499264,19.725733,19.77106227106227,2.71,0.32,0.5179,0.2585,0.4821,0.12462285,Financials,18.41,1.36,Fairly Valued,0.1785,0.1719,0.0,13.6988
EG,13847487488,7.1255345,7.157809000203624,2.28,0.341,0.16290002,0.13822,0.83709998,0.1157039592356,Financials,18.03,-10.87,Fairly Valued,0.1785,0.1719,0.0,13.6988
EVRG,19178682368,22.127659,21.75,3.4,0.544,0.72470003,0.08866999,0.2752999699999999,0.0244108455869002,Utilities,22.78,-1.03,Fairly Valued,0.1785,0.1719,0.0,13.6988
ES,25313945600,14.413276,14.241970021413277,4.74,0.749,0.65199995,0.10912,0.34800005,0.037973765456,Utilities,25.49,-11.25,Fairly Valued,0.1785,0.1719,0.0,13.6988
EXC,45266731008,16.20513,16.084249084249084,3.83,0.416,0.5934,0.09764,0.4065999999999999,0.039700424,Utilities,20.56,-4.48,Fairly Valued,0.1785,0.1719,0.0,13.6988
EXE,23200413696,7.215774,7.136532738095239,3.32,0.352,0.2374,0.17568001,0.7626,0.1339735756259999,Energy,18.22,-11.08,Fairly Valued,0.1785,0.1719,0.0,13.6988
EXPE,26499674112,19.487202,20.298323036187114,0.77,1.3,0.14840001,0.71494,0.85159999,0.6088428968506,Consumer Discretionary,28.31,-8.01,Fairly Valued,0.1785,0.1719,0.0,13.6988
EXPD,20266086400,25.032309,25.31340872374798,1.03,1.033,0.2488,0.36641,0.7512,0.275247192,Industrials,26.85,-1.54,Fairly Valued,0.1785,0.1719,0.0,13.6988
XOM,617928720384,25.097643,24.338383838383837,2.85,0.183,0.6801,0.09873,0.3198999999999999,0.031583727,Energy,17.42,6.92,Fairly Valued,0.1785,0.1719,0.0,13.6988
FFIV,20182857728,29.37028,29.066502463054185,0.0,1.001,0.0,0.2034,1.0,0.2034,Information Technology,26.24,2.83,Fairly Valued,0.1785,0.1719,0.0,13.6988
FDS,7945993216,14.035393,14.38931788931789,2.08,0.69,0.2831,0.28084,0.7169,0.201334196,Financials,22.6,-8.21,Fairly Valued,0.1785,0.1719,0.0,13.6988
FAST,49509011456,38.163715,39.088495575221245,2.08,0.744,0.7965,0.33842,0.2035,0.06886847,Industrials,25.31,13.78,Overvalued,0.1785,0.1719,0.0,13.6988
FRT,10011260928,19.961872,20.048526863084923,3.91,0.928,0.7782,0.14783,0.2218,0.032788694,Real Estate,28.39,-8.34,Fairly Valued,0.1785,0.1719,0.0,13.6988
FDX,90708746240,20.28602,20.2017075773746,1.53,1.303,0.3059,0.15869,0.6940999999999999,0.1101467289999999,Industrials,31.98,-11.78,Fairly Valued,0.1785,0.1719,0.0,13.6988
FITB,44223471616,16.429293,16.60942760942761,3.24,0.955,0.5286,0.07969,0.4714,0.037565866,Financials,28.09,-11.48,Fairly Valued,0.1785,0.1719,0.0,13.6988
FSLR,25447104512,15.29845,14.208656330749353,0.0,1.564,0.0,0.18436001,1.0,0.18436001,Information Technology,34.57,-20.36,Undervalued,0.1785,0.1719,0.0,13.6988
FE,25664991232,24.11413,24.092391304347824,4.2,0.472,0.96739995,0.094610006,0.0326000499999999,0.0030842909261002,Utilities,22.45,1.64,Fairly Valued,0.1785,0.1719,0.0,13.6988
FTV,18431897600,35.564705,35.54705882352941,0.43,1.005,0.1526,0.06814,0.8473999999999999,0.057741836,Industrials,27.62,7.93,Fairly Valued,0.1785,0.1719,0.0,13.6988
FOXA,28518551552,16.076738,15.093525179856115,0.89,0.526,0.1319,0.16823,0.8681,0.1460404629999999,Communication Services,20.29,-5.2,Fairly Valued,0.1785,0.1719,0.0,13.6988
FOX,25813032960,14.5515585,13.573141486810552,0.99,0.526,0.1319,0.16823,0.8681,0.1460404629999999,Communication Services,20.3,-6.73,Fairly Valued,0.1785,0.1719,0.0,13.6988
BEN,16376364032,24.057253,23.70229007633588,4.25,1.591,0.9924,0.06704,0.0076,0.000509504,Financials,39.03,-15.33,Undervalued,0.1785,0.1719,0.0,13.6988
FCX,93151993856,34.285717,32.61904761904762,0.97,1.316,0.3175,0.15630999,0.6825,0.106681568175,Materials,32.15,0.47,Fairly Valued,0.1785,0.1719,0.0,13.6988
GRMN,46893953024,27.137835,26.795758928571427,1.75,0.956,0.4018,0.19899,0.5982000000000001,0.119035818,Consumer Discretionary,27.18,-0.38,Fairly Valued,0.1785,0.1719,0.0,13.6988
IT,10278454272,15.169961,15.676877470355732,0.0,0.909,0.0,0.94878,1.0,0.94878,Information Technology,20.25,-4.57,Fairly Valued,0.1785,0.1719,0.0,13.6988
GE,313751896064,37.303104,36.91304347826086,0.63,1.352,0.1925,0.45428002,0.8075,0.36683111615,Industrials,30.56,6.35,Fairly Valued,0.1785,0.1719,0.0,13.6988
GEHC,28046352384,14.785371,15.22062350119904,0.22,0.868,0.042,0.19462,0.958,0.18644596,Health Care,24.67,-9.45,Fairly Valued,0.1785,0.1719,0.0,13.6988
GEV,290808758272,31.624779,30.39596727060199,0.14,1.313,0.0511,0.75708,0.9489,0.718393212,Industrials,27.25,3.15,Fairly Valued,0.1785,0.1719,0.0,13.6988
GEN,13454820352,14.149681,14.45031847133758,2.2,1.094,0.3185,0.39876997,0.6815,0.2717617345549999,Information Technology,27.95,-13.5,Fairly Valued,0.1785,0.1719,0.0,13.6988
GNRC,15949291520,84.40186,83.92834890965733,0.0,1.937,0.0,0.07388,1.0,0.07388,Industrials,39.48,44.45,Overvalued,0.1785,0.1719,0.0,13.6988
GD,92588531712,21.519485,21.7806411062225,1.76,0.345,0.3833,0.17974001,0.6167,0.110845664167,Industrials,18.51,3.27,Fairly Valued,0.1785,0.1719,0.0,13.6988
GIS,17856972800,8.180928,8.47921760391198,7.04,-0.034,0.5941,0.23591,0.4059,0.095755869,Consumer Staples,13.86,-5.38,Fairly Valued,0.1785,0.1719,0.0,13.6988
GM,67949490176,27.50365,28.75912408759124,0.91,1.29,0.2299,0.040149998,0.7701,0.0309195134598,Consumer Discretionary,32.11,-3.35,Fairly Valued,0.1785,0.1719,0.0,13.6988
GILD,164979818496,18.078913,17.868027210884357,2.5,0.332,0.43400002,0.4336,0.56599998,0.2454175913279999,Health Care,17.57,0.3,Fairly Valued,0.1785,0.1719,0.0,13.6988
GPN,18735884288,28.435682,28.709543568464728,1.45,0.757,0.4149,0.02935,0.5851,0.017172685,Financials,25.06,3.65,Fairly Valued,0.1785,0.1719,0.0,13.6988
GL,11938658304,10.648199,10.462603878116346,0.87,0.5,0.0789,0.20455,0.9211,0.188411005,Financials,19.56,-9.1,Fairly Valued,0.1785,0.1719,0.0,13.6988
GS,278885269504,17.25721,17.095290251916758,1.92,1.274,0.2831,0.14548,0.7169,0.104294612,Financials,31.56,-14.46,Undervalued,0.1785,0.1719,0.0,13.6988
HAL,33699946496,22.287294,22.005524861878452,1.71,0.742,0.3757,0.14626999,0.6243000000000001,0.091316354757,Energy,24.28,-2.27,Fairly Valued,0.1785,0.1719,0.0,13.6988
HIG,36048203776,9.254046,9.29064039408867,1.82,0.504,0.1576,0.22735001,0.8424,0.191519648424,Financials,19.78,-10.49,Fairly Valued,0.1785,0.1719,0.0,13.6988
HSIC,7834055168,20.776434,21.39577039274924,0.0,0.822,0.0,0.08762,1.0,0.08762,Health Care,24.54,-3.14,Fairly Valued,0.1785,0.1719,0.0,13.6988
HD,308818345984,21.803797,22.32419127988748,2.94,0.999,0.6465,1.45541,0.3535,0.514487435,Consumer Discretionary,25.83,-3.51,Fairly Valued,0.1785,0.1719,0.0,13.6988
HON,138941120512,34.971294,33.99043062200957,2.23,0.811,0.74120003,0.24264,0.25879997,0.0627952247208,Industrials,26.25,7.74,Fairly Valued,0.1785,0.1719,0.0,13.6988
HST,15180059648,14.884353,15.149659863945578,3.59,1.116,0.5442,0.1487,0.4558,0.06777746,Real Estate,30.24,-15.09,Undervalued,0.1785,0.1719,0.0,13.6988
HWM,109207339008,63.475582,62.92093023255814,0.18,1.191,0.1067,0.33818,0.8933,0.302096194,Industrials,28.37,34.55,Overvalued,0.1785,0.1719,0.0,13.6988
HUBB,26092212224,29.217752,29.146745562130175,1.15,0.949,0.32389998,0.25822002,0.67610002,0.1745825606864004,Industrials,26.51,2.64,Fairly Valued,0.1785,0.1719,0.0,13.6988
HUM,33223419904,29.501066,29.31343283582089,1.29,0.683,0.3778,0.062800005,0.6222,0.039074163111,Health Care,23.76,5.55,Fairly Valued,0.1785,0.1719,0.0,13.6988
HBAN,32383412224,12.288463,12.4,3.85,0.98,0.47689998,0.083859995,0.52310002,0.0438671650616999,Financials,28.29,-15.89,Undervalued,0.1785,0.1719,0.0,13.6988
HII,12575401984,20.723377,20.537662337662336,1.75,0.287,0.3548,0.12198,0.6452,0.078701496,Industrials,17.83,2.71,Fairly Valued,0.1785,0.1719,0.0,13.6988
IBM,209570938880,19.732302,20.332743362831856,2.94,0.581,0.59470004,0.35772,0.40529996,0.1449839016911999,Information Technology,22.18,-1.85,Fairly Valued,0.1785,0.1719,0.0,13.6988
IEX,15848103936,31.62777,32.04135893648449,1.35,1.014,0.42009997,0.12748,0.57990003,0.0739256558244,Industrials,28.33,3.71,Fairly Valued,0.1785,0.1719,0.0,13.6988
IDXX,41498771456,38.653934,41.15429831006613,0.0,1.574,0.0,0.72915,1.0,0.72915,Health Care,30.5,10.65,Fairly Valued,0.1785,0.1719,0.0,13.6988
ITW,72296128512,23.31076,23.63265306122449,2.53,1.055,0.5877,0.96848,0.4123,0.399304304,Industrials,27.21,-3.58,Fairly Valued,0.1785,0.1719,0.0,13.6988
INCY,19976218624,14.122881,13.92090395480226,0.0,0.797,0.0,0.30823,1.0,0.30823,Health Care,22.75,-8.83,Fairly Valued,0.1785,0.1719,0.0,13.6988
IR,29342437376,50.662163,51.182432432432435,0.11,1.247,0.0541,0.057150003,0.9459,0.0540581878376999,Industrials,30.67,20.51,Overvalued,0.1785,0.1719,0.0,13.6988
PODD,10576714752,35.677567,36.018691588785046,0.0,1.197,0.0,0.22997999,1.0,0.22997999,Health Care,28.81,7.21,Fairly Valued,0.1785,0.1719,0.0,13.6988
IBKR,144334946304,36.43777,36.23175965665236,0.41,1.322,0.1373,0.2356,0.8627,0.20325212,Financials,31.12,5.11,Fairly Valued,0.1785,0.1719,0.0,13.6988
ICE,89056911360,22.922853,22.68122270742358,1.33,0.964,0.28530002,0.13853,0.71469998,0.0990073882293999,Financials,27.16,-4.48,Fairly Valued,0.1785,0.1719,0.0,13.6988
IFF,20135786496,24.417957,25.092879256965944,1.97,0.943,0.4954,0.060510002,0.5045999999999999,0.0305333470091999,Materials,27.83,-2.74,Fairly Valued,0.1785,0.1719,0.0,13.6988
INTU,108574203904,25.368662,25.76788036410923,1.17,1.035,0.2915,0.23457001,0.7085,0.166192852085,Information Technology,27.71,-1.94,Fairly Valued,0.1785,0.1719,0.0,13.6988
ISRG,148144553984,50.763958,54.61893203883495,0.0,1.509,0.0,0.17232999,1.0,0.17232999,Health Care,33.46,21.16,Overvalued,0.1785,0.1719,0.0,13.6988
IQV,28995553280,21.608221,22.227611940298512,0.0,1.179,0.0,0.22490999,1.0,0.22490999,Health Care,28.69,-6.46,Fairly Valued,0.1785,0.1719,0.0,13.6988
JBHT,22805082112,37.61081,38.164852255054434,0.73,1.286,0.2748,0.16676001,0.7252000000000001,0.120934359252,Industrials,31.5,6.66,Fairly Valued,0.1785,0.1719,0.0,13.6988
JBL,38730543104,49.475067,47.86388140161725,0.09,1.286,0.0431,0.59696996,0.9569,0.571240554724,Information Technology,27.57,20.29,Overvalued,0.1785,0.1719,0.0,13.6988
JKHY,10229536768,20.108242,20.36871508379888,1.61,0.629,0.32819998,0.24892001,0.67180002,0.1672244676964002,Financials,22.05,-1.68,Fairly Valued,0.1785,0.1719,0.0,13.6988
J,13857972224,34.61947,34.93510324483776,1.22,0.708,0.38939998,0.09380999,0.61060002,0.0572803817701998,Industrials,24.0,10.94,Fairly Valued,0.1785,0.1719,0.0,13.6988
JNJ,530803589120,25.550995,25.645422943221316,2.42,0.263,0.6025,0.26416,0.3974999999999999,0.1050035999999999,Health Care,17.88,7.77,Fairly Valued,0.1785,0.1719,0.0,13.6988
JCI,86563201024,43.521473,42.79754601226995,1.15,1.386,0.48009998,0.13449,0.51990002,0.0699213536898,Industrials,33.71,9.09,Fairly Valued,0.1785,0.1719,0.0,13.6988
JPM,804322279424,14.376197,14.468390804597703,1.99,1.023,0.2824,0.16465001,0.7176,0.118152847176,Financials,27.89,-13.42,Fairly Valued,0.1785,0.1719,0.0,13.6988
KVUE,33043347456,20.488094,20.94047619047619,4.72,0.521,0.98510003,0.15701,0.0148999699999999,0.0023394442896999,Consumer Staples,23.28,-2.34,Fairly Valued,0.1785,0.1719,0.0,13.6988
KDP,39000440832,21.233334,21.35555555555555,3.19,0.416,0.6815,0.06312,0.3185,0.02010372,Consumer Staples,20.87,0.49,Fairly Valued,0.1785,0.1719,0.0,13.6988
KEY,23169902592,13.11043,13.25153374233129,3.8,1.055,0.50310004,0.09977,0.49689996,0.0495757090092,Financials,29.39,-16.14,Undervalued,0.1785,0.1719,0.0,13.6988
KEYS,62972284928,64.530754,63.32161687170474,0.0,1.261,0.0,0.17222999,1.0,0.17222999,Information Technology,29.89,33.43,Overvalued,0.1785,0.1719,0.0,13.6988
KMB,31796566016,18.528046,19.015473887814313,5.21,0.31,0.97870004,1.11727,0.02129996,0.0237978063092,Consumer Staples,20.1,-1.08,Fairly Valued,0.1785,0.1719,0.0,13.6988
KMI,71739506688,21.640938,21.08053691275168,3.74,0.564,0.78519994,0.10597,0.2148000599999999,0.0227623623581999,Energy,23.24,-2.16,Fairly Valued,0.1785,0.1719,0.0,13.6988
KKR,91779170304,33.785713,34.87074829931973,0.73,1.852,0.2517,0.076630004,0.7483,0.0573422319932,Financials,40.0,-5.13,Fairly Valued,0.1785,0.1719,0.0,13.6988
KLAC,241384636416,52.303562,52.906594961788855,0.49,1.501,0.2152,0.94975996,0.7847999999999999,0.7453716166079999,Information Technology,29.34,23.57,Overvalued,0.1785,0.1719,0.0,13.6988
KR,40806117376,41.870132,42.62337662337662,2.13,0.457,0.8701,0.14405,0.1299,0.018712095,Consumer Staples,21.62,21.0,Overvalued,0.1785,0.1719,0.0,13.6988
LH,20840298496,22.531029,22.528368794326244,1.13,0.883,0.2551,0.11047,0.7449,0.082289103,Health Care,26.05,-3.52,Fairly Valued,0.1785,0.1719,0.0,13.6988
LRCX,370131501056,55.94896,55.58601134215501,0.35,1.819,0.1909,0.66762,0.8091,0.540171342,Information Technology,35.62,19.97,Overvalued,0.1785,0.1719,0.0,13.6988
LVS,34735448064,19.343172,19.59778597785978,2.07,0.842,0.3875,0.90455,0.6125,0.554036875,Consumer Discretionary,22.67,-3.07,Fairly Valued,0.1785,0.1719,0.0,13.6988
LDOS,16002426880,11.639524,11.903934126258006,1.32,0.57,0.1519,0.30579,0.8481,0.259340499,Industrials,20.22,-8.32,Fairly Valued,0.1785,0.1719,0.0,13.6988
LEN,21485832192,12.551799,12.716546762589926,2.26,1.422,0.2878,0.08076,0.7121999999999999,0.0575172719999999,Consumer Discretionary,34.09,-21.37,Undervalued,0.1785,0.1719,0.0,13.6988
LII,18182287360,23.200708,23.146092362344582,1.0,1.227,0.231,0.76791,0.769,0.59052279,Industrials,27.52,-4.37,Fairly Valued,0.1785,0.1719,0.0,13.6988
LLY,861876977664,34.309906,33.66879659211928,0.73,0.481,0.22129999,1.07459,0.77870001,0.8367832437459,Health Care,14.06,19.61,Overvalued,0.1785,0.1719,0.0,13.6988
LIN,232602304512,33.3393,32.68124585818423,1.3,0.74,0.4045,0.18229,0.5954999999999999,0.1085536949999999,Materials,24.17,8.51,Fairly Valued,0.1785,0.1719,0.0,13.6988
LMT,118228418560,24.807936,24.50459603289792,2.67,0.1,0.65379995,0.6764,0.34620005,0.23416971382,Industrials,14.75,9.75,Fairly Valued,0.1785,0.1719,0.0,13.6988
L,21235347456,13.12977,13.295165394402035,0.24,0.564,0.0318,0.09217,0.9682,0.089238994,Financials,21.02,-7.72,Fairly Valued,0.1785,0.1719,0.0,13.6988
LULU,14973004800,9.625566,9.89291101055807,0.0,0.899,0.0,0.34013,1.0,0.34013,Consumer Discretionary,24.03,-14.14,Undervalued,0.1785,0.1719,0.0,13.6988
MTB,30545510400,11.704826,11.904601571268238,2.83,0.591,0.32849997,0.102910005,0.67150003,0.0691040714448001,Financials,22.22,-10.32,Fairly Valued,0.1785,0.1719,0.0,13.6988
MPC,73011896320,16.475296,16.131093544137023,1.6,0.53,0.2515,0.27458,0.7484999999999999,0.2055231299999999,Energy,20.22,-4.09,Fairly Valued,0.1785,0.1719,0.0,13.6988
MRSH,77853171712,20.19875,20.40625,2.21,0.637,0.4394,0.27571,0.5606,0.154563026,Financials,22.52,-2.11,Fairly Valued,0.1785,0.1719,0.0,13.6988
MLM,35182542848,36.758312,37.03764115432873,0.56,1.136,0.2056,0.0947,0.7944,0.07522968,Materials,29.5,7.54,Fairly Valued,0.1785,0.1719,0.0,13.6988
MKC,12607267840,7.687623,7.921311475409836,3.97,0.67,0.3,0.25347,0.7,0.1774289999999999,Consumer Staples,22.54,-14.62,Undervalued,0.1785,0.1719,0.0,13.6988
MDT,95906201600,20.865921,21.27094972067039,3.73,0.632,0.79050004,0.0939,0.20949996,0.019672046244,Health Care,24.24,-2.97,Fairly Valued,0.1785,0.1719,0.0,13.6988
MRK,275805306880,31.456339,31.374647887323945,3.05,0.195,0.9352,0.18944,0.0647999999999999,0.0122757119999999,Health Care,18.17,13.2,Fairly Valued,0.1785,0.1719,0.0,13.6988
META,1521099341824,21.798107,22.176427791924336,0.34,1.243,0.0764,0.32930002,0.9236,0.304141498472,Communication Services,29.24,-7.06,Fairly Valued,0.1785,0.1719,0.0,13.6988
MET,50075467776,15.05319,15.102514506769824,3.04,0.775,0.4391,0.13014,0.5609,0.0729955259999999,Financials,25.05,-9.95,Fairly Valued,0.1785,0.1719,0.0,13.6988
MGM,9598259200,51.390408,53.136986301369866,0.0,1.285,0.0,0.13488,1.0,0.13488,Consumer Discretionary,30.54,22.6,Overvalued,0.1785,0.1719,0.0,13.6988
MU,911707537408,38.11608,35.20933521923621,0.08,1.919,0.0217,0.39823002,0.9783,0.389588428566,Information Technology,38.11,-2.9,Fairly Valued,0.1785,0.1719,0.0,13.6988
MSFT,3047886684160,24.466307,24.750149075730473,0.88,1.093,0.20729999,0.34013999,0.79270001,0.2696289734743999,Information Technology,27.64,-2.89,Fairly Valued,0.1785,0.1719,0.0,13.6988
MDLZ,78604296192,30.314358,30.468811881188117,3.25,0.404,0.97519994,0.101610005,0.02480006,0.0025199342206003,Consumer Staples,21.36,9.11,Fairly Valued,0.1785,0.1719,0.0,13.6988
MNST,83660718080,41.328506,41.69420289855073,0.0,0.501,0.0,0.26654,1.0,0.26654,Consumer Staples,18.44,23.25,Overvalued,0.1785,0.1719,0.0,13.6988
MCO,78091722752,32.047672,32.35268817204301,0.91,1.37,0.2762,0.71361,0.7238,0.5165109179999999,Financials,30.03,2.32,Fairly Valued,0.1785,0.1719,0.0,13.6988
MS,301766148096,17.32971,17.49003623188406,2.07,1.207,0.35549998,0.16388,0.64450002,0.1056206632775999,Financials,30.77,-13.28,Fairly Valued,0.1785,0.1719,0.0,13.6988
MOS,6944949760,12.8529415,13.05294117647059,3.97,0.797,0.5176,0.048249997,0.4824,0.0232757985528,Materials,25.92,-12.87,Fairly Valued,0.1785,0.1719,0.0,13.6988
MSI,65254522880,31.70242,30.96693548387097,1.26,0.935,0.371,0.99289,0.629,0.62452781,Information Technology,23.2,7.77,Fairly Valued,0.1785,0.1719,0.0,13.6988
NDAQ,49818488832,26.533133,26.78012048192771,1.26,0.99,0.32529998,0.162,0.67470002,0.10930140324,Financials,27.54,-0.76,Fairly Valued,0.1785,0.1719,0.0,13.6988
NTAP,23277043712,19.71896,19.798657718120804,1.76,1.267,0.349,1.12587,0.651,0.7329413699999999,Information Technology,27.64,-7.84,Fairly Valued,0.1785,0.1719,0.0,13.6988
NFLX,359328481280,27.52742,28.21838709677419,0.0,1.548,0.0,0.48494998,1.0,0.48494998,Communication Services,32.17,-3.95,Fairly Valued,0.1785,0.1719,0.0,13.6988
NEM,129186160640,15.695395,15.111543450064852,0.89,0.448,0.131,0.25832,0.869,0.22448008,Materials,18.64,-3.53,Fairly Valued,0.1785,0.1719,0.0,13.6988
NWSA,14718279680,34.044304,34.20253164556962,0.74,0.902,0.2532,0.06524,0.7468,0.048721232,Communication Services,26.48,7.72,Fairly Valued,0.1785,0.1719,0.0,13.6988
NWS,16948321280,39.20253,39.63291139240506,0.64,0.902,0.2532,0.06524,0.7468,0.048721232,Communication Services,26.45,13.18,Fairly Valued,0.1785,0.1719,0.0,13.6988
NEE,198806028288,24.1967,23.62944162436548,2.68,0.721,0.5895,0.10325,0.4105,0.0423841249999999,Utilities,24.83,-1.2,Fairly Valued,0.1785,0.1719,0.0,13.6988
NI,22689462272,23.544777,23.243781094527364,2.57,0.568,0.5672,0.091120005,0.4327999999999999,0.039436738164,Utilities,22.62,0.62,Fairly Valued,0.1785,0.1719,0.0,13.6988
NDSN,15628892160,30.32143,30.685064935064933,1.16,0.993,0.3463,0.17473,0.6537,0.1142210009999999,Industrials,27.59,3.1,Fairly Valued,0.1785,0.1719,0.0,13.6988
NSC,70049742848,26.298061,26.307757166947724,1.73,1.295,0.45490003,0.17615,0.54509997,0.0960193597155,Industrials,32.3,-5.99,Fairly Valued,0.1785,0.1719,0.0,13.6988
NTRS,29838870528,16.902515,16.81446540880503,1.99,1.286,0.3298,0.14462,0.6702,0.096924324,Financials,31.9,-15.09,Undervalued,0.1785,0.1719,0.0,13.6988
NOC,77977796608,17.194176,17.21014719699342,1.68,-0.113,0.2897,0.28511998,0.7102999999999999,0.2025207217939999,Industrials,11.08,6.13,Fairly Valued,0.1785,0.1719,0.0,13.6988
NCLH,7621228544,13.387097,13.774193548387096,0.0,1.921,0.0,0.29533002,1.0,0.29533002,Consumer Discretionary,39.04,-25.27,Undervalued,0.1785,0.1719,0.0,13.6988
NUE,52898435072,23.043652,22.569444444444443,0.98,1.884,0.2202,0.12285,0.7798,0.09579843,Materials,40.32,-17.75,Undervalued,0.1785,0.1719,0.0,13.6988
NVR,15947228160,14.437052,14.598675529055274,0.0,0.952,0.0,0.33257,1.0,0.33257,Consumer Discretionary,24.79,-10.19,Fairly Valued,0.1785,0.1719,0.0,13.6988
NXPI,76162949120,28.840345,28.178776290630974,1.38,1.776,0.38779998,0.25812998,0.61220002,0.1580271789185995,Information Technology,38.64,-10.46,Fairly Valued,0.1785,0.1719,0.0,13.6988
ODFL,40585011200,40.656246,41.31875,0.58,1.172,0.2359,0.23331,0.7641,0.1782721709999999,Industrials,29.39,11.93,Fairly Valued,0.1785,0.1719,0.0,13.6988
ON,41674985472,78.19117,75.88014705882352,0.0,1.938,0.0,0.074939996,1.0,0.074939996,Information Technology,39.66,36.22,Overvalued,0.1785,0.1719,0.0,13.6988
OKE,55001866240,15.561498,15.180035650623884,5.03,0.762,0.7415,0.15903,0.2584999999999999,0.0411092549999999,Energy,25.89,-10.71,Fairly Valued,0.1785,0.1719,0.0,13.6988
ORCL,555795873792,34.757195,35.242805755395686,1.02,1.544,0.35909998,0.57572,0.64090002,0.3689789595144,Information Technology,33.7,1.54,Fairly Valued,0.1785,0.1719,0.0,13.6988
PCAR,59201937408,23.934044,24.32127659574468,1.22,1.03,0.2809,0.13108,0.7191000000000001,0.094259628,Industrials,28.11,-3.79,Fairly Valued,0.1785,0.1719,0.0,13.6988
PKG,19849979904,27.068125,27.32238442822384,2.23,0.83,0.6075,0.16313,0.3924999999999999,0.0640285249999999,Materials,26.26,1.06,Fairly Valued,0.1785,0.1719,0.0,13.6988
PH,110314242048,32.320282,32.46509050609531,0.91,1.182,0.26569998,0.24841999,0.73430002,0.1824148036253998,Industrials,29.61,2.86,Fairly Valued,0.1785,0.1719,0.0,13.6988
PYPL,39748554752,8.454222,8.512195121951219,1.23,1.395,0.0525,0.25120002,0.9475,0.23801201895,Financials,31.89,-23.38,Undervalued,0.1785,0.1719,0.0,13.6988
PNR,12262627328,19.065327,19.30150753768844,1.38,1.097,0.2563,0.1761,0.7437,0.13096557,Industrials,28.77,-9.47,Fairly Valued,0.1785,0.1719,0.0,13.6988
PEP,203920244736,23.419151,24.27315541601256,3.83,0.394,0.8932,0.43879002,0.1068,0.046862774136,Consumer Staples,20.85,3.42,Fairly Valued,0.1785,0.1719,0.0,13.6988
PCG,35753119744,12.585272,12.45736434108527,1.24,0.289,0.1163,0.08826999,0.8837,0.078004190163,Utilities,17.38,-4.92,Fairly Valued,0.1785,0.1719,0.0,13.6988
PSX,70147588096,17.288538,16.952569169960476,2.96,0.693,0.48119998,0.14547,0.51880002,0.0754698389094,Energy,23.97,-7.02,Fairly Valued,0.1785,0.1719,0.0,13.6988
PNW,12094479360,18.619404,18.516791044776117,3.67,0.455,0.6735,0.09559,0.3265,0.031210135,Utilities,21.36,-2.84,Fairly Valued,0.1785,0.1719,0.0,13.6988
PNC,86420725760,12.497678,12.592915214866435,3.14,0.93,0.3893,0.12104,0.6107,0.073919128,Financials,27.14,-14.55,Undervalued,0.1785,0.1719,0.0,13.6988
POOL,6786598400,17.132015,17.27414903403864,2.77,1.154,0.4596,0.34241,0.5404,0.1850383639999999,Consumer Discretionary,29.74,-12.47,Fairly Valued,0.1785,0.1719,0.0,13.6988
PPG,24189108224,15.547277,15.601719197707736,2.59,1.053,0.4026,0.20748,0.5973999999999999,0.1239485519999999,Materials,28.57,-12.97,Fairly Valued,0.1785,0.1719,0.0,13.6988
PPL,27202052096,22.187117,22.030674846625764,3.17,0.619,0.6764,0.08316,0.3236,0.026910576,Utilities,23.71,-1.68,Fairly Valued,0.1785,0.1719,0.0,13.6988
PFG,21653080064,14.381636,14.41893830703013,3.26,0.897,0.4491,0.13385999,0.5509,0.073743468491,Financials,26.81,-12.39,Fairly Valued,0.1785,0.1719,0.0,13.6988
PG,332232884224,20.858917,21.40643274853801,2.91,0.398,0.618,0.31112,0.382,0.11884784,Consumer Staples,19.79,1.62,Fairly Valued,0.1785,0.1719,0.0,13.6988
PGR,114351726592,9.959034,9.872773536895677,7.16,0.295,0.70699996,0.37903,0.29300004,0.1110558051612,Financials,18.71,-8.84,Fairly Valued,0.1785,0.1719,0.0,13.6988
PRU,35022528512,10.384655,10.382080329557157,5.41,0.851,0.56130004,0.10711,0.43869996,0.0469891527155999,Financials,26.66,-16.28,Undervalued,0.1785,0.1719,0.0,13.6988
PEG,38597484544,17.136063,17.0641592920354,3.47,0.55,0.5664,0.13441,0.4336,0.0582801759999999,Utilities,22.27,-5.21,Fairly Valued,0.1785,0.1719,0.0,13.6988
PTC,16707336192,13.894814,14.087415946205573,0.0,0.978,0.0,0.344,1.0,0.344,Information Technology,25.09,-11.0,Fairly Valued,0.1785,0.1719,0.0,13.6988
PHM,22012602368,11.176015,11.368471953578336,0.88,1.242,0.0928,0.16178,0.9072,0.146766816,Consumer Discretionary,30.4,-19.03,Undervalued,0.1785,0.1719,0.0,13.6988
QCOM,249882329088,25.519915,23.58342303552207,1.68,1.493,0.38279998,0.36083,0.6172000200000001,0.2227042832166,Information Technology,34.12,-10.54,Fairly Valued,0.1785,0.1719,0.0,13.6988
DGX,20918859776,20.881216,20.706077348066295,1.84,0.595,0.36020002,0.14538999,0.63979998,0.0930205126942002,Health Care,22.14,-1.43,Fairly Valued,0.1785,0.1719,0.0,13.6988
RL,20937400320,23.487755,24.3843537414966,1.02,1.387,0.24229999,0.33846,0.75770001,0.2564511453845999,Consumer Discretionary,32.01,-7.63,Fairly Valued,0.1785,0.1719,0.0,13.6988
RJF,29504319488,14.296034,14.573182247403212,1.4,0.995,0.19639999,0.17289,0.80360001,0.1389344057289,Financials,27.14,-12.57,Fairly Valued,0.1785,0.1719,0.0,13.6988
RTX,241137123328,33.531834,32.97565543071161,1.57,0.301,0.5103,0.11571,0.4897,0.056663187,Industrials,18.47,14.51,Overvalued,0.1785,0.1719,0.0,13.6988
REGN,73693454336,17.161133,17.453369140625,0.53,0.296,0.0874,0.14548,0.9126,0.132765048,Health Care,16.96,0.49,Fairly Valued,0.1785,0.1719,0.0,13.6988
RF,22835752960,11.103402,11.46473029045643,3.84,1.033,0.4336,0.11895,0.5664,0.06737328,Financials,28.77,-17.31,Undervalued,0.1785,0.1719,0.0,13.6988
RSG,60462354432,28.261494,28.73850574712644,1.25,0.438,0.3522,0.18346001,0.6477999999999999,0.118845394478,Industrials,19.66,9.08,Fairly Valued,0.1785,0.1719,0.0,13.6988
RMD,28854616064,19.163776,19.919075144508668,1.16,0.845,0.22469999,0.25246,0.77530001,0.1957322405246,Health Care,24.67,-4.75,Fairly Valued,0.1785,0.1719,0.0,13.6988
RVTY,11104306176,47.75,48.55769230769231,0.28,1.051,0.1349,0.03227,0.8651,0.027916777,Health Care,28.31,20.25,Overvalued,0.1785,0.1719,0.0,13.6988
HOOD,72801337344,39.245148,37.39320388349515,0.0,2.294,0.0,0.21461001,1.0,0.21461001,Financials,44.69,-7.3,Fairly Valued,0.1785,0.1719,0.0,13.6988
ROK,50723676160,47.385136,47.181912681912685,1.22,1.557,0.55869997,0.27183,0.4413000299999999,0.1199585871549,Industrials,35.91,11.27,Fairly Valued,0.1785,0.1719,0.0,13.6988
ROL,25368317952,48.339447,49.21788990825688,1.36,0.792,0.6388,0.38671002,0.3611999999999999,0.1396796592239999,Industrials,25.13,24.09,Overvalued,0.1785,0.1719,0.0,13.6988
ROP,33107959808,20.504375,21.4575,1.06,0.803,0.21139999,0.09012,0.78860001,0.0710686329012,Information Technology,24.89,-3.43,Fairly Valued,0.1785,0.1719,0.0,13.6988
ROST,69018296320,32.233383,34.110271903323266,0.79,0.875,0.2451,0.36678,0.7549,0.276882222,Consumer Discretionary,24.55,9.56,Fairly Valued,0.1785,0.1719,0.0,13.6988
RCL,70857113600,16.129427,16.803418803418804,1.82,1.777,0.2593,0.49576,0.7407,0.367209432,Consumer Discretionary,37.07,-20.27,Undervalued,0.1785,0.1719,0.0,13.6988
SPGI,124468002816,26.613924,26.589873417721517,0.92,1.105,0.24350001,0.13939999,0.75649999,0.1054560910410001,Financials,29.0,-2.41,Fairly Valued,0.1785,0.1719,0.0,13.6988
CRM,144550100992,22.653845,23.31025641025641,0.97,1.139,0.2133,0.123959996,0.7867,0.0975193288532,Information Technology,29.48,-6.17,Fairly Valued,0.1785,0.1719,0.0,13.6988
SLB,81996439552,24.160793,23.46696035242291,2.22,0.731,0.5066,0.14066,0.4933999999999999,0.069401644,Energy,24.59,-1.12,Fairly Valued,0.1785,0.1719,0.0,13.6988
SRE,61120020480,31.802721,31.13265306122449,2.87,0.604,0.8818,0.05689,0.1181999999999999,0.0067243979999999,Utilities,24.01,7.12,Fairly Valued,0.1785,0.1719,0.0,13.6988
NOW,93720117248,54.092262,54.27380952380953,0.0,0.819,0.0,0.1607,1.0,0.1607,Information Technology,23.67,30.6,Overvalued,0.1785,0.1719,0.0,13.6988
SHW,76989775872,29.957773,30.404990403071015,1.01,1.155,0.3045,0.60723,0.6955,0.422328465,Materials,27.69,2.71,Fairly Valued,0.1785,0.1719,0.0,13.6988
SPG,76231368704,14.133381,14.26393789696542,4.28,1.363,0.6034,1.04109,0.3965999999999999,0.412896294,Real Estate,31.83,-17.57,Undervalued,0.1785,0.1719,0.0,13.6988
SNA,19163082752,19.09809,19.308208569953536,2.61,0.744,0.4729,0.18202,0.5271,0.095942742,Industrials,24.52,-5.21,Fairly Valued,0.1785,0.1719,0.0,13.6988
SOLV,12705829888,8.980416,8.981640146878824,0.0,0.655,0.0,0.34794998,1.0,0.34794998,Health Care,20.53,-11.55,Fairly Valued,0.1785,0.1719,0.0,13.6988
SO,105109553152,23.846546,23.478260869565215,3.31,0.357,0.75699997,0.109910004,0.24300003,0.0267081342693001,Utilities,20.15,3.33,Fairly Valued,0.1785,0.1719,0.0,13.6988
LUV,19602270208,26.736666,27.540000000000003,1.74,1.113,0.48,0.10062,0.52,0.0523224,Industrials,30.06,-2.52,Fairly Valued,0.1785,0.1719,0.0,13.6988
STT,41647902720,15.277156,15.176649746192895,2.25,1.46,0.333,0.11261,0.667,0.07511087,Financials,34.6,-19.42,Undervalued,0.1785,0.1719,0.0,13.6988
STLD,34018353152,25.282959,25.19828510182208,0.9,1.493,0.2176,0.15247,0.7824,0.119292528,Materials,34.4,-9.2,Fairly Valued,0.1785,0.1719,0.0,13.6988
STE,19842871296,28.15808,28.89275766016713,1.21,0.954,0.33470002,0.10468,0.66529998,0.0696436019064,Health Care,27.31,1.58,Fairly Valued,0.1785,0.1719,0.0,13.6988
SYK,108273475584,32.68324,33.00231213872833,1.23,0.81,0.39810002,0.152,0.60189998,0.09148879696,Health Care,25.26,7.74,Fairly Valued,0.1785,0.1719,0.0,13.6988
SMCI,20602535936,18.057896,18.61578947368421,0.0,1.684,0.0,0.17877,1.0,0.17877,Information Technology,36.31,-17.69,Undervalued,0.1785,0.1719,0.0,13.6988
SYF,23710738432,7.2971015,7.571428571428571,1.64,1.362,0.1242,0.2178,0.8758,0.19074924,Financials,31.9,-24.33,Undervalued,0.1785,0.1719,0.0,13.6988
SNPS,98604638208,79.06912,79.33640552995392,0.0,1.245,0.0,0.055430003,1.0,0.055430003,Information Technology,30.12,49.22,Overvalued,0.1785,0.1719,0.0,13.6988
SYY,34759094272,20.191668,20.12222222222222,3.04,0.662,0.6,0.81894994,0.4,0.327579976,Consumer Staples,22.12,-2.0,Fairly Valued,0.1785,0.1719,0.0,13.6988
TMUS,205359153152,20.165781,20.577045696068012,2.11,0.32,0.4038,0.18024999,0.5962000000000001,0.107465044038,Communication Services,18.23,2.35,Fairly Valued,0.1785,0.1719,0.0,13.6988
TROW,22515136512,11.274678,11.301502145922749,4.94,1.532,0.5483,0.18688999,0.4517,0.084418208483,Financials,36.26,-24.96,Undervalued,0.1785,0.1719,0.0,13.6988
TPR,27155820544,40.977135,40.69512195121951,1.2,1.469,0.47259998,0.60914004,0.52740002,0.3212604692788007,Consumer Discretionary,33.17,7.53,Fairly Valued,0.1785,0.1719,0.0,13.6988
TRGP,54721318912,26.014286,25.318367346938775,1.71,0.744,0.4086,0.74097997,0.5913999999999999,0.4382155542579999,Energy,22.0,3.32,Fairly Valued,0.1785,0.1719,0.0,13.6988
TGT,53949329408,14.610702,15.405904059040587,3.64,1.011,0.556,0.24034001,0.4439999999999999,0.1067109644399999,Consumer Staples,28.49,-13.08,Fairly Valued,0.1785,0.1719,0.0,13.6988
TEL,60153888768,21.05005,21.062308478038815,1.41,1.177,0.2901,0.22719999,0.7099,0.1612892729009999,Information Technology,29.78,-8.72,Fairly Valued,0.1785,0.1719,0.0,13.6988
TDY,29295867904,32.001125,31.446356275303643,0.0,0.969,0.0,0.09049,1.0,0.09049,Information Technology,26.52,4.93,Fairly Valued,0.1785,0.1719,0.0,13.6988
TER,57185632256,67.64907,66.62407407407407,0.14,1.793,0.090900004,0.2875,0.909099996,0.26136624885,Information Technology,36.98,29.64,Overvalued,0.1785,0.1719,0.0,13.6988
TXN,268586582016,50.534245,49.280821917808225,1.97,1.298,0.9504,0.32347,0.0495999999999999,0.0160441119999999,Information Technology,33.61,15.67,Overvalued,0.1785,0.1719,0.0,13.6988
TPL,27779106816,55.246227,54.07407407407407,0.61,0.677,0.3018,0.36466,0.6981999999999999,0.254605612,Energy,21.92,32.15,Overvalued,0.1785,0.1719,0.0,13.6988
TXT,15948226560,17.502863,17.36832061068702,0.09,0.934,0.0153,0.12254,0.9847,0.120665138,Industrials,25.99,-8.62,Fairly Valued,0.1785,0.1719,0.0,13.6988
TMO,167887470592,24.84984,25.57755775577558,0.38,0.883,0.0968,0.13523,0.9032,0.1221397359999999,Health Care,25.37,0.21,Fairly Valued,0.1785,0.1719,0.0,13.6988
TJX,164036476928,30.39754,31.426229508196723,1.25,0.637,0.3388,0.59129,0.6612,0.390960948,Consumer Discretionary,20.57,10.86,Fairly Valued,0.1785,0.1719,0.0,13.6988
TTD,10048566272,24.289772,26.204545454545453,0.0,1.096,0.0,0.16735001,1.0,0.16735001,Communication Services,27.86,-1.66,Fairly Valued,0.1785,0.1719,0.0,13.6988
TSCO,15841000448,14.879311,15.098522167487683,3.13,0.503,0.45810002,0.45504,0.54189998,0.2465861668992,Consumer Discretionary,20.07,-4.97,Fairly Valued,0.1785,0.1719,0.0,13.6988
TT,105177088000,36.32023,35.58549618320611,0.9,1.257,0.2956,0.36630002,0.7044,0.258021734088,Industrials,30.22,5.37,Fairly Valued,0.1785,0.1719,0.0,13.6988
TRV,63004495872,8.844478,8.896716417910449,1.68,0.512,0.1313,0.25272,0.8687,0.219537864,Financials,19.65,-10.75,Fairly Valued,0.1785,0.1719,0.0,13.6988
TRMB,13433051136,30.170158,31.82251308900524,0.0,1.453,0.0,0.08252,1.0,0.08252,Information Technology,33.5,-1.68,Fairly Valued,0.1785,0.1719,0.0,13.6988
TFC,59864485888,11.893564,12.155940594059404,4.24,0.906,0.5149,0.08579001,0.4851,0.0416167338509999,Financials,27.35,-15.19,Undervalued,0.1785,0.1719,0.0,13.6988
TYL,13125675008,42.993786,44.83149171270718,0.0,0.864,0.0,0.08930001,1.0,0.08930001,Information Technology,24.86,19.97,Overvalued,0.1785,0.1719,0.0,13.6988
USB,84887519232,11.464361,11.641509433962266,3.71,1.016,0.4319,0.123500004,0.5681,0.0701603522724,Financials,28.5,-16.86,Undervalued,0.1785,0.1719,0.0,13.6988
UBER,155886174208,19.002481,18.722084367245657,0.0,1.158,0.0,0.3531,1.0,0.3531,Industrials,27.55,-8.83,Fairly Valued,0.1785,0.1719,0.0,13.6988
ULTA,22454822912,20.008183,20.329306313328136,0.0,0.891,0.0,0.43595,1.0,0.43595,Consumer Discretionary,23.18,-2.85,Fairly Valued,0.1785,0.1719,0.0,13.6988
UNP,157141041152,21.78395,21.781893004115226,2.09,0.994,0.45099998,0.40686,0.54900002,0.2233661481372,Industrials,27.16,-5.38,Fairly Valued,0.1785,0.1719,0.0,13.6988
UAL,31465445376,8.671297,8.906976744186046,0.0,1.206,0.0,0.25726998,1.0,0.25726998,Industrials,28.95,-20.04,Undervalued,0.1785,0.1719,0.0,13.6988
URI,58963251200,24.028723,23.92136839417922,0.84,1.831,0.1876,0.28237,0.8124,0.229397388,Industrials,38.48,-14.56,Undervalued,0.1785,0.1719,0.0,13.6988
UNH,347574108160,28.863499,28.65610859728507,2.33,0.646,0.6657,0.121759996,0.3343,0.0407043666628,Health Care,23.92,4.74,Fairly Valued,0.1785,0.1719,0.0,13.6988
UHS,10197954560,7.0338206,7.096450939457203,0.47,1.13,0.0334,0.21369,0.9666,0.206552754,Health Care,28.29,-21.19,Undervalued,0.1785,0.1719,0.0,13.6988
VLO,73124151296,17.988678,17.60847333820307,1.99,0.571,0.3353,0.1585,0.6647000000000001,0.10535495,Energy,21.67,-4.06,Fairly Valued,0.1785,0.1719,0.0,13.6988
VEEV,25899634688,29.172792,30.57720588235294,0.0,0.924,0.0,0.13933,1.0,0.13933,Health Care,25.56,5.02,Fairly Valued,0.1785,0.1719,0.0,13.6988
VLTO,21173112832,22.21907,22.38144329896907,0.6,0.927,0.1237,0.36463,0.8763,0.319525269,Industrials,24.75,-2.37,Fairly Valued,0.1785,0.1719,0.0,13.6988
VZ,196334632960,11.467073,11.517073170731708,5.99,0.224,0.67440003,0.17198,0.3255999699999999,0.0559966828405999,Communication Services,17.97,-6.45,Fairly Valued,0.1785,0.1719,0.0,13.6988
VRTX,110174396416,25.762016,25.508605341246287,0.0,0.301,0.0,0.24197,1.0,0.24197,Health Care,15.92,9.59,Fairly Valued,0.1785,0.1719,0.0,13.6988
VRT,142089535488,92.944725,85.41959798994975,0.07,2.099,0.050300002,0.45097,0.949699998,0.42828620809806,Industrials,39.48,45.94,Overvalued,0.1785,0.1719,0.0,13.6988
VICI,30962812928,9.847602,9.876712328767123,6.18,0.696,0.6104,0.11331,0.3895999999999999,0.0441455759999999,Real Estate,24.6,-14.72,Undervalued,0.1785,0.1719,0.0,13.6988
V,615223590912,28.17988,27.769163763066203,0.84,0.784,0.2197,0.60349,0.7803,0.4709032469999999,Financials,21.85,5.92,Fairly Valued,0.1785,0.1719,0.0,13.6988
VST,51387445248,25.499165,24.702341137123742,0.62,1.447,0.1515,0.42898,0.8485,0.36398953,Utilities,31.93,-7.23,Fairly Valued,0.1785,0.1719,0.0,13.6988
VMC,36609691648,33.469154,33.65599051008304,0.73,1.091,0.2358,0.13458,0.7642,0.102846036,Materials,28.77,4.89,Fairly Valued,0.1785,0.1719,0.0,13.6988
WRB,24681949184,14.046612,13.915254237288138,0.55,0.332,0.0763,0.20164,0.9237,0.186254868,Financials,17.13,-3.21,Fairly Valued,0.1785,0.1719,0.0,13.6988
GWW,57705762816,32.917854,33.15970913008349,0.75,1.042,0.24309999,0.46129,0.7569000100000001,0.3491504056129,Industrials,26.42,6.74,Fairly Valued,0.1785,0.1719,0.0,13.6988
WAB,45307244544,37.768032,37.58274398868458,0.4,0.97,0.1499,0.11305001,0.8501,0.096103813501,Industrials,26.85,10.73,Fairly Valued,0.1785,0.1719,0.0,13.6988
WMT,1009326686208,46.382782,47.77655677655678,0.76,0.652,0.3443,0.21847,0.6557,0.143250779,Consumer Staples,22.47,25.31,Overvalued,0.1785,0.1719,0.0,13.6988
DIS,181778022400,16.7488,17.2832,1.39,1.416,0.2,0.1101,0.8,0.08808,Communication Services,33.53,-16.25,Undervalued,0.1785,0.1719,0.0,13.6988
WM,85724372992,30.89291,31.167872648335745,1.59,0.495,0.49490002,0.29936,0.50509998,0.1512067300128,Industrials,20.6,10.57,Fairly Valued,0.1785,0.1719,0.0,13.6988
WAT,34145882112,44.31083,45.23949044585987,0.0,1.141,0.0,0.05212,1.0,0.05212,Health Care,29.07,16.17,Overvalued,0.1785,0.1719,0.0,13.6988
WEC,36670197760,22.561123,22.376753507014023,3.41,0.493,0.7275,0.11679,0.2724999999999999,0.031825275,Utilities,22.0,0.38,Fairly Valued,0.1785,0.1719,0.0,13.6988
WFC,225750171648,11.4018545,11.690880989180837,2.38,0.96,0.2705,0.12028,0.7295,0.08774426,Financials,27.18,-15.49,Undervalued,0.1785,0.1719,0.0,13.6988
WST,22773956608,42.98133,43.456,0.27,1.17,0.115,0.19131,0.885,0.16930935,Health Care,29.1,14.36,Overvalued,0.1785,0.1719,0.0,13.6988
WDC,177976623104,30.919159,28.742814371257484,0.13,2.158,0.0269,0.85920995,0.9731,0.836097202345,Information Technology,39.02,-10.28,Fairly Valued,0.1785,0.1719,0.0,13.6988
WSM,20811018240,20.016987,20.622876557191393,1.67,1.49,0.29860002,0.51523995,0.7013999799999999,0.361389290625201,Consumer Discretionary,32.98,-12.36,Fairly Valued,0.1785,0.1719,0.0,13.6988
WMB,90471292928,32.445175,31.561403508771928,2.92,0.633,0.8882,0.19656,0.1118,0.021975408,Energy,24.33,7.23,Fairly Valued,0.1785,0.1719,0.0,13.6988
WTW,23589326848,14.665883,15.053435114503817,1.5,0.453,0.2184,0.20611,0.7816,0.161095576,Financials,19.35,-4.3,Fairly Valued,0.1785,0.1719,0.0,13.6988
WDAY,30231926784,46.74904,49.35521235521236,0.0,1.035,0.0,0.08231,1.0,0.08231,Information Technology,27.32,22.04,Overvalued,0.1785,0.1719,0.0,13.6988
XEL,50194395136,23.171469,22.878962536023053,2.99,0.421,0.6635,0.0959,0.3365,0.03227035,Utilities,20.81,2.07,Fairly Valued,0.1785,0.1719,0.0,13.6988
XYL,26644252672,27.953863,28.361596009975067,1.51,1.077,0.4055,0.08724,0.5945,0.05186418,Industrials,29.36,-1.0,Fairly Valued,0.1785,0.1719,0.0,13.6988
ZBRA,10698703872,26.588018,27.6320293398533,0.0,1.624,0.0,0.116809994,1.0,0.116809994,Information Technology,35.77,-8.14,Fairly Valued,0.1785,0.1719,0.0,13.6988
ZBH,15453782016,20.6943,21.32901554404145,1.17,0.473,0.24870001,0.060650002,0.75129999,0.0455663458960999,Health Care,20.45,0.88,Fairly Valued,0.1785,0.1719,0.0,13.6988
ZTS,32188336128,12.586885,13.578688524590165,2.56,0.863,0.3328,0.67748,0.6672,0.452014656,Health Care,23.57,-9.99,Fairly Valued,0.1785,0.1719,0.0,13.6988
